genre,count,share,count_rules_only,share_rules_only,tokyo23_count,tokyo23_share,LQ
居酒屋,101,0.1014,87,0.118,7390,0.0741,1.59
バー,98,0.0984,90,0.1221,15372,0.1542,0.79
中華,70,0.0703,60,0.0814,6919,0.0694,1.17
カフェ・喫茶,67,0.0673,57,0.0773,15396,0.1544,0.5
焼肉・ホルモン,55,0.0552,48,0.0651,4475,0.0449,1.45
ラーメン,47,0.0472,42,0.057,3847,0.0386,1.48
イタリアン,35,0.0351,32,0.0434,5401,0.0542,0.8
焼き鳥・やきとん,34,0.0341,21,0.0285,2039,0.0204,1.39
スイーツ・和菓子,31,0.0311,26,0.0353,3208,0.0322,1.1
すし,28,0.0281,26,0.0353,4902,0.0492,0.72
海鮮・魚料理,25,0.0251,22,0.0299,2335,0.0234,1.27
和食・割烹,19,0.0191,17,0.0231,994,0.01,2.31
スナック・パブ,17,0.0171,10,0.0136,1675,0.0168,0.81
パン,17,0.0171,16,0.0217,3236,0.0325,0.67
ハンバーガー・ファストフード,17,0.0171,15,0.0204,1515,0.0152,1.34
定食・食堂,16,0.0161,13,0.0176,1737,0.0174,1.01
惣菜・弁当,16,0.0161,13,0.0176,1283,0.0129,1.37
韓国料理,15,0.0151,13,0.0176,1193,0.012,1.47
そば・うどん,13,0.0131,12,0.0163,2649,0.0266,0.61
インド・ネパール料理,12,0.012,8,0.0109,1248,0.0125,0.87
フレンチ・ビストロ,12,0.012,11,0.0149,2447,0.0245,0.61
牛丼・丼,11,0.011,10,0.0136,1261,0.0126,1.07
その他アジア料理,11,0.011,9,0.0122,351,0.0035,3.47
とんかつ・揚げ物,11,0.011,7,0.0095,1112,0.0112,0.85
ステーキ・ハンバーグ,10,0.01,10,0.0136,1126,0.0113,1.2
タイ料理,9,0.009,9,0.0122,683,0.0068,1.78
洋食,9,0.009,9,0.0122,1025,0.0103,1.19
沖縄・郷土料理,9,0.009,7,0.0095,242,0.0024,3.91
お好み焼き・もんじゃ・たこ焼き,8,0.008,7,0.0095,656,0.0066,1.44
その他各国料理,7,0.007,7,0.0095,549,0.0055,1.73
鍋・しゃぶしゃぶ,7,0.007,5,0.0068,697,0.007,0.97
串かつ・串揚げ,4,0.004,3,0.0041,397,0.004,1.02
うなぎ,4,0.004,3,0.0041,250,0.0025,1.62
カレー,4,0.004,3,0.0041,889,0.0089,0.46
ファミリーレストラン,4,0.004,4,0.0054,535,0.0054,1.01
ベトナム料理,3,0.003,3,0.0041,325,0.0033,1.25
天ぷら・天丼,3,0.003,2,0.0027,358,0.0036,0.76
その他飲食（判定不能）,137,0.1376,164,,36120,,
