jff_idx,name,name_kana,address,category,lat,lng,dist_m,status,overture_id,overture_name,match_dist_m,match_reason,dup_of,name_genre,licenses,attributions
0,Ｃａｆｅ Ａｒｔｅｍｉｓ,Cafe Artemis,東京都江東区大島二丁目6-21,bakery,35.69246,139.821705,696,matched,8ad9249d-d4b4-44fa-b39b-61f9762e1d11,Cafe Artemis,8,店名完全一致,,カフェ・喫茶,CC BY 4.0|CDLA-Permissive-2.0,"Overture Maps Foundation, overturemaps.org|東京都江東区食品等営業許可・届出一覧"
1,れんげ食堂Ｔｏｓｈｕ　西大島店,レンゲショクドウトウシュウ　ニシオオジマテン,東京都江東区大島一丁目３０番５号,restaurant,35.689228,139.8259365,900,matched,136d7ad3-3819-43f9-849c-0338c6158e57,れんげ食堂Toshu,4,店名完全一致,,定食・食堂,"CC BY 4.0|CC0-1.0|公共データ利用規約（第1.0版, PDL1.0）","Overture Maps Foundation, overturemaps.org|厚生労働省 食品衛生申請等システム（オープンデータ）|東京都江東区食品等営業許可・届出一覧"
2,ちよだ鮨西大島店,チヨダズシニシオオジマテン,東京都江東区大島二丁目41-15,restaurant,35.689979,139.826087,816,matched,9c6559d3-15f2-49c5-ba55-ee4e350b58c2,ちよだ鮨西大島店,5,店名完全一致,,すし,"Apache-2.0|CC BY 4.0|公共データ利用規約（第1.0版, PDL1.0）","Overture Maps Foundation, overturemaps.org / Copyright 2024 Foursquare Labs, Inc. (https://opensource.foursquare.com/places-notice-txt/)|厚生労働省 食品衛生申請等システム（オープンデータ）|東京都江東区食品等営業許可・届出一覧"
3,とんかつ梅乃,トンカツウメノ,東京都江東区大島二丁目38-16,restaurant,35.690317,139.826065,779,matched,201a6f88-cc06-4fb2-8ed8-2c86418ebd1e,梅乃,5,近接・包含,,とんかつ・揚げ物,CC BY 4.0,東京都江東区食品等営業許可・届出一覧
4,セブン－イレブン 江東西大島駅西店,セブイーンレブン コウトウニシオオジマエキニシテン,東京都江東区大島一丁目8-17,restaurant,35.689085,139.822962,971,nonfood,,,,,,,CC BY 4.0,東京都江東区食品等営業許可・届出一覧
5,美人堂,ビジンドウ,東京都江東区大島二丁目17-21階,unknown,35.689984,139.822511,893,uncertain,,,,,,,CC BY 4.0,東京都江東区食品等営業許可・届出一覧
6,ヒューレットパッカードヤマザキ,ヒューレットパッカードヤマザキ,東京都江東区大島2丁目2番1号,convenience_store,35.69086,139.821014,876,nonfood,,,,,,,"Apache-2.0|公共データ利用規約（第1.0版, PDL1.0）","Overture Maps Foundation, overturemaps.org / Copyright 2024 Foursquare Labs, Inc. (https://opensource.foursquare.com/places-notice-txt/)|厚生労働省 食品衛生申請等システム（オープンデータ）"
7,ナポリの窯 大島店,ナポリノカマ オオジマテン,東京都江東区大島一丁目30-4,restaurant,35.689161,139.825447,911,matched,7618aebe-ec93-4e74-912d-9be05f533464,ナポリの窯大島店,9,店名完全一致,,,Apache-2.0|CC BY 4.0,"Overture Maps Foundation, overturemaps.org / Copyright 2024 Foursquare Labs, Inc. (https://opensource.foursquare.com/places-notice-txt/)|東京都江東区食品等営業許可・届出一覧"
8,焼肉牛星　西大島店,ヤキニクギュウセイ　ニシオオジマテン,東京都江東区大島一丁目28番7号 岩楯ビル1階,restaurant,35.688924,139.825263,940,matched,2ac7d80e-bed4-4410-b76f-afdd32b2c976,焼肉牛星西大島店,19,店名完全一致,,焼肉・ホルモン,"CC BY 4.0|CDLA-Permissive-2.0|公共データ利用規約（第1.0版, PDL1.0）","Overture Maps Foundation, overturemaps.org|厚生労働省 食品衛生申請等システム（オープンデータ）|東京都江東区食品等営業許可・届出一覧"
9,長春飯店,チョウシュンハンテン,東京都江東区大島二丁目41-13-201,restaurant,35.690203,139.826059,791,added,,,,,,中華,CC BY 4.0,東京都江東区食品等営業許可・届出一覧
10,マミー保育園西大島,マミーホイクエンニシオオジマ,東京都江東区大島二丁目36-15,unknown,35.691687,139.825259,636,nonfood,,,,,,,CC BY 4.0,東京都江東区食品等営業許可・届出一覧
11,大吉本店,ダイキチホンテン,東京都江東区大島二丁目35-8,restaurant,35.692132,139.825927,578,matched,280090c3-bdba-4c31-8ac5-2e19f5dbf1e1,大吉本店,9,類似度1.00,,,CC BY 4.0|CDLA-Permissive-2.0,"Overture Maps Foundation, overturemaps.org|東京都江東区食品等営業許可・届出一覧"
12,株式会社吉野工業所,カブシキガイシャヨシノコウギョウショ,東京都江東区大島三丁目2-6,unknown,35.691168,139.826549,683,nonfood,,,,,,,Apache-2.0|CC BY 4.0,"Overture Maps Foundation, overturemaps.org / Copyright 2024 Foursquare Labs, Inc. (https://opensource.foursquare.com/places-notice-txt/)|東京都江東区食品等営業許可・届出一覧"
13,おかや,オカヤ,東京都江東区大島二丁目35-81F,unknown,35.692132,139.825927,578,matched,2ce4ed88-2571-41e7-a303-ce6dfcfec2ef,おかや,8,類似度1.00,,,CC BY 4.0|CDLA-Permissive-2.0,"Overture Maps Foundation, overturemaps.org|東京都江東区食品等営業許可・届出一覧"
14,ｂａｒ　久,バー　キュウ,東京都墨田区江東橋四丁目１３番１４号 プラザＧ５ビル３Ｃ,restaurant,35.694136,139.816844,947,added,,,,,,バー,"公共データ利用規約（第1.0版, PDL1.0）",厚生労働省 食品衛生申請等システム（オープンデータ）
15,Ｂａｒ　ＪｏｙｎＴ,バー　ジョイント,東京都墨田区江東橋四丁目16番4号 かつらぎビル401号,restaurant,35.694763,139.816887,920,matched,627da3a1-e808-492c-8c08-5833858b5e36,ジョイント,7,店名完全一致,,バー,"公共データ利用規約（第1.0版, PDL1.0）",厚生労働省 食品衛生申請等システム（オープンデータ）
16,２９,ニジュウキュウ,東京都墨田区江東橋四丁目１６番５号 ＳＫビル６０２号,restaurant,35.694734,139.817168,897,added,,,,,,,"公共データ利用規約（第1.0版, PDL1.0）",厚生労働省 食品衛生申請等システム（オープンデータ）
17,Bar Luxuria,バー　ルクスリア,東京都墨田区江東橋四丁目１３番６号 夕月ビル２０２,restaurant,35.6944,139.81716,910,added,,,,,,バー,"公共データ利用規約（第1.0版, PDL1.0）",厚生労働省 食品衛生申請等システム（オープンデータ）
18,ひまわり,ヒマワリ,東京都墨田区江東橋四丁目１３番１２号 ホテルサンシャイン１Ｆ,restaurant,35.694078,139.817199,920,added,,,,,,,"公共データ利用規約（第1.0版, PDL1.0）",厚生労働省 食品衛生申請等システム（オープンデータ）
19,ぽっちゃりＡＳＫ,ポッチャリアスク,東京都墨田区江東橋四丁目１６番５号 ＳＫビル５階（５０２号室）,restaurant,35.694735,139.817087,904,added,,,,,,,"公共データ利用規約（第1.0版, PDL1.0）",厚生労働省 食品衛生申請等システム（オープンデータ）
20,ホテル　スリーファイブ,ホテル　スリーファイブ,東京都墨田区江東橋四丁目１２番９号,restaurant,35.694122,139.816555,972,nonfood,,,,,,,"公共データ利用規約（第1.0版, PDL1.0）",厚生労働省 食品衛生申請等システム（オープンデータ）
21,ＳＮＡＣＫ　秘密の部屋,スナック　ヒミツノヘヤ,東京都墨田区江東橋四丁目１３番１４号 プラザＧ５ビル４階４Ｃ,restaurant,35.694123,139.816837,949,added,,,,,,スナック・パブ,"公共データ利用規約（第1.0版, PDL1.0）",厚生労働省 食品衛生申請等システム（オープンデータ）
22,ＳＮＡＣＫ　ＡＫＡＮＥ,スナック　アカネ,東京都墨田区江東橋四丁目１３番１号 サニーハイツ１階（１０２号室）,restaurant,35.694068,139.816764,957,added,,,,,,スナック・パブ,"公共データ利用規約（第1.0版, PDL1.0）",厚生労働省 食品衛生申請等システム（オープンデータ）
23,ラウンジ　あまやどり,ラウンジ　アマヤドリ,東京都墨田区江東橋四丁目１３番１号 サニーハイツ１階,restaurant,35.694068,139.816764,957,added,,,,,,スナック・パブ,"公共データ利用規約（第1.0版, PDL1.0）",厚生労働省 食品衛生申請等システム（オープンデータ）
24,ＰＵＢ　ＭＩＮＥ＆Ｒｅｓｔｏ　Ｂａｒ,パブマインアンドレストバー,東京都墨田区江東橋四丁目１６番５号 ＳＫビル３階３０１号室,restaurant,35.694735,139.817087,904,added,,,,,,バー,"公共データ利用規約（第1.0版, PDL1.0）",厚生労働省 食品衛生申請等システム（オープンデータ）
25,ホテル　グランスカイ,ホテル　グランスカイ,東京都墨田区江東橋四丁目5番16号,restaurant,35.693716,139.817822,886,nonfood,,,,,,,"公共データ利用規約（第1.0版, PDL1.0）",厚生労働省 食品衛生申請等システム（オープンデータ）
26,カプセルホステル鈴森屋,カプセルホステルスズモリヤ,東京都墨田区江東橋四丁目６番５号 カプセルホステル鈴森屋,restaurant,35.69384,139.817114,938,nonfood,,,,,,,"Apache-2.0|公共データ利用規約（第1.0版, PDL1.0）","Overture Maps Foundation, overturemaps.org / Copyright 2024 Foursquare Labs, Inc. (https://opensource.foursquare.com/places-notice-txt/)|厚生労働省 食品衛生申請等システム（オープンデータ）"
27,Dartsbar　T’ｓ　錦糸町店,ダーツバー　ティーズ　キンシチョウテン,東京都墨田区江東橋四丁目１５番4号 第９大澤ビル３階,restaurant,35.694776,139.817593,859,added,,,,,,バー,"公共データ利用規約（第1.0版, PDL1.0）",厚生労働省 食品衛生申請等システム（オープンデータ）
28,カラオケ　Ｂａｒ　ＡＰＥ,カラオケバーエイプ,東京都墨田区江東橋四丁目５番３号 第５東栄ビル５階,restaurant,35.693892,139.817859,875,added,,,,,,バー,"公共データ利用規約（第1.0版, PDL1.0）",厚生労働省 食品衛生申請等システム（オープンデータ）
29,ホテル　レイフィールド,ホテル　レイフィールド,東京都墨田区江東橋四丁目６番１３号,restaurant,35.693646,139.817232,937,nonfood,,,,,,,"公共データ利用規約（第1.0版, PDL1.0）",厚生労働省 食品衛生申請等システム（オープンデータ）
30,ＮＯＭＥＥＸ,ノミークス,東京都墨田区江東橋四丁目１６番４号 かつらぎビル５０２号,restaurant,35.694729,139.816902,920,added,,,,,,,"公共データ利用規約（第1.0版, PDL1.0）",厚生労働省 食品衛生申請等システム（オープンデータ）
31,ＨＯＴＥＬ　ＢＡＭＢＯＯ　ＧＡＲＤＥＮ,ホテルバンブーガーデン,東京都墨田区江東橋四丁目１４番１号,restaurant,35.694136,139.81753,890,nonfood,,,,,,,"CDLA-Permissive-2.0|公共データ利用規約（第1.0版, PDL1.0）","Overture Maps Foundation, overturemaps.org|厚生労働省 食品衛生申請等システム（オープンデータ）"
32,Ｋａｒａｏｋｅ　Ｌｏｕｎｇｅ　楓,カラオケ　ラウンジ　カエデ,東京都墨田区江東橋四丁目１８番５号 錦糸町イスズビル７階,restaurant,35.694858,139.816021,992,added,,,,,,スナック・パブ,"公共データ利用規約（第1.0版, PDL1.0）",厚生労働省 食品衛生申請等システム（オープンデータ）
33,オレンジカフェ,オレンジカフェ,東京都墨田区江東橋四丁目１８番７号 興亜ビル６０１,restaurant,35.694785,139.816046,992,added,,,,,,カフェ・喫茶,"公共データ利用規約（第1.0版, PDL1.0）",厚生労働省 食品衛生申請等システム（オープンデータ）
34,勝手串　花火（ハナビ）,カッテグシ　ハナビ,東京都墨田区江東橋四丁目１２番５号 下町ビル１Ｆ,restaurant,35.694321,139.816544,965,matched,5f44ee1f-d68b-4ebe-a269-ac35afb666b7,勝手串花火錦糸町本店,3,類似度0.90,,,"公共データ利用規約（第1.0版, PDL1.0）",厚生労働省 食品衛生申請等システム（オープンデータ）
35,居酒屋ちぐさ,イザカヤチグサ,東京都墨田区江東橋四丁目１３番４号,restaurant,35.694336,139.816755,947,added,,,,,,居酒屋,"公共データ利用規約（第1.0版, PDL1.0）",厚生労働省 食品衛生申請等システム（オープンデータ）
36,バーラウンジ「ベッキーハウス」,バーラウンジ　ベッキーハウス,東京都墨田区江東橋四丁目１６番４－２０１号 かつらぎビル,restaurant,35.694757,139.816909,918,added,,,,,,スナック・パブ,"公共データ利用規約（第1.0版, PDL1.0）",厚生労働省 食品衛生申請等システム（オープンデータ）
37,ＳＡＫＵ　ＳＡＫＵ,サクサク,東京都墨田区江東橋四丁目１６番１０号 ハミング錦糸町１階（１０１号室）,restaurant,35.694561,139.816952,922,added,,,,,,,"公共データ利用規約（第1.0版, PDL1.0）",厚生労働省 食品衛生申請等システム（オープンデータ）
38,ビストロガフ,ビストロガフ,東京都墨田区江東橋四丁目１５番１号 第六小崎ビル１０２,restaurant,35.694633,139.817504,872,added,,,,,,フレンチ・ビストロ,"公共データ利用規約（第1.0版, PDL1.0）",厚生労働省 食品衛生申請等システム（オープンデータ）
39,東京都立墨東病院,トウキョウトリツボクトウビョウイン,東京都墨田区江東橋四丁目２３番１５号 １Ｆ,unknown,35.694593,139.818957,752,nonfood,,,,,,,"CDLA-Permissive-2.0|公共データ利用規約（第1.0版, PDL1.0）","Overture Maps Foundation, overturemaps.org|厚生労働省 食品衛生申請等システム（オープンデータ）"
40,博多もつ鍋　はらへったＨＡＮＡＲＥ,ハカタモツナベ　ハラヘッタハナレ,東京都墨田区江東橋四丁目２６番１８号 ＴＤＧビル３階,restaurant,35.695322,139.815795,999,added,,,,,,鍋・しゃぶしゃぶ,"公共データ利用規約（第1.0版, PDL1.0）",厚生労働省 食品衛生申請等システム（オープンデータ）
41,七輪酒家　にんにくや,シチリンシュカ　ニンニクヤ,東京都墨田区江東橋四丁目２６番１５号 ＳＲビル１Ｆ,restaurant,35.695343,139.81632,952,matched,1895dfb8-f7dd-4bca-bd51-06670a7ae535,にんにくや,0,類似度0.90,,中華,"公共データ利用規約（第1.0版, PDL1.0）",厚生労働省 食品衛生申請等システム（オープンデータ）
42,ローソン　墨田江東橋四丁目店,ローソン　スミダコウトウバシヨンチョウメテン,東京都墨田区江東橋四丁目２６番１１号,restaurant,35.695542,139.816406,940,nonfood,,,,,,,"CC0-1.0|公共データ利用規約（第1.0版, PDL1.0）","Overture Maps Foundation, overturemaps.org|厚生労働省 食品衛生申請等システム（オープンデータ）"
43,ニット,ニット,東京都墨田区江東橋四丁目２６番１２号,restaurant,35.695459,139.816402,942,matched,53afadbe-a0b5-446e-b2cf-bda9f083f24d,ニット,9,類似度1.00,,,"CDLA-Permissive-2.0|公共データ利用規約（第1.0版, PDL1.0）","Overture Maps Foundation, overturemaps.org|厚生労働省 食品衛生申請等システム（オープンデータ）"
44,イタリア食堂ジョイーレ,イタリアショクドウジョイーレ,東京都墨田区江東橋四丁目２９番１４号 小峯ビル１Ｆ,restaurant,35.696039,139.816762,898,matched,c5c78288-75df-45f4-b3a8-fc5e7abef23a,ジョイーレ,12,類似度0.90,,定食・食堂,"公共データ利用規約（第1.0版, PDL1.0）",厚生労働省 食品衛生申請等システム（オープンデータ）
45,スナック　青葉,スナック　アオバ,東京都墨田区江東橋四丁目２１番６－１１７号 錦糸町ハイタウン,restaurant,35.695051,139.817,901,added,,,,,,スナック・パブ,"公共データ利用規約（第1.0版, PDL1.0）",厚生労働省 食品衛生申請等システム（オープンデータ）
46,モドゥラン,モドゥラン,東京都墨田区江東橋四丁目２１番６号 錦糸町ハイタウン１１９号,restaurant,35.695051,139.817,901,added,,,,,,,"公共データ利用規約（第1.0版, PDL1.0）",厚生労働省 食品衛生申請等システム（オープンデータ）
47,我が家,ワガヤ,東京都墨田区江東橋四丁目２１番６号 錦糸町ハイタウン１２９室,restaurant,35.695063,139.816784,919,matched,e1a87b56-8ec1-4111-9eef-fc1c6c6b07c5,韓国家庭料理我が家,15,類似度0.90,,,"公共データ利用規約（第1.0版, PDL1.0）",厚生労働省 食品衛生申請等システム（オープンデータ）
48,元祖どないや　錦糸町店,ガンソドナイヤ　キンシチョウテン,東京都墨田区江東橋四丁目２１番６号 錦糸町ハイタウン１２０,restaurant,35.695234,139.817016,894,added,,,,,,,"公共データ利用規約（第1.0版, PDL1.0）",厚生労働省 食品衛生申請等システム（オープンデータ）
49,さろん高遠,サロンタカトウ,東京都墨田区江東橋四丁目２１番６号 錦糸町ハイタウン１階（１３１号）,restaurant,35.695051,139.817,901,added,,,,,,,"公共データ利用規約（第1.0版, PDL1.0）",厚生労働省 食品衛生申請等システム（オープンデータ）
50,とんかつ　すみ田,トンカツ　スミタ,東京都墨田区江東橋四丁目２７番１４号 楽天地ビル２Ｆ,restaurant,35.696311,139.81566,993,matched,cd36c370-d6fa-4207-8114-dccb9dae5073,とんかつ すみ田 楽天地店,39,店名完全一致,,とんかつ・揚げ物,"Apache-2.0|公共データ利用規約（第1.0版, PDL1.0）","Overture Maps Foundation, overturemaps.org / Copyright 2024 Foursquare Labs, Inc. (https://opensource.foursquare.com/places-notice-txt/)|厚生労働省 食品衛生申請等システム（オープンデータ）"
51,そじ坊,ソジボウ,東京都墨田区江東橋四丁目２７番１４号 楽天地ビル１Ｆ,unknown,35.696311,139.81566,993,uncertain,,,,,,,"公共データ利用規約（第1.0版, PDL1.0）",厚生労働省 食品衛生申請等システム（オープンデータ）
52,やきとり　鳥けい,ヤキトリ　トリケイ,東京都墨田区錦糸4丁目1番9号,restaurant,35.697213,139.815702,983,matched,db126972-ad9e-4fa6-be33-0d1f8b554ebf,焼鳥鳥けい,25,近接・共通部分,,焼き鳥・やきとん,"公共データ利用規約（第1.0版, PDL1.0）",厚生労働省 食品衛生申請等システム（オープンデータ）
53,美味千成,ビミセンナリ,東京都墨田区錦糸四丁目１番９号,restaurant,35.697213,139.815702,983,matched,7afc8209-2dbd-4096-9503-28272546c2eb,美味千成錦糸町店,25,店名完全一致,,,"公共データ利用規約（第1.0版, PDL1.0）",厚生労働省 食品衛生申請等システム（オープンデータ）
54,株式会社コボコボ,カブシキガイシャコボコボ,東京都墨田区江東橋4-27-14 錦糸町パルコ,unknown,35.696311,139.81566,993,uncertain,,,,,,,"公共データ利用規約（第1.0版, PDL1.0）",厚生労働省 食品衛生申請等システム（オープンデータ）
55,匠がってん寿司　錦糸町PARCO店,タクミノガッテンズシ　キンシチョウパルコテン,東京都墨田区江東橋四丁目27番14号　楽天地ビル6F 錦糸町PARCO606,restaurant,35.696254,139.815788,982,matched,b506f9ea-5f63-4799-93bb-94d3909ae0ef,がってん寿司,13,類似度0.90,,すし,"公共データ利用規約（第1.0版, PDL1.0）",厚生労働省 食品衛生申請等システム（オープンデータ）
56,ＧＯＫＵ　ＧＯＫＵ,ゴクゴク,東京都墨田区江東橋四丁目２７番１号 錦糸町ＰＡＲＣＯ１階フードホール内,restaurant,35.696309,139.815865,974,added,,,,,,,"公共データ利用規約（第1.0版, PDL1.0）",厚生労働省 食品衛生申請等システム（オープンデータ）
57,楽天地フットサルコート錦糸町,ラクテンチフットサルコートキンシチョウ,東京都墨田区江東橋4丁目27-14 楽天地ビル8階,unknown,35.696311,139.81566,993,nonfood,,,,,,,"CDLA-Permissive-2.0|公共データ利用規約（第1.0版, PDL1.0）","Overture Maps Foundation, overturemaps.org|厚生労働省 食品衛生申請等システム（オープンデータ）"
58,海鮮まこと,カイセンマコト,東京都墨田区江東橋四丁目27番14号 楽天地ビル2階,restaurant,35.696311,139.81566,993,matched,a655ed16-abd5-4592-af66-0dd54aae97a1,海鮮まこと,32,店名完全一致,,海鮮・魚料理,"CDLA-Permissive-2.0|公共データ利用規約（第1.0版, PDL1.0）","Overture Maps Foundation, overturemaps.org|厚生労働省 食品衛生申請等システム（オープンデータ）"
59,麥乃,ムギノ,東京都墨田区江東橋4丁目27番14号 錦糸町PARCO１階,unknown,35.696311,139.81566,993,uncertain,,,,,,,"公共データ利用規約（第1.0版, PDL1.0）",厚生労働省 食品衛生申請等システム（オープンデータ）
60,くいもの屋　わん・九州魂　錦糸町店,クイモノヤ　ワン　キュウシュウダマシイ　キンシチョウテン,東京都墨田区江東橋四丁目２７番１４号 楽天地ビル３階,restaurant,35.696311,139.81566,993,matched,4e538f54-75dd-4179-a083-e8115fb622ef,くいもの屋わん 錦糸町店,3,類似度0.90,,居酒屋,"公共データ利用規約（第1.0版, PDL1.0）",厚生労働省 食品衛生申請等システム（オープンデータ）
61,なんでも酒やカクヤス　江東橋ＳＳ,ナンデモサカヤカクヤス　コウトウバシエスエス,東京都墨田区江東橋4-28-4 錦糸町開発ビル　1階,unknown,35.696204,139.816612,909,uncertain,,,,,,,"公共データ利用規約（第1.0版, PDL1.0）",厚生労働省 食品衛生申請等システム（オープンデータ）
62,ＩＭＡＤＥＹＡ　ＳＵＭＩＤＡ,イマデヤ　スミダ,東京都墨田区江東橋四丁目２７番１４号 楽天地ビル１Ｆ,restaurant,35.69652,139.816498,915,added,,,,,,,"公共データ利用規約（第1.0版, PDL1.0）",厚生労働省 食品衛生申請等システム（オープンデータ）
63,ウェンディーズ・ファーストキッチン錦糸町店,ウェンディーズファーストキッチンキンシチョウテン,東京都墨田区江東橋四丁目２７番１４号 楽天地ビル１Ｆ,restaurant,35.69652,139.816498,915,added,,,,,,ハンバーガー・ファストフード,"公共データ利用規約（第1.0版, PDL1.0）",厚生労働省 食品衛生申請等システム（オープンデータ）
64,ＴＯＨＯシネマズ錦糸町　楽天地ビル４階,トウホウシネマズキンシチョウ　ラクテンチビルヨンカイ,東京都墨田区江東橋四丁目２７番１４号 楽天地ビル４階,restaurant,35.69652,139.816498,915,nonfood,,,,,,,"CDLA-Permissive-2.0|公共データ利用規約（第1.0版, PDL1.0）","Overture Maps Foundation, overturemaps.org|厚生労働省 食品衛生申請等システム（オープンデータ）"
65,FIT-EASY錦糸町,フィットイージーキンシチョウ,東京都墨田区江東橋４丁目２７−１４ 楽天地ビル ７階,unknown,35.69652,139.816498,915,uncertain,,,,,,,"公共データ利用規約（第1.0版, PDL1.0）",厚生労働省 食品衛生申請等システム（オープンデータ）
66,スターバックスコーヒー錦糸町パルコ店,スターバックスコーヒーキンシチョウパルコテン,東京都墨田区江東橋4-27-14 楽天地ビル2F,unknown,35.69652,139.816498,915,added,,,,,,カフェ・喫茶,"Apache-2.0|CDLA-Permissive-2.0|公共データ利用規約（第1.0版, PDL1.0）","Overture Maps Foundation, overturemaps.org|Overture Maps Foundation, overturemaps.org / Copyright 2024 Foursquare Labs, Inc. (https://opensource.foursquare.com/places-notice-txt/)|厚生労働省 食品衛生申請等システム（オープンデータ）"
67,ドトールコーヒーショップ楽天地ビル地下店,ドトールコーヒーショップラクテンチビルチカテン,東京都墨田区江東橋四丁目２７番１４号 楽天地ビル地下１階,restaurant,35.69652,139.816498,915,matched,0432212d-96e7-46bc-9f91-e9cd023987f8,ドトールコーヒーショップ錦糸町,66,店名完全一致,,カフェ・喫茶,"公共データ利用規約（第1.0版, PDL1.0）",厚生労働省 食品衛生申請等システム（オープンデータ）
68,二代目　野口鮮魚店,ニダイメ　ノグチセンギョテン,東京都墨田区江東橋四丁目２７番１４号 楽天地ビル１Ｆ,restaurant,35.69652,139.816498,915,matched,1e7d3a90-163f-497c-8a7c-36a046be6596,二代目野口鮮魚店,42,店名完全一致,,海鮮・魚料理,"Apache-2.0|公共データ利用規約（第1.0版, PDL1.0）","Overture Maps Foundation, overturemaps.org / Copyright 2024 Foursquare Labs, Inc. (https://opensource.foursquare.com/places-notice-txt/)|厚生労働省 食品衛生申請等システム（オープンデータ）"
69,天然温泉　楽天地スパ,テンネンオンセン　ラクテンチスパ,東京都墨田区江東橋四丁目２７番１４号 ９階,restaurant,35.69652,139.816498,915,nonfood,,,,,,,"CDLA-Permissive-2.0|公共データ利用規約（第1.0版, PDL1.0）","Overture Maps Foundation, overturemaps.org|厚生労働省 食品衛生申請等システム（オープンデータ）"
70,銀座青果堂×元町食堂,ギンザセイカドウカケルモトマチショクドウ,東京都墨田区江東橋四丁目２７番１４号 錦糸町PARCO６階,restaurant,35.69652,139.816498,915,added,,,,,,定食・食堂,"公共データ利用規約（第1.0版, PDL1.0）",厚生労働省 食品衛生申請等システム（オープンデータ）
71,ホテル　椿,ホテル　ツバキ,東京都墨田区江東橋四丁目31番5号,restaurant,35.696595,139.817152,855,nonfood,,,,,,,"公共データ利用規約（第1.0版, PDL1.0）",厚生労働省 食品衛生申請等システム（オープンデータ）
72,Ｌｉｖｅ　Ｈｏｕｓｅ　ｒｅｂｉｒｔｈ,ライブハウスリバース,東京都墨田区江東橋四丁目３０番１６号 大塚ビルＢ１,unknown,35.696514,139.817445,830,uncertain,,,,,,,"Apache-2.0|公共データ利用規約（第1.0版, PDL1.0）","Overture Maps Foundation, overturemaps.org / Copyright 2024 Foursquare Labs, Inc. (https://opensource.foursquare.com/places-notice-txt/)|厚生労働省 食品衛生申請等システム（オープンデータ）"
73,麺屋　中川會,メンヤ　ナカガワカイ,東京都墨田区江東橋四丁目３０番１５号 三成ビル１Ｆ,restaurant,35.696421,139.817444,831,matched,82d6761d-21c2-4489-8ec4-eaae8d215524,麺屋 中川會,9,店名完全一致,,ラーメン,"公共データ利用規約（第1.0版, PDL1.0）",厚生労働省 食品衛生申請等システム（オープンデータ）
74,ＵＭＡＭＩ  ＢＵＲＧＥＲ,ウマミ　バーガー,東京都墨田区江東橋四丁目２７番１４号 楽天地ビル１Ｆ,restaurant,35.69652,139.816498,915,matched,c8589c5d-7ff9-4e70-bbec-284018379d1c,Umami Burger Kinshicho Parco Shop,54,店名完全一致,,ハンバーガー・ファストフード,"公共データ利用規約（第1.0版, PDL1.0）",厚生労働省 食品衛生申請等システム（オープンデータ）
75,しゃぶ葉錦糸町ＰＡＲＣＯ店,シャブヨウキンシチョウパルコテン,東京都墨田区江東橋四丁目２７番１４号 楽天地ビル６Ｆ,restaurant,35.69652,139.816498,915,matched,7ba9adf8-f3ce-4263-8f01-3fb90f58c9d1,しゃぶ葉錦糸町Parco,67,店名完全一致,,鍋・しゃぶしゃぶ,"CDLA-Permissive-2.0|公共データ利用規約（第1.0版, PDL1.0）","Overture Maps Foundation, overturemaps.org|厚生労働省 食品衛生申請等システム（オープンデータ）"
76,株式会社グッドリンク社,カブシキガイシャグッドリンクシャ,東京都墨田区江東橋4-24-7 キングスヴィレッジ100A,unknown,35.695766,139.818543,746,uncertain,,,,,,,"公共データ利用規約（第1.0版, PDL1.0）",厚生労働省 食品衛生申請等システム（オープンデータ）
77,社会福祉法人仁風会館　墨田区きんし保育園,シャカイフクシホウジンジンプウカイカン　スミダクキンシホイクエン,東京都墨田区江東橋四丁目30番2号の301,unknown,35.696601,139.818759,711,nonfood,,,,,,,"公共データ利用規約（第1.0版, PDL1.0）",厚生労働省 食品衛生申請等システム（オープンデータ）
78,コモディイイダ食彩館亀戸店,コモディイイダショクサイカンカメイドテン,東京都江東区亀戸二丁目1-1,grocery,35.697056,139.819646,627,nonfood,,,,,,,"Apache-2.0|CC BY 4.0|CDLA-Permissive-2.0|公共データ利用規約（第1.0版, PDL1.0）","Overture Maps Foundation, overturemaps.org|Overture Maps Foundation, overturemaps.org / Copyright 2024 Foursquare Labs, Inc. (https://opensource.foursquare.com/places-notice-txt/)|厚生労働省 食品衛生申請等システム（オープンデータ）|東京都江東区食品等営業許可・届出一覧"
79,まいばすけっと江東亀戸１丁目店,マイバスケットコウトウカメイド1チョウメテン,東京都江東区亀戸一丁目13-27亀戸クリーンハイツ,unknown,35.694377,139.821088,594,nonfood,,,,,,,"Apache-2.0|CC BY 4.0|公共データ利用規約（第1.0版, PDL1.0）","Overture Maps Foundation, overturemaps.org / Copyright 2024 Foursquare Labs, Inc. (https://opensource.foursquare.com/places-notice-txt/)|厚生労働省 食品衛生申請等システム（オープンデータ）|東京都江東区食品等営業許可・届出一覧"
80,あっぷるデイサービス,アップルデイサービス,東京都江東区亀戸一丁目33-5,unknown,35.695178,139.824813,286,nonfood,,,,,,,CC BY 4.0|CDLA-Permissive-2.0,"Overture Maps Foundation, overturemaps.org|東京都江東区食品等営業許可・届出一覧"
81,アンフェリシオン デザート工房,アンフェリシオン デザートコウボウ,東京都江東区亀戸一丁目43-22地下1階,bakery,35.696659,139.822575,369,added,,,,,,,CC BY 4.0,東京都江東区食品等営業許可・届出一覧
82,TOBUPARK亀戸1丁目駐車場,トウブパークカメイドイッチョウメチュウシャジョウ,東京都江東区亀戸1丁目25-4,unknown,35.6942285,139.82403699999998,412,uncertain,,,,,,,"Apache-2.0|CC BY 4.0|公共データ利用規約（第1.0版, PDL1.0）","Overture Maps Foundation, overturemaps.org / Copyright 2024 Foursquare Labs, Inc. (https://opensource.foursquare.com/places-notice-txt/)|厚生労働省 食品衛生申請等システム（オープンデータ）|東京都江東区食品等営業許可・届出一覧"
83,フレッシュマート サンユー・タキ,フレッシュマート サンユー･タキ,東京都江東区亀戸一丁目27-7,unknown,35.693828,139.825574,397,uncertain,,,,,,,CC BY 4.0,東京都江東区食品等営業許可・届出一覧
84,ベーカリーＹＡＫＵＷＡ,ベーカリーYAKUWA,東京都江東区大島二丁目32-15-365ビル1階,bakery,35.692942,139.825868,490,matched,030dc0c0-0ae1-49ce-bb71-6c7537cc1db5,Bakery YAKUWA,5,近接・共通部分,,パン,CC BY 4.0,東京都江東区食品等営業許可・届出一覧
85,家合（湘聚）,カコウ(ショウジュ),東京都江東区亀戸六丁目2-2亀戸隆ビル,restaurant,35.694169,139.826212,350,added,,,,,,,CC BY 4.0,東京都江東区食品等営業許可・届出一覧
86,亀戸食堂,カメイドショクドウ,東京都江東区亀戸1丁目１９－１６,restaurant,35.695063,139.822978,410,added,,,,,,定食・食堂,"公共データ利用規約（第1.0版, PDL1.0）",厚生労働省 食品衛生申請等システム（オープンデータ）
87,カゴンマコーヒー,カゴンマコーヒー,東京都江東区亀戸一丁目37-3-102,restaurant,35.69581,139.824269,267,added,,,,,,カフェ・喫茶,CC BY 4.0,東京都江東区食品等営業許可・届出一覧
88,ドラッグセイムス亀戸１丁目店,ドラッグセイムスカメイドイッチョウメテン,東京都江東区亀戸１－３８－６,unknown,35.696226499999995,139.824594,216,nonfood,,,,,,,"CC BY 4.0|公共データ利用規約（第1.0版, PDL1.0）",厚生労働省 食品衛生申請等システム（オープンデータ）|東京都江東区食品等営業許可・届出一覧
89,ＦＥＥＤ ＭＥ オレンジジュース自動販売機 蝶素敵＆Ｔｈｅ Ｃｒｅａｍ,FEED ME オレンジジュースジドウハンバイキ チョウステキアンドザクリーム,東京都江東区亀戸一丁目33-5シテセレスト亀戸1階,grocery,35.695178,139.824813,286,nonfood,,,,,,,CC BY 4.0,東京都江東区食品等営業許可・届出一覧
90,ドン・キホーテ亀戸店,ドン･キホーテカメイドテン,東京都江東区亀戸一丁目40-2,grocery,35.696882,139.825469,111,nonfood,,,,,,,CC BY 4.0|CDLA-Permissive-2.0,"Overture Maps Foundation, overturemaps.org|東京都江東区食品等営業許可・届出一覧"
91,超ごってり麺 ごっつ,チョウゴッテリメン ゴッツ,東京都江東区亀戸六丁目59-12酒部ビル1F、2F,grocery,35.69686,139.826027,71,matched,f012faf4-d71e-46a8-ab2e-9b08264e8752,超ごってり麺 ごっつ,18,店名完全一致,,ラーメン,CC BY 4.0|CDLA-Permissive-2.0,"Overture Maps Foundation, overturemaps.org|東京都江東区食品等営業許可・届出一覧"
92,オンブレ・ジャパン,オンブレ･ジャパン,東京都江東区亀戸一丁目31-7亀戸センタービル7階,unknown,35.694702,139.825683,301,uncertain,,,,,,,CC BY 4.0,東京都江東区食品等営業許可・届出一覧
93,佐野みそ亀戸本店,サノミソカメイドホンテン,東京都江東区亀戸一丁目35-8,unknown,35.695571,139.82553,215,uncertain,,,,,,,CC BY 4.0|CDLA-Permissive-2.0,"Overture Maps Foundation, overturemaps.org|東京都江東区食品等営業許可・届出一覧"
94,松屋　亀戸南店,マツヤ　カメイドミナミテン,東京都江東区亀戸六丁目59番10号 サンシャレード亀戸1階,restaurant,35.69686,139.826453,51,added,,,,,,牛丼・丼,"公共データ利用規約（第1.0版, PDL1.0）",厚生労働省 食品衛生申請等システム（オープンデータ）
95,ハッピーメイト,ハッピーメイト,東京都江東区亀戸六丁目60-31階・2階,restaurant,35.696985,139.826245,47,added,,,,,,,CC BY 4.0,東京都江東区食品等営業許可・届出一覧
96,デカ盛り弁当はるき亀戸店,デカモリベントウハルキカメイドテン,東京都江東区亀戸６丁目60-2 亀戸６丁目１０１,restaurant,35.696994,139.826393,39,added,,,,,,,"公共データ利用規約（第1.0版, PDL1.0）",厚生労働省 食品衛生申請等システム（オープンデータ）
97,■はら,キハラ,東京都江東区亀戸一丁目21-4,restaurant,35.696263,139.823829,274,matched,ec605456-e9c1-46aa-95c5-41125ea87bbd,喜はら,5,類似度0.80,,,CC BY 4.0,東京都江東区食品等営業許可・届出一覧
98,おきなわ食彩ダイニング琉花,オキナワショクサイダイニングルカ,東京都江東区亀戸一丁目31-81F,restaurant,35.694526,139.825707,319,matched,5c00b781-581b-401a-9ca1-092573b30f4c,おきなわ食彩ダイニング 琉花,646,店名完全一致,,沖縄・郷土料理,CC BY 4.0|CDLA-Permissive-2.0,"Overture Maps Foundation, overturemaps.org|東京都江東区食品等営業許可・届出一覧"
99,スギドラッグ 大島店,スギドラッグ オオシマテン,東京都江東区大島四丁目5-14プラウド西大島102,grocery,35.6890695,139.828295,929,nonfood,,,,,,,"CC BY 4.0|公共データ利用規約（第1.0版, PDL1.0）",厚生労働省 食品衛生申請等システム（オープンデータ）|東京都江東区食品等営業許可・届出一覧
100,ローソンストア１００ 西大島店,ローソンストア100 ニシオオジマテン,東京都江東区大島四丁目5-11藤和西大島コープ1階,convenience_store,35.68915,139.827779,913,nonfood,,,,,,,Apache-2.0|CC BY 4.0|CC0-1.0,"Overture Maps Foundation, overturemaps.org|Overture Maps Foundation, overturemaps.org / Copyright 2024 Foursquare Labs, Inc. (https://opensource.foursquare.com/places-notice-txt/)|東京都江東区食品等営業許可・届出一覧"
101,ネパール居酒屋シティマート東京店,ネパールイザカヤシティマートトウキョウテン,東京都江東区大島4-3-12 大島中村ビル２階,restaurant,35.688484,139.826692,981,matched,dad3c655-2a9c-4088-8e90-a0ac6953ac90,ネパール居酒屋シティマート東京店,4,店名完全一致,,インド・ネパール料理,"CDLA-Permissive-2.0|公共データ利用規約（第1.0版, PDL1.0）","Overture Maps Foundation, overturemaps.org|厚生労働省 食品衛生申請等システム（オープンデータ）"
102,保育園あっぷるキッズ西大島園,ホイクエンアップルキッズニシオオジマエン,東京都江東区大島4-3-6 1st Apple1F,unknown,35.6886605,139.826899,962,nonfood,,,,,,,"CC BY 4.0|公共データ利用規約（第1.0版, PDL1.0）",厚生労働省 食品衛生申請等システム（オープンデータ）|東京都江東区食品等営業許可・届出一覧
103,寿司 信濃屋三丁目店,スシ シナノヤサンチョウメテン,東京都江東区大島三丁目16-22,restaurant,35.689562,139.830488,931,added,,,,,,すし,CC BY 4.0,東京都江東区食品等営業許可・届出一覧
104,ロイヤルホスト西大島店,ロイヤルホストニシオオジマテン,東京都江東区大島3丁目1番2号,unknown,35.689633,139.827611,858,matched,b677e120-e1e5-4063-8f12-92b9d0b0fcc0,ロイヤルホスト 西大島店,8,店名完全一致,,ファミリーレストラン,"CC BY 4.0|CDLA-Permissive-2.0|公共データ利用規約（第1.0版, PDL1.0）","Overture Maps Foundation, overturemaps.org|厚生労働省 食品衛生申請等システム（オープンデータ）|東京都江東区食品等営業許可・届出一覧"
105,ヤクルト大島センター,ヤクルトオオジマセンター,東京都江東区大島6-1-4-101,unknown,35.691047,139.8322445,864,uncertain,,,,,,,"CC BY 4.0|公共データ利用規約（第1.0版, PDL1.0）",厚生労働省 食品衛生申請等システム（オープンデータ）|東京都江東区食品等営業許可・届出一覧
106,江東区立第二大島中学校,コウトウクリツダイニオオジマチュウガッコウ,東京都江東区大島三丁目27-18,restaurant,35.691503,139.831031,760,nonfood,,,,,,,CC BY 4.0,東京都江東区食品等営業許可・届出一覧
107,癒しのデイサービス江東,イヤシノデイサービスコウトウ,東京都江東区大島6-1-4-103,restaurant,35.691208,139.832194,846,nonfood,,,,,,,"CC BY 4.0|公共データ利用規約（第1.0版, PDL1.0）",厚生労働省 食品衛生申請等システム（オープンデータ）|東京都江東区食品等営業許可・届出一覧
108,06だんちマルシェ,ゼロロクダンチマルシェ,東京都江東区大島６丁目１番３号 UR大島六丁目団地３号棟集会場,unknown,35.691108,139.833174,911,uncertain,,,,,,,"公共データ利用規約（第1.0版, PDL1.0）",厚生労働省 食品衛生申請等システム（オープンデータ）
109,東京都立城東特別支援学校大塚ろう学校城東分教室,トウキョウトリツジョウトウトクベツシエンガッコウオオツカロウガッコウ,東京都江東区大島六丁目7-3,restaurant,35.691783,139.834604,950,nonfood,,,,,,,CC BY 4.0,東京都江東区食品等営業許可・届出一覧
110,ピーコックストア大島店　清流物語,ピーコックストアオオジマテン　セイリュウモノガタリ,東京都江東区大島6-1-8-101,unknown,35.689868,139.83273,996,uncertain,,,,,,,"公共データ利用規約（第1.0版, PDL1.0）",厚生労働省 食品衛生申請等システム（オープンデータ）
111,社会福祉法人わかみや福祉会花と鳥保育園,シャカイフクシホウジンワカミヤフクシカイバナトトリホイクエン,東京都江東区大島三丁目8-7,unknown,35.692645,139.827837,531,nonfood,,,,,,,CC BY 4.0,東京都江東区食品等営業許可・届出一覧
112,株式会社レストラン・ピガール亀戸店,カブシキガイシャレストラン･ピガールカメイドテン,東京都江東区亀戸六丁目32-1,restaurant,35.694494,139.828619,363,matched,9a26c0f1-04e7-45ed-a92a-148967117940,レストラン ピガール,20,店名完全一致,,洋食,CC BY 4.0|CDLA-Permissive-2.0,"Overture Maps Foundation, overturemaps.org|東京都江東区食品等営業許可・届出一覧"
113,医療法人社団 五の橋産婦人科,イリョウホウジンシャダン ゴノハシサンフジンカ,東京都江東区亀戸六丁目1-6,unknown,35.693936,139.827061,377,uncertain,,,,,,,CC BY 4.0|CDLA-Permissive-2.0,"Overture Maps Foundation, overturemaps.org|東京都江東区食品等営業許可・届出一覧"
114,ｔｅｎ ｋｉｄｓ亀戸南園,テン キッズメイドミナミエン,東京都江東区亀戸六丁目11-5アーバンフロイデ1階,restaurant,35.694935,139.827008,266,nonfood,,,,,,,CC BY 4.0,東京都江東区食品等営業許可・届出一覧
115,パブ ファイブ,パブ ファイブ,東京都江東区亀戸六丁目11-9コスモ亀戸Ⅱビル2階,restaurant,35.694619,139.827022,301,added,,,,,,スナック・パブ,CC BY 4.0,東京都江東区食品等営業許可・届出一覧
116,おおぬき農園,オオヌキノウエン,東京都江東区亀戸６丁目33-10,unknown,35.693972,139.829216,440,uncertain,,,,,,,"公共データ利用規約（第1.0版, PDL1.0）",厚生労働省 食品衛生申請等システム（オープンデータ）
117,canamoflage,カナモフラージュ,東京都江東区亀戸6丁目33-10 竪川河川敷公園,grocery,35.694077,139.829762,460,nonfood,,,,,,,"公共データ利用規約（第1.0版, PDL1.0）",厚生労働省 食品衛生申請等システム（オープンデータ）
118,ひよっこ保育室,ヒヨッコホイクシツ,東京都江東区大島六丁目1-7-108,unknown,35.693433,139.832282,671,nonfood,,,,,,,CC BY 4.0,東京都江東区食品等営業許可・届出一覧
119,06マルシェ,マルシェ,東京都江東区江東区亀戸6-31-6　カメイドクロック,grocery,35.695971,139.829257,283,nonfood,,,,,,,"公共データ利用規約（第1.0版, PDL1.0）",厚生労働省 食品衛生申請等システム（オープンデータ）
120,ＢＵＴＣＨＥＲ ＯＨＹＡＭＡ,ブッチャー オオヤマ,東京都江東区亀戸六丁目31-6カメイドクロック1階,restaurant,35.695473,139.829063,303,added,,,,,,,CC BY 4.0,東京都江東区食品等営業許可・届出一覧
121,canamoflage,カナモフラージュ,東京都江東区亀戸6丁目31-6,grocery,35.695029,139.829422,360,nonfood,,,,,,,"公共データ利用規約（第1.0版, PDL1.0）",厚生労働省 食品衛生申請等システム（オープンデータ）
122,にだいめ野口鮮魚店,ニダイメノグチセンギョテン,東京都江東区亀戸六丁目31-6カメイドクロック1階,unknown,35.695473,139.829063,303,matched,c243776b-b4b6-4b6f-b634-b092e1784eb1,にだいめ野口鮮魚店,28,店名完全一致,,海鮮・魚料理,Apache-2.0|CC BY 4.0,"Overture Maps Foundation, overturemaps.org / Copyright 2024 Foursquare Labs, Inc. (https://opensource.foursquare.com/places-notice-txt/)|東京都江東区食品等営業許可・届出一覧"
123,びあマ亀戸,ビアマカメイド,東京都江東区亀戸六丁目31-6カメイドクロック1階,unknown,35.695473,139.829063,303,uncertain,,,,,,,CC BY 4.0,東京都江東区食品等営業許可・届出一覧
124,アロハファーム,アロハファーム,東京都江東区亀戸6丁目31－6 カメイドクロック,unknown,35.695029,139.829422,360,uncertain,,,,,,,"公共データ利用規約（第1.0版, PDL1.0）",厚生労働省 食品衛生申請等システム（オープンデータ）
125,三國屋善五郎,ミクニヤゼンゴロウ,東京都江東区亀戸6-31-6 KAMEIDO CLOCK　1階,unknown,35.695029,139.829422,360,uncertain,,,,,,,"公共データ利用規約（第1.0版, PDL1.0）",厚生労働省 食品衛生申請等システム（オープンデータ）
126,ロイヤルスイーツ（期間2024年8月9日～8月26日）,ロイヤルスイーツ,東京都江東区亀戸6丁目31番6号 カメイドクロック　B1階　022-023区画,unknown,35.695029,139.829422,360,nonfood,,,,,,スイーツ・和菓子,"公共データ利用規約（第1.0版, PDL1.0）",厚生労働省 食品衛生申請等システム（オープンデータ）
127,ＳＡＮＲＩＳＥ ＫＩＴＣＨＥＮ,SANRISE KITCHEN,東京都江東区亀戸六丁目31-6カメイドクロック1階,restaurant,35.695473,139.829063,303,added,,,,,,,CC BY 4.0,東京都江東区食品等営業許可・届出一覧
128,シェアラウンジ亀戸,シェアラウンシカメイドﾞ,東京都江東区亀戸六丁目31-1プラウドタワー亀戸クロス1階,restaurant,35.695473,139.829063,303,nonfood,,,,,,スナック・パブ,CC BY 4.0,東京都江東区食品等営業許可・届出一覧
129,ミートイン・ハイマート 亀戸店,ミートイン･ハイマート カメイドテン,東京都江東区亀戸六丁目31-6カメイドクロックB1階,grocery,35.695473,139.829063,303,nonfood,,,,,,,CC BY 4.0,東京都江東区食品等営業許可・届出一覧
130,Ｋｉｍ Ｓｏｕｐｓ,キムスープ,東京都江東区亀戸六丁目31-6カメイドクロックB1階,restaurant,35.695473,139.829063,303,added,,,,,,,CC BY 4.0,東京都江東区食品等営業許可・届出一覧
131,ＭＩＳＩＡ,ミシア,東京都江東区亀戸六丁目31-6カメイドクロック1階,restaurant,35.695473,139.829063,303,added,,,,,,,CC BY 4.0,東京都江東区食品等営業許可・届出一覧
132,Ｍｏｔｈｅｒ’ｓ Ｃｕｒｒｙ Ｐｌｕｓ,マザーズ カレー プラス,東京都江東区亀戸六丁目31-6カメイドクロック4階,restaurant,35.695473,139.829063,303,added,,,,,,カレー,CC BY 4.0,東京都江東区食品等営業許可・届出一覧
133,ｆｌｅｕｒ ｃａｆｅ,,東京都江東区亀戸六丁目27-1アーバンシミズ1階,restaurant,35.69616,139.826665,128,matched,c84b695c-ae64-4d06-9b00-bef40c01f62a,fleur cafe,3,店名完全一致,,カフェ・喫茶,CC BY 4.0|CDLA-Permissive-2.0,"Overture Maps Foundation, overturemaps.org|東京都江東区食品等営業許可・届出一覧"
134,三友フレッシュフーズ Ｄ＆Ｄ,サンユウフレッシュフース デイアンドデイ,東京都江東区亀戸六丁目21-10高木ビル1F,unknown,35.695699,139.827652,203,uncertain,,,,,,,CC BY 4.0,東京都江東区食品等営業許可・届出一覧
135,肉のヤマ牛亀戸,ニクノヤマギュウカメイド,東京都江東区亀戸6-58-13,restaurant,35.6969,139.827449,90,added,,,,,,,"CDLA-Permissive-2.0|公共データ利用規約（第1.0版, PDL1.0）","Overture Maps Foundation, overturemaps.org|厚生労働省 食品衛生申請等システム（オープンデータ）"
136,鮨・酒・肴 杉玉 亀戸,スシ･サケ･サカナ スギダマ カメイド,東京都江東区亀戸六丁目59-7プライマル亀戸1階,restaurant,35.696867,139.8265975,49,matched,03b3dd5c-8705-4aed-99b7-4695cadb2767,鮨 酒 肴 杉玉 亀戸,6,店名完全一致,,すし,"Apache-2.0|CC BY 4.0|公共データ利用規約（第1.0版, PDL1.0）","Overture Maps Foundation, overturemaps.org / Copyright 2024 Foursquare Labs, Inc. (https://opensource.foursquare.com/places-notice-txt/)|厚生労働省 食品衛生申請等システム（オープンデータ）|東京都江東区食品等営業許可・届出一覧"
137,キッチンオリジン　亀戸東口店,キッチンオリジン　カメイドヒガイグチテン,東京都江東区亀戸六丁目58番10号 エフワイビル1階,unknown,35.696932,139.828041,138,matched,4da1983e-35a3-4b74-a6f1-acd28d313238,キッチンオリジン,7,店名完全一致,,惣菜・弁当,"Apache-2.0|CC BY 4.0|CC0-1.0|公共データ利用規約（第1.0版, PDL1.0）","Overture Maps Foundation, overturemaps.org|Overture Maps Foundation, overturemaps.org / Copyright 2024 Foursquare Labs, Inc. (https://opensource.foursquare.com/places-notice-txt/)|厚生労働省 食品衛生申請等システム（オープンデータ）|東京都江東区食品等営業許可・届出一覧"
138,ファミリーマート＋薬ヒグチ 亀戸東口店,ファミリーマートプラスクスリヒグチ カメイドヒガシグチテン,東京都江東区亀戸六丁目62-8,restaurant,35.697181,139.828769,198,nonfood,,,,,,,Apache-2.0|CC BY 4.0|CC0-1.0,"Overture Maps Foundation, overturemaps.org|Overture Maps Foundation, overturemaps.org / Copyright 2024 Foursquare Labs, Inc. (https://opensource.foursquare.com/places-notice-txt/)|東京都江東区食品等営業許可・届出一覧"
139,手羽だるま 亀戸店,テバダルマ カメイドテン,東京都江東区亀戸六丁目62-82F,restaurant,35.697181,139.828769,198,added,,,,,,,CC BY 4.0,東京都江東区食品等営業許可・届出一覧
140,PONCOTTU,ポンコッツ,東京都江東区亀戸6-61-2 第2渡辺ビル2階,restaurant,35.697072,139.828106,140,added,,,,,,,"公共データ利用規約（第1.0版, PDL1.0）",厚生労働省 食品衛生申請等システム（オープンデータ）
141,焼肉さい藤,ヤキニクサイトウ,東京都江東区亀戸六丁目61-4興和第3ビル1階,restaurant,35.697047,139.827769,111,matched,20bf8e64-37ec-4aa3-8e29-a7d5b8ce34ce,焼肉さい藤,2,店名完全一致,,焼肉・ホルモン,CC BY 4.0|CDLA-Permissive-2.0,"Overture Maps Foundation, overturemaps.org|東京都江東区食品等営業許可・届出一覧"
142,舎鈴 亀戸駅東口店,シャリン カメイドエキヒガシグチテン,東京都江東区亀戸六丁目57-22サンポービル1F,unknown,35.696957,139.828509,178,uncertain,,,,,,,CC BY 4.0,東京都江東区食品等営業許可・届出一覧
143,和泉家吉之助,イズミヤキチノスケ,東京都江東区亀戸6-31-6 カメイドクロック　B1催事場,unknown,35.695029,139.829422,360,uncertain,,,,,,,"公共データ利用規約（第1.0版, PDL1.0）",厚生労働省 食品衛生申請等システム（オープンデータ）
144,京やきぐり,キョウヤキグリ,東京都江東区亀戸6-31-6 KAMEIDO CLOCK B1イベントスペース,unknown,35.695029,139.829422,360,uncertain,,,,,,,"公共データ利用規約（第1.0版, PDL1.0）",厚生労働省 食品衛生申請等システム（オープンデータ）
145,本庄鮮魚 亀戸店 寿司作業室,ホンジョウセンギョ カメイドテン スシサギョウシツ,東京都江東区亀戸六丁目31-6カメイドクロックB1階,restaurant,35.695473,139.829063,303,added,,,,,,すし,CC BY 4.0,東京都江東区食品等営業許可・届出一覧
146,天ぷら 天寅,テンプラ テントラ,東京都江東区亀戸六丁目31-6カメイドクロック1階,restaurant,35.695473,139.829063,303,added,,,,,,天ぷら・天丼,CC BY 4.0,東京都江東区食品等営業許可・届出一覧
147,四季キッチン,シキキッチン,東京都江東区亀戸六丁目31-6カメイドクロックB1F,restaurant,35.695473,139.829063,303,added,,,,,,,CC BY 4.0,東京都江東区食品等営業許可・届出一覧
148,北海道ライブマルシェ,ホッカイドウライブマルシェ,東京都江東区亀戸六丁目31-6カメイドクロック地下1階,unknown,35.695473,139.829063,303,uncertain,,,,,,,CC BY 4.0,東京都江東区食品等営業許可・届出一覧
149,仕出し屋ＡＺＡＢＵ,シダシヤアザブ,東京都江東区亀戸六丁目31-6カメイドクロックB1F,unknown,35.695473,139.829063,303,uncertain,,,,,,,CC BY 4.0,東京都江東区食品等営業許可・届出一覧
150,ポピンズナーサリースクール亀戸,ポピンズナーサリースクールカメイド,東京都江東区亀戸6-31-1 プラウドタワー亀戸クロス　ゲートタワー2階3階,unknown,35.695946,139.828498,230,uncertain,,,,,,,"公共データ利用規約（第1.0版, PDL1.0）",厚生労働省 食品衛生申請等システム（オープンデータ）
151,仕出し屋AZABU,シダシヤアザブ,東京都江東区亀戸6-31-6 カメイドクロック B1F(028区画),unknown,35.695972,139.829236,282,uncertain,,,,,,,"公共データ利用規約（第1.0版, PDL1.0）",厚生労働省 食品衛生申請等システム（オープンデータ）
152,江戸深川屋,エドフカガワヤ,東京都江東区亀戸六丁目31-6カメイドクロックB1階,restaurant,35.695473,139.829063,303,added,,,,,,,CC BY 4.0,東京都江東区食品等営業許可・届出一覧
153,深川伊勢屋,フカガワイセヤ,東京都江東区亀戸六丁目31-6カメイドクロック地下1階,unknown,35.695473,139.829063,303,uncertain,,,,,,,CC BY 4.0,東京都江東区食品等営業許可・届出一覧
154,焼肉 ホルモン魂,ヤキニク ホルモンダマシイ,東京都江東区亀戸六丁目31-6カメイドクロック1階,restaurant,35.695473,139.829063,303,added,,,,,,焼肉・ホルモン,CC BY 4.0,東京都江東区食品等営業許可・届出一覧
155,焼鳥のんき（ドリンクエリア）,ヤキトリノンキ(ドリンクエリ)ア,東京都江東区亀戸六丁目31-6カメイドクロック1階,restaurant,35.695473,139.829063,303,matched,3fb49aa3-41ee-47e3-ae03-e96d3fa16e12,焼鳥のんき,77,類似度0.90,,焼き鳥・やきとん,Apache-2.0|CC BY 4.0,"Overture Maps Foundation, overturemaps.org / Copyright 2024 Foursquare Labs, Inc. (https://opensource.foursquare.com/places-notice-txt/)|東京都江東区食品等営業許可・届出一覧"
156,猿田彦珈琲とオキーニョ 亀戸店,サルタヒココーヒートオキーニョ カメイドテン,東京都江東区亀戸六丁目31-6カメイドクロック1階,bakery,35.695473,139.829063,303,added,,,,,,カフェ・喫茶,CC BY 4.0,東京都江東区食品等営業許可・届出一覧
157,竪川マルシェ,タテカワマルシェ,東京都江東区亀戸6-33-10,unknown,35.695797,139.827856,203,uncertain,,,,,,,"Apache-2.0|公共データ利用規約（第1.0版, PDL1.0）","Overture Maps Foundation, overturemaps.org / Copyright 2024 Foursquare Labs, Inc. (https://opensource.foursquare.com/places-notice-txt/)|厚生労働省 食品衛生申請等システム（オープンデータ）"
158,肉の田じま,ニクノタジマ,東京都江東区亀戸六丁目31-6カメイドクロック1階,restaurant,35.695473,139.829063,303,matched,cfabf5bf-da57-43b4-8014-bb58fe7f502e,肉の田じま,15,店名完全一致,,,Apache-2.0|CC BY 4.0,"Overture Maps Foundation, overturemaps.org / Copyright 2024 Foursquare Labs, Inc. (https://opensource.foursquare.com/places-notice-txt/)|東京都江東区食品等営業許可・届出一覧"
159,船橋屋  カメイドクロック店,フナバシヤ　カメイドクロックテン,東京都江東区亀戸6-31-6　１F カメイドクロック,unknown,35.695029,139.829422,360,added,,,,,,スイーツ・和菓子,"CC BY 4.0|公共データ利用規約（第1.0版, PDL1.0）",厚生労働省 食品衛生申請等システム（オープンデータ）|東京都江東区食品等営業許可・届出一覧
160,豚とんトーキョーとんかつ,トントントーキョートンカツ,東京都江東区亀戸６丁目３１−６,unknown,35.695029,139.829422,360,added,,,,,,とんかつ・揚げ物,"公共データ利用規約（第1.0版, PDL1.0）",厚生労働省 食品衛生申請等システム（オープンデータ）
161,香川一福,カガワイップク,東京都江東区亀戸六丁目31-6カメイドクロック4階,restaurant,35.695473,139.829063,303,matched,83f12bcb-f496-40e2-b79b-85275e665765,香川一福　カメイドクロック店,120,店名完全一致,,そば・うどん,CC BY 4.0,東京都江東区食品等営業許可・届出一覧
162,魚惣菜 しばたけ,サカナソウザイ シバタケ,東京都江東区亀戸六丁目31-6カメイドクロックB1階,restaurant,35.695473,139.829063,303,added,,,,,,海鮮・魚料理,CC BY 4.0,東京都江東区食品等営業許可・届出一覧
163,鶏むら,トリムラ,東京都江東区亀戸六丁目31-6カメイドクロックB1階,restaurant,35.695473,139.829063,303,added,,,,,,,CC BY 4.0,東京都江東区食品等営業許可・届出一覧
164,いぐち式,イグチシキ,東京都江東区亀戸6-24-8 ニューハウス亀戸102,restaurant,35.695734,139.828059,220,matched,8cbf73d4-b76a-4dca-8486-04aa18db8f51,いぐち式,138,店名完全一致,,,"CDLA-Permissive-2.0|公共データ利用規約（第1.0版, PDL1.0）","Overture Maps Foundation, overturemaps.org|厚生労働省 食品衛生申請等システム（オープンデータ）"
165,まいばすけっと亀戸駅東口店,マイバスケットカメイドエキヒガシグチテン,東京都江東区亀戸6丁目56-15 ビジョナリーⅣ,unknown,35.697156,139.83068600000001,371,nonfood,,,,,,,"Apache-2.0|CC BY 4.0|公共データ利用規約（第1.0版, PDL1.0）","Overture Maps Foundation, overturemaps.org / Copyright 2024 Foursquare Labs, Inc. (https://opensource.foursquare.com/places-notice-txt/)|厚生労働省 食品衛生申請等システム（オープンデータ）|東京都江東区食品等営業許可・届出一覧"
166,キッズナーサリー亀戸園,キッズナーサリーカメイドエン,東京都江東区亀戸6-40-16 エレガントハイツマツモト１階,unknown,35.695779,139.831193,450,nonfood,,,,,,,"公共データ利用規約（第1.0版, PDL1.0）",厚生労働省 食品衛生申請等システム（オープンデータ）
167,ファミリーマート亀戸六丁目店,ファミリーマートカメイドロクチョウメテン,東京都江東区亀戸六丁目54-7,convenience_store,35.696688,139.832344,525,nonfood,,,,,,,"CC BY 4.0|CC0-1.0|公共データ利用規約（第1.0版, PDL1.0）","Overture Maps Foundation, overturemaps.org|厚生労働省 食品衛生申請等システム（オープンデータ）|東京都江東区食品等営業許可・届出一覧"
168,健康壱番館 亀戸店,ケンコウイチバンカン カメイドテン,東京都江東区亀戸七丁目44-3みどりハイツ店舗,unknown,35.696296,139.834331,709,uncertain,,,,,,,"CC BY 4.0|公共データ利用規約（第1.0版, PDL1.0）",厚生労働省 食品衛生申請等システム（オープンデータ）|東京都江東区食品等営業許可・届出一覧
169,ＡＶＩＯＮ,アビオン,東京都墨田区錦糸四丁目６番７号 万正オンダビル１０２,restaurant,35.697618,139.815812,973,added,,,,,,,"公共データ利用規約（第1.0版, PDL1.0）",厚生労働省 食品衛生申請等システム（オープンデータ）
170,ＦＵＧＡＤＯＲ　ＣＯＦＦＥＥ,フウガドールカフェ,東京都墨田区錦糸四丁目１５番１号,restaurant,35.699532,139.817213,882,matched,58a72132-1466-4550-ab85-25130c75a85a,Fugador Coffee,44,店名完全一致,,カフェ・喫茶,"CDLA-Permissive-2.0|公共データ利用規約（第1.0版, PDL1.0）","Overture Maps Foundation, overturemaps.org|厚生労働省 食品衛生申請等システム（オープンデータ）"
171,ＴＨＡＩ　ＫＩＴＣＨＥＮ,タイキッチン,東京都墨田区錦糸四丁目１１番６号,restaurant,35.697979,139.817773,799,matched,82bf65d4-2e2b-4e8e-9a5e-c5b52431398f,Chang Thai (チャーンタイ)【錦糸町】,3,類似度0.90,,タイ料理,"公共データ利用規約（第1.0版, PDL1.0）",厚生労働省 食品衛生申請等システム（オープンデータ）
172,Tokyo Deliciou Share,トウキョウ デリシャス シェア,東京都墨田区錦糸４－１５－１,unknown,35.699533,139.817464,860,uncertain,,,,,,,"公共データ利用規約（第1.0版, PDL1.0）",厚生労働省 食品衛生申請等システム（オープンデータ）
173,まめ吉,マメキチ,東京都墨田区錦糸四丁目１４番５号,restaurant,35.697862,139.815657,989,matched,50bfc274-d664-4bf8-ac9a-44287b39513a,炭焼ジンギスカン まめ吉,5,類似度0.90,,,"公共データ利用規約（第1.0版, PDL1.0）",厚生労働省 食品衛生申請等システム（オープンデータ）
174,よしの,ヨシノ,東京都墨田区錦糸四丁目11番6号 佐々木ビル２F,restaurant,35.697972,139.817719,804,matched,a743b03a-7a60-41d6-9b7b-42a82cff43d9,中華 よしの,5,類似度0.90,,,"公共データ利用規約（第1.0版, PDL1.0）",厚生労働省 食品衛生申請等システム（オープンデータ）
175,ゆにこーんわたあめ,ユニコーンワタアメ,東京都墨田区錦糸4-15-1,unknown,35.699532,139.817213,882,uncertain,,,,,,,"公共データ利用規約（第1.0版, PDL1.0）",厚生労働省 食品衛生申請等システム（オープンデータ）
176,アガシ,アガシ,東京都墨田区錦糸四丁目6番７号 万正オンダビル２０１,restaurant,35.697631,139.815805,974,matched,ffb9170d-6e1d-4c21-93c4-5f8e90aa9a6c,スナック アガシ,1,類似度1.00,,,"公共データ利用規約（第1.0版, PDL1.0）",厚生労働省 食品衛生申請等システム（オープンデータ）
177,六の.  .  .（ロクノタラズ）,ロクノタラズ,東京都墨田区錦糸四丁目６番７号 万正オンダビル202,restaurant,35.697622,139.815796,975,matched,c0d16748-f9e0-4bd1-b1e3-cd2de00ced71,Roku no TaRazu,5,近接・ローマ字一致,,,"公共データ利用規約（第1.0版, PDL1.0）",厚生労働省 食品衛生申請等システム（オープンデータ）
178,日本酒バル　ふとっぱらや　錦糸町店,ニホンンシュバル　フトッパラヤ　キンシチョウテン,東京都墨田区錦糸四丁目6番10号,restaurant,35.697432,139.815845,970,matched,f1c4ddf4-528c-4fd7-861f-a7349f0be3eb,日本酒バル ふとっぱらや,4,店名完全一致,,居酒屋,"CDLA-Permissive-2.0|公共データ利用規約（第1.0版, PDL1.0）","Overture Maps Foundation, overturemaps.org|厚生労働省 食品衛生申請等システム（オープンデータ）"
179,藤咲,フジサク,東京都墨田区錦糸四丁目5番6号 越後屋ビル102号,restaurant,35.697418,139.816331,926,added,,,,,,,"公共データ利用規約（第1.0版, PDL1.0）",厚生労働省 食品衛生申請等システム（オープンデータ）
180,和食　dining　笑酒　えぐし,ワショク　ダイニング　エグシ,東京都墨田区錦糸四丁目12番8号,unknown,35.697843,139.816634,900,matched,ded4f52b-2ca9-434d-9b27-cec3f21590b6,和食ダイニング 笑酒,7,近接・包含,,和食・割烹,"公共データ利用規約（第1.0版, PDL1.0）",厚生労働省 食品衛生申請等システム（オープンデータ）
181,ノガタシックス,ノガタシックス,東京都墨田区錦糸4‐15‐1 墨田区総合体育館４F,unknown,35.699533,139.817464,860,uncertain,,,,,,,"公共データ利用規約（第1.0版, PDL1.0）",厚生労働省 食品衛生申請等システム（オープンデータ）
182,墨田区総合体育館３Ｆ　ＭＯＶＩＮＧＢＡＲ,ムービングバー,東京都墨田区錦糸四丁目15番1号,unknown,35.699533,139.817464,860,uncertain,,,,,,,"公共データ利用規約（第1.0版, PDL1.0）",厚生労働省 食品衛生申請等システム（オープンデータ）
183,ピーケイサイアム有限会社,ピイケイサイアムユウゲンカイシャ,東京都墨田区錦糸4丁目9-6,unknown,35.697751,139.817742,800,uncertain,,,,,,,"公共データ利用規約（第1.0版, PDL1.0）",厚生労働省 食品衛生申請等システム（オープンデータ）
184,炭火焼鳥　だいとら,スミビヤキトリ　ダイトラ,東京都墨田区錦糸四丁目３番１３号,unknown,35.697459,139.817269,841,matched,c8766ab7-a659-401c-affd-5d3b7ecc747f,炭火焼鳥 だいとら,5,店名完全一致,,焼き鳥・やきとん,"CDLA-Permissive-2.0|公共データ利用規約（第1.0版, PDL1.0）","Overture Maps Foundation, overturemaps.org|厚生労働省 食品衛生申請等システム（オープンデータ）"
185,西島製菓,ニシジマセイカ,東京都墨田区錦糸四丁目4番6号,bakery,35.697439,139.816849,879,matched,9b2181cb-6feb-4ea6-8fe4-4dee63aa5a9e,西島製菓,4,店名完全一致,,,"CDLA-Permissive-2.0|公共データ利用規約（第1.0版, PDL1.0）","Overture Maps Foundation, overturemaps.org|厚生労働省 食品衛生申請等システム（オープンデータ）"
186,Ｖａｇｕｅ,ヴァーグ,東京都墨田区錦糸四丁目６番７号 万正オンダビル１０２,restaurant,35.697618,139.815812,973,added,,,,,,,"公共データ利用規約（第1.0版, PDL1.0）",厚生労働省 食品衛生申請等システム（オープンデータ）
187,ＳＳ　Ｈａｌａｌ　Ｍａｒｔ＆Ｃｏｌｌｅｃｔｉｏｎ,エスエス　ハラル　マーケットアンドコレクション,東京都墨田区錦糸四丁目2番4-202号,unknown,35.697567,139.818574,724,uncertain,,,,,,,"公共データ利用規約（第1.0版, PDL1.0）",厚生労働省 食品衛生申請等システム（オープンデータ）
188,インドスパイシーショップ　ハラル　フード,インドスパイシーショップ　ハラル　フード,東京都墨田区錦糸四丁目2番4号 チェリーマンション2階202,unknown,35.697567,139.818574,724,nonfood,,,,,,インド・ネパール料理,"公共データ利用規約（第1.0版, PDL1.0）",厚生労働省 食品衛生申請等システム（オープンデータ）
189,有限会社タンポポ,ユウゲンガイシャタンポポ,東京都墨田区錦糸四丁目16番11号,restaurant,35.698827,139.818135,781,added,,,,,,,"公共データ利用規約（第1.0版, PDL1.0）",厚生労働省 食品衛生申請等システム（オープンデータ）
190,私立珈琲小学校,シリツコーヒーショウガッコウ,東京都墨田区錦糸四丁目9番９号 宮本マンション２　102,restaurant,35.69772,139.817933,782,nonfood,,,,,,カフェ・喫茶,"公共データ利用規約（第1.0版, PDL1.0）",厚生労働省 食品衛生申請等システム（オープンデータ）
191,ルネサンス 亀戸,ルネサンス カメイド,東京都江東区亀戸2-1-1　3階,unknown,35.697399,139.820022,593,uncertain,,,,,,,"公共データ利用規約（第1.0版, PDL1.0）",厚生労働省 食品衛生申請等システム（オープンデータ）
192,ルネサンス 亀戸,ルネサンス カメイド,東京都江東区亀戸2丁目1-1　2階,unknown,35.697399,139.820022,593,uncertain,,,,,,,"CC BY 4.0|公共データ利用規約（第1.0版, PDL1.0）",厚生労働省 食品衛生申請等システム（オープンデータ）|東京都江東区食品等営業許可・届出一覧
193,スギドラッグ  亀戸店,スギドラッグ  カメイドテン,東京都江東区亀戸二丁目1番12号 コモディイイダ亀戸店内,grocery,35.697312,139.82011699999998,584,nonfood,,,,,,,"CC BY 4.0|公共データ利用規約（第1.0版, PDL1.0）",厚生労働省 食品衛生申請等システム（オープンデータ）|東京都江東区食品等営業許可・届出一覧
194,ayabe coffeestand,アヤベコーヒースタンド,東京都墨田区太平4丁目5-20 錦糸町ローヤルコーポ511,unknown,35.701206,139.816984,969,added,,,,,,カフェ・喫茶,"公共データ利用規約（第1.0版, PDL1.0）",厚生労働省 食品衛生申請等システム（オープンデータ）
195,ＢＨＡＲＡＴＩ 　錦糸町,バルティー　キンシチョウ,東京都墨田区太平四丁目６番１２号 小見ビル,restaurant,35.701547,139.817634,936,added,,,,,,,"公共データ利用規約（第1.0版, PDL1.0）",厚生労働省 食品衛生申請等システム（オープンデータ）
196,BriLLaタワー東京,ブリリアタワートウキョウ,東京都墨田区太平4-1-1,unknown,35.7006,139.817055,935,uncertain,,,,,,,"公共データ利用規約（第1.0版, PDL1.0）",厚生労働省 食品衛生申請等システム（オープンデータ）
197,笹互,ササゴ,東京都墨田区太平四丁目5番16号,restaurant,35.701521,139.817793,922,added,,,,,,,"公共データ利用規約（第1.0版, PDL1.0）",厚生労働省 食品衛生申請等システム（オープンデータ）
198,株式会社阪急阪神百貨店　スイーツ移動販売,カブシキガイシャハンキュウハンシンヒャッカテン　スィーツイドウハンバイ,東京都墨田区太平4丁目周辺,unknown,35.701206,139.816984,969,added,,,,,,スイーツ・和菓子,"公共データ利用規約（第1.0版, PDL1.0）",厚生労働省 食品衛生申請等システム（オープンデータ）
199,ニャットタン　アジアン　レストラン,ニャットタン　アジアン　レストラン,東京都墨田区太平四丁目４番５号,restaurant,35.701223,139.818033,886,matched,abe58f2e-6671-417e-8acf-6a6ba28f0ae5,ニャットタン,12,類似度0.90,,その他アジア料理,"公共データ利用規約（第1.0版, PDL1.0）",厚生労働省 食品衛生申請等システム（オープンデータ）
200,有限会社 天むす・すえひろ 東京キッチン,テンムス･スエヒロ トウキョウキッチン,東京都江東区亀戸二丁目7-8,unknown,35.7012795,139.8203635,715,uncertain,,,,,,,"CC BY 4.0|公共データ利用規約（第1.0版, PDL1.0）",厚生労働省 食品衛生申請等システム（オープンデータ）|東京都江東区食品等営業許可・届出一覧
201,船橋屋　亀戸天神前本店,フナバシヤ　カメイドテンジンマエホンテン,東京都江東区亀戸3-2-14,unknown,35.701697,139.819988,770,matched,1d4bfe86-b3e4-4d39-94e4-008d44f8b481,株式会社 船橋屋,13,類似度1.00,,スイーツ・和菓子,"公共データ利用規約（第1.0版, PDL1.0）",厚生労働省 食品衛生申請等システム（オープンデータ）
202,八べえ,ハチベエ,東京都江東区亀戸三丁目2-8斉魯ビル1F,unknown,35.70184,139.820639,736,matched,dc4415b4-68d6-4c17-9003-f95908fa0600,八べえ天神店,2,類似度1.00,,,CC BY 4.0,東京都江東区食品等営業許可・届出一覧
203,船橋屋 門前店,フナバシヤ モンゼンテン,東京都江東区亀戸三丁目2-8小川ビル1F,unknown,35.7018415,139.82066,735,matched,1d4bfe86-b3e4-4d39-94e4-008d44f8b481,株式会社 船橋屋,59,類似度0.90,,スイーツ・和菓子,"CC BY 4.0|公共データ利用規約（第1.0版, PDL1.0）",厚生労働省 食品衛生申請等システム（オープンデータ）|東京都江東区食品等営業許可・届出一覧
204,とんかつ おぐろ,トンカツオグロ,東京都江東区亀戸二丁目25-3小黒ソシアルビル1階,restaurant,35.698815,139.823629,315,added,,,,,,とんかつ・揚げ物,CC BY 4.0,東京都江東区食品等営業許可・届出一覧
205,江東区立第一亀戸小学校,コウトウクリツダイイチカメイドショウガッコウ,東京都江東区亀戸2-5-7,restaurant,35.698799,139.82193,452,nonfood,,,,,,,"公共データ利用規約（第1.0版, PDL1.0）",厚生労働省 食品衛生申請等システム（オープンデータ）
206,おしどり,オシドリ,東京都江東区亀戸2-25-3 小黒ビル１０２号,restaurant,35.698808,139.82362,315,added,,,,,,,"公共データ利用規約（第1.0版, PDL1.0）",厚生労働省 食品衛生申請等システム（オープンデータ）
207,松屋　亀戸店,マツヤ　カメイドテン,東京都江東区亀戸二丁目20番4号 1階,restaurant,35.697691,139.825168,135,matched,1d1a057a-b809-4b8e-bd6b-d0c1b1220be0,Matsuya Kameido,2,近接・ローマ字一致,,牛丼・丼,"公共データ利用規約（第1.0版, PDL1.0）",厚生労働省 食品衛生申請等システム（オープンデータ）
208,大川水産催事場,オオカワスイサンサイジジョウ,東京都江東区亀戸五丁目1-1アトレ亀戸1階コンコース,unknown,35.697402,139.825895,63,nonfood,,,,,,,CC BY 4.0,東京都江東区食品等営業許可・届出一覧
209,川崎大師 大谷堂,カワサキダイシ オオタニドウ,東京都江東区亀戸五丁目1-1アトレ亀戸店1F,restaurant,35.697402,139.825895,63,added,,,,,,,CC BY 4.0,東京都江東区食品等営業許可・届出一覧
210,エクセルシオールカフェ 亀戸店,エクセルシオールカフェ カメイドテン,東京都江東区亀戸五丁目1-21階,unknown,35.698054,139.826208,90,added,,,,,,カフェ・喫茶,CC BY 4.0,東京都江東区食品等営業許可・届出一覧
211,サイゼリヤ亀戸北口店,サイゼリヤカメイドキタグチテン,東京都江東区亀戸5-1-2 LIV亀戸2　B1F,unknown,35.698054,139.826208,90,matched,e6d9d0d2-3441-4b10-a04e-d9ad0c557076,サイゼリヤ,3,店名完全一致,,イタリアン,"CC BY 4.0|公共データ利用規約（第1.0版, PDL1.0）",厚生労働省 食品衛生申請等システム（オープンデータ）|東京都江東区食品等営業許可・届出一覧
212,カラオケ館亀戸店,カラオケカンカメイドテン,東京都江東区亀戸五丁目2番2号 B&Vビル１～5階,restaurant,35.698405,139.825788,142,nonfood,,,,,,,"CDLA-Permissive-2.0|公共データ利用規約（第1.0版, PDL1.0）","Overture Maps Foundation, overturemaps.org|厚生労働省 食品衛生申請等システム（オープンデータ）"
213,グリーングルメ,グリーングルメ,東京都江東区亀戸五丁目1-1アトレ亀戸地下一階,unknown,35.697743,139.8264525,50,matched,ea496a44-57d4-48f5-adf7-cca0e88f45e2,グリーン・グルメ,11,店名完全一致,,,"Apache-2.0|CC BY 4.0|公共データ利用規約（第1.0版, PDL1.0）","Overture Maps Foundation, overturemaps.org / Copyright 2024 Foursquare Labs, Inc. (https://opensource.foursquare.com/places-notice-txt/)|厚生労働省 食品衛生申請等システム（オープンデータ）|東京都江東区食品等営業許可・届出一覧"
214,創菜いいな　亀戸店,ソウザイイイナカメイドテン,東京都江東区亀戸5丁目１番１号 アトレ亀戸地下１階,unknown,35.697744,139.8264515,50,matched,75bbd8fe-19e6-4703-b009-576e0b04a365,創菜いい菜 亀戸店,7,類似度0.80,,,"CC BY 4.0|CDLA-Permissive-2.0|公共データ利用規約（第1.0版, PDL1.0）","Overture Maps Foundation, overturemaps.org|厚生労働省 食品衛生申請等システム（オープンデータ）|東京都江東区食品等営業許可・届出一覧"
215,フロプレステージュ 亀戸アトレ店,フロプレステージュ カメイドアトレテン,東京都江東区亀戸５丁目１－１ アトレ亀戸 Ｂ１Ｆ,unknown,35.697743,139.826454,50,uncertain,,,,,,,"CC BY 4.0|公共データ利用規約（第1.0版, PDL1.0）",厚生労働省 食品衛生申請等システム（オープンデータ）|東京都江東区食品等営業許可・届出一覧
216,三原堂本店　亀戸店,ミハラドウホンテン　カメイドテン,東京都江東区亀戸5-1-1アトレ亀戸地下1階,unknown,35.697765,139.826497,52,matched,d2d30c13-8d79-4fec-a10e-8cb16586350b,三原堂本店,28,類似度1.00,,スイーツ・和菓子,"Apache-2.0|CC BY 4.0|公共データ利用規約（第1.0版, PDL1.0）","Overture Maps Foundation, overturemaps.org / Copyright 2024 Foursquare Labs, Inc. (https://opensource.foursquare.com/places-notice-txt/)|厚生労働省 食品衛生申請等システム（オープンデータ）|東京都江東区食品等営業許可・届出一覧"
217,一風堂アトレ亀戸店,イップウドウアトレカメイドテン,東京都江東区亀戸5-1-1　1階 アトレ亀戸,restaurant,35.697765,139.826497,52,added,,,,,,ラーメン,"公共データ利用規約（第1.0版, PDL1.0）",厚生労働省 食品衛生申請等システム（オープンデータ）
218,ウエルシアアトレ亀戸店,ウエルシアアトレカメイドテン,東京都江東区亀戸5-1-1 アトレ亀戸2232,grocery,35.697765,139.826497,52,nonfood,,,,,,,"Apache-2.0|CC BY 4.0|CC0-1.0|CDLA-Permissive-2.0|公共データ利用規約（第1.0版, PDL1.0）","Overture Maps Foundation, overturemaps.org|Overture Maps Foundation, overturemaps.org / Copyright 2024 Foursquare Labs, Inc. (https://opensource.foursquare.com/places-notice-txt/)|厚生労働省 食品衛生申請等システム（オープンデータ）|東京都江東区食品等営業許可・届出一覧"
219,ジェクサー・フィットネス＆スパ亀戸,ジェクサー・フィットネスアンドスパカメイド,東京都江東区亀戸5-1-1 アトレ亀戸店6F,unknown,35.697765,139.826497,52,nonfood,,,,,,,"CDLA-Permissive-2.0|公共データ利用規約（第1.0版, PDL1.0）","Overture Maps Foundation, overturemaps.org|厚生労働省 食品衛生申請等システム（オープンデータ）"
220,澤光青果,サワミツセイカ,東京都江東区亀戸5-1-1 アトレ亀戸地下1階,unknown,35.697744,139.82645300000001,50,uncertain,,,,,,,"CC BY 4.0|公共データ利用規約（第1.0版, PDL1.0）",厚生労働省 食品衛生申請等システム（オープンデータ）|東京都江東区食品等営業許可・届出一覧
221,和泉家吉之助,イズミヤキチノスケ,東京都江東区亀戸5-1-1 東武亀戸駅　改札外,unknown,35.697700499999996,139.8262695,52,uncertain,,,,,,,"CC BY 4.0|公共データ利用規約（第1.0版, PDL1.0）",厚生労働省 食品衛生申請等システム（オープンデータ）|東京都江東区食品等営業許可・届出一覧
222,ニューデイズミニ亀戸1号,ニューデイズミニカメイドイチゴウ,東京都江東区亀戸五丁目1番1号 ＪＲ亀戸駅構内,convenience_store,35.6976635,139.8263465,45,nonfood,,,,,,,"CC BY 4.0|公共データ利用規約（第1.0版, PDL1.0）",厚生労働省 食品衛生申請等システム（オープンデータ）|東京都江東区食品等営業許可・届出一覧
223,亀戸駅ホーム千葉方面（10026527）,カメイドエキホームチバホウメン,東京都江東区亀戸五丁目1番1号,unknown,35.6976455,139.826388,42,nonfood,,,,,,,"CC BY 4.0|公共データ利用規約（第1.0版, PDL1.0）",厚生労働省 食品衛生申請等システム（オープンデータ）|東京都江東区食品等営業許可・届出一覧
224,いろり庵きらく亀戸店,イロリアンキラクカメイドテン,東京都江東区亀戸五丁目１番１号　JR亀戸駅構内,restaurant,35.697322,139.826565,2,matched,54a3c944-4a70-4ec9-a2aa-31a42601e104,いろり庵きらく 亀戸,52,店名完全一致,,そば・うどん,"CDLA-Permissive-2.0|公共データ利用規約（第1.0版, PDL1.0）","Overture Maps Foundation, overturemaps.org|厚生労働省 食品衛生申請等システム（オープンデータ）"
225,Ｂｅａｒ,Bear,東京都江東区亀戸二丁目30-7サンモール亀戸1階,restaurant,35.699506,139.824235,324,matched,da9fdbe2-11e9-40c2-bbfb-1fb936623255,Chinese Dining Bear,3,類似度0.90,,,CC BY 4.0,東京都江東区食品等営業許可・届出一覧
226,串屋横丁 亀戸新館,クシヤヨコチョウ カメイドシンカン,東京都江東区亀戸二丁目27-16,restaurant,35.699067,139.825094,238,matched,c10f8a91-13a8-4afb-8cce-58a47e337430,串屋横丁亀戸北口店,121,店名完全一致,,居酒屋,CC BY 4.0,東京都江東区食品等営業許可・届出一覧
227,ＢＡＲ ＬＩＧＨＴ,バー ライト,東京都江東区亀戸五丁目13-2スクエア三報ビル2階,restaurant,35.699052,139.826277,196,matched,5893a277-036c-4d41-b084-9a540d7fa37f,Darts&Bar Delightful,107,類似度0.90,,バー,CC BY 4.0,東京都江東区食品等営業許可・届出一覧
228,てんや亀戸店,テンヤカメイドテン,東京都江東区亀戸二丁目22番10号 鈴木ビル,unknown,35.6984935,139.8253915,170,matched,6a72f5a4-201d-4819-aa01-53cfb37f64b3,天丼てんや,4,類似度0.90,,天ぷら・天丼,"CC BY 4.0|公共データ利用規約（第1.0版, PDL1.0）",厚生労働省 食品衛生申請等システム（オープンデータ）|東京都江東区食品等営業許可・届出一覧
229,すき家　亀戸駅北口店,スキヤ　カメイドエキキタグチテン,東京都江東区亀戸二丁目22番10号 ｶﾄｳﾋﾞﾙ1階,restaurant,35.698511,139.825382,172,matched,f29b6783-59f6-4c24-9e06-e4e1726c569b,すき家,9,類似度0.90,,牛丼・丼,"公共データ利用規約（第1.0版, PDL1.0）",厚生労働省 食品衛生申請等システム（オープンデータ）
230,ウェルパーク亀戸北口店,ウェルパークカメイドキタグチテン,東京都江東区亀戸2-27-12,unknown,35.699263,139.825176,252,uncertain,,,,,,,"Apache-2.0|CC0-1.0|公共データ利用規約（第1.0版, PDL1.0）","Overture Maps Foundation, overturemaps.org|Overture Maps Foundation, overturemaps.org / Copyright 2024 Foursquare Labs, Inc. (https://opensource.foursquare.com/places-notice-txt/)|厚生労働省 食品衛生申請等システム（オープンデータ）"
231,牧民家,ボクチクミンイエ,東京都江東区亀戸五丁目14-11-2F,restaurant,35.699189,139.825986,216,added,,,,,,,CC BY 4.0,東京都江東区食品等営業許可・届出一覧
232,大衆ジンギスカン酒場ラムちゃん　亀戸店,タイシュウジンギスカンサカバラムチャン　カメイドテン,東京都江東区亀戸5丁目13番地6号 東栄ビル104号室,restaurant,35.699407,139.826162,237,matched,f36a34f0-a41e-4525-97b3-f4e01c5fc412,大衆ジンギスカン酒場 ラムちゃん 亀戸店,7,店名完全一致,,焼肉・ホルモン,"Apache-2.0|公共データ利用規約（第1.0版, PDL1.0）","Overture Maps Foundation, overturemaps.org / Copyright 2024 Foursquare Labs, Inc. (https://opensource.foursquare.com/places-notice-txt/)|厚生労働省 食品衛生申請等システム（オープンデータ）"
233,初代 吉田,ショダイ ヨシダ,東京都江東区亀戸五丁目13-6東榮ビル1階,restaurant,35.699389,139.82618,234,added,,,,,,,CC BY 4.0,東京都江東区食品等営業許可・届出一覧
234,大衆焼き鳥酒場やきとりさんきゅう亀戸本店はなれ,タイシュウヤキトリサカバヤキトリサンキュウカメイトハナレﾞホンテン,東京都江東区亀戸五丁目13-4,restaurant,35.699305,139.826192,225,added,,,,,,焼き鳥・やきとん,CC BY 4.0,東京都江東区食品等営業許可・届出一覧
235,フィットプレイス亀戸,フィットプレイスカメイド,東京都江東区亀戸5-13-3 アズ亀戸テラス2・3階,unknown,35.699198,139.826262,212,uncertain,,,,,,,"公共データ利用規約（第1.0版, PDL1.0）",厚生労働省 食品衛生申請等システム（オープンデータ）
236,大穴亀戸店,ダイアナカメイドテン,東京都江東区亀戸5-13-3　AZ kameido terrace　1階,restaurant,35.699198,139.826262,212,added,,,,,,,"公共データ利用規約（第1.0版, PDL1.0）",厚生労働省 食品衛生申請等システム（オープンデータ）
237,香??熟食店,シャンバロインショクテン,東京都江東区亀戸五丁目16-21,restaurant,35.699601,139.826127,258,added,,,,,,,CC BY 4.0,東京都江東区食品等営業許可・届出一覧
238,大衆串揚げ酒場くしあげさんきゅう,タイシュウクシアゲサカバクシアゲサンキュウ,東京都江東区亀戸五丁目13-2スクエア三報1階110区画,restaurant,35.699052,139.826277,196,added,,,,,,串かつ・串揚げ,CC BY 4.0,東京都江東区食品等営業許可・届出一覧
239,ＶＩＥＴＮＡＭ １５１Ａ,VIETNAM 151A,東京都江東区亀戸五丁目13-2スクエア三報2階,restaurant,35.699052,139.826277,196,matched,b7758840-bee3-4df9-b904-7cf4c5e45a53,Vietnam 151A Cafe Restaurant,9,店名完全一致,,ベトナム料理,CC BY 4.0,東京都江東区食品等営業許可・届出一覧
240,なないろ保育園,ナナイロホイクエン,東京都江東区亀戸三丁目46-15TPCビル2階,unknown,35.701903,139.8231035,600,nonfood,,,,,,,"CC BY 4.0|CDLA-Permissive-2.0|公共データ利用規約（第1.0版, PDL1.0）","Overture Maps Foundation, overturemaps.org|厚生労働省 食品衛生申請等システム（オープンデータ）|東京都江東区食品等営業許可・届出一覧"
241,天神煎餅 大木屋,テンジンセンベイ オオキヤ,東京都江東区亀戸二丁目8-5,bakery,35.701311,139.821806,620,added,,,,,,,CC BY 4.0|CDLA-Permissive-2.0,"Overture Maps Foundation, overturemaps.org|東京都江東区食品等営業許可・届出一覧"
242,ピザハット亀戸店,ピザハットカメイドテン,東京都江東区亀戸二丁目8-11アドリーム亀戸1F,restaurant,35.701382,139.822748,570,matched,f5a50d28-feba-490c-81aa-36c6d2ff8a7e,ピザハット,2,店名完全一致,,イタリアン,Apache-2.0|CC BY 4.0,"Overture Maps Foundation, overturemaps.org / Copyright 2024 Foursquare Labs, Inc. (https://opensource.foursquare.com/places-notice-txt/)|東京都江東区食品等営業許可・届出一覧"
243,グリーンフロンティア株式会社,グリーンフロンティアカブシキガイシャ,東京都江東区亀戸二丁目8-11アドリーム亀戸202,unknown,35.701382,139.822748,570,uncertain,,,,,,,CC BY 4.0,東京都江東区食品等営業許可・届出一覧
244,木守庵,キマモリアン,東京都江東区亀戸３−４７−１７,grocery,35.701839,139.8234425,578,nonfood,,,,,,,"CC BY 4.0|公共データ利用規約（第1.0版, PDL1.0）",厚生労働省 食品衛生申請等システム（オープンデータ）|東京都江東区食品等営業許可・届出一覧
245,麺 ふじさき,メン フジサキ,東京都江東区亀戸二丁目8-11アドリーム亀戸101,restaurant,35.701382,139.822748,570,added,,,,,,,CC BY 4.0,東京都江東区食品等営業許可・届出一覧
246,リックキッズ亀戸校,リックキッズカメイドコウ,東京都江東区亀戸2-33-12 白楽ビル２階,unknown,35.699827,139.8235295,393,nonfood,,,,,,,"CC BY 4.0|公共データ利用規約（第1.0版, PDL1.0）",厚生労働省 食品衛生申請等システム（オープンデータ）|東京都江東区食品等営業許可・届出一覧
247,ジャンプ亀戸店,ジャンプカメイドテン,東京都江東区亀戸二丁目6-2,grocery,35.700186,139.822571,484,nonfood,,,,,,,CC BY 4.0,東京都江東区食品等営業許可・届出一覧
248,ファミリーマート江東亀戸二丁目店,ファミリーマートコウトウカメイドニチョウメテン,東京都江東区亀戸二丁目33-4ライオンズマンション亀戸第2-1階,convenience_store,35.700197,139.823511,425,nonfood,,,,,,,CC BY 4.0|CC0-1.0,"Overture Maps Foundation, overturemaps.org|東京都江東区食品等営業許可・届出一覧"
249,クオリスキッズ亀戸保育園,クオリスキッズカメイドホイクエン,東京都江東区亀戸二丁目10-10,unknown,35.700335,139.823063,463,nonfood,,,,,,,CC BY 4.0,東京都江東区食品等営業許可・届出一覧
250,ANYTIME　FITNESS,エニタイムフィットネス,東京都江東区亀戸2-10-10 EKビルディングⅠ　1F,unknown,35.700358,139.823093,463,uncertain,,,,,,,"公共データ利用規約（第1.0版, PDL1.0）",厚生労働省 食品衛生申請等システム（オープンデータ）
251,新鮮市場海宝丸亀戸店 鮮魚作業室,シンセンシジョウカイホウマルカメイドテン センギョサギョウシツ,東京都江東区亀戸二丁目6-2,grocery,35.700186,139.822571,484,nonfood,,,,,,海鮮・魚料理,CC BY 4.0,東京都江東区食品等営業許可・届出一覧
252,陽だまり保育園,ヒダマリホイクエン,東京都江東区亀戸二丁目6-2-102,unknown,35.700186,139.822571,484,nonfood,,,,,,,CC BY 4.0,東京都江東区食品等営業許可・届出一覧
253,しののめヌードル,シノノメヌードル,東京都江東区亀戸三丁目45-18亀戸三丁目ビル1階,restaurant,35.701743,139.821764,658,matched,db416da2-b1ef-44e4-a328-e8aed0d4809a,しののめヌードル,6,店名完全一致,,,CC BY 4.0|CDLA-Permissive-2.0,"Overture Maps Foundation, overturemaps.org|東京都江東区食品等営業許可・届出一覧"
254,まいばすけっと亀戸２丁目店,マイバスケットカメイド2チョウメテン,東京都江東区亀戸二丁目36-12エスプリ亀戸,unknown,35.700116,139.825221,336,nonfood,,,,,,,CC BY 4.0,東京都江東区食品等営業許可・届出一覧
255,まいばすけっと亀戸2丁目店,マイバスケットカメイドニチョウメテン,東京都江東区亀戸2丁目37-2 亀戸小坂ビル,unknown,35.700821,139.82516,411,nonfood,,,,,,,"公共データ利用規約（第1.0版, PDL1.0）",厚生労働省 食品衛生申請等システム（オープンデータ）
256,なか卯　亀戸店,ナカウ　カメイドテン,東京都江東区亀戸2丁目36番14号 長崎ビル,restaurant,35.699912,139.825238,314,matched,73ec7288-5255-444d-bc4c-a6321b8907d5,なか卯,8,類似度1.00,,牛丼・丼,"公共データ利用規約（第1.0版, PDL1.0）",厚生労働省 食品衛生申請等システム（オープンデータ）
257,イシイの甘栗 亀戸店,イシイノアマグリ カメイドテン,東京都江東区亀戸二丁目45-6,grocery,35.701516,139.825164,485,nonfood,,,,,,,CC BY 4.0,東京都江東区食品等営業許可・届出一覧
258,健康厨房,ケンコウチュウボウ,東京都江東区亀戸二丁目44-11飯島ビルPART-3-1階,unknown,35.701271,139.82459,476,uncertain,,,,,,,CC BY 4.0,東京都江東区食品等営業許可・届出一覧
259,健康厨房,ケンコウチュウボウ,東京都江東区亀戸二丁目38-10,unknown,35.700782,139.824675,423,uncertain,,,,,,,CC BY 4.0,東京都江東区食品等営業許可・届出一覧
260,和亀,ワカメ,東京都江東区亀戸2-44-6 ヴェラハイツ亀戸参番館　１０１号室,restaurant,35.701446,139.824713,490,added,,,,,,,"公共データ利用規約（第1.0版, PDL1.0）",厚生労働省 食品衛生申請等システム（オープンデータ）
261,板 石山光一,イタ イシヤマコウイチ,東京都江東区亀戸二丁目44-10カブラギビル101,restaurant,35.701242,139.824781,467,matched,6fe0fe52-a514-454a-b6e6-ed6eca65d08a,板 石山光一 四條司家御膳所,4,類似度0.90,,,CC BY 4.0,東京都江東区食品等営業許可・届出一覧
262,第２健康厨房,ダイ2ケンコウチュウボウ,東京都江東区亀戸二丁目38-5,unknown,35.701024,139.824506,454,uncertain,,,,,,,CC BY 4.0,東京都江東区食品等営業許可・届出一覧
263,ドレミチキン＆ホットドッグ,ドレミチキ&ホットドッグン,東京都江東区亀戸四丁目18-1高森ビル1F,restaurant,35.700708,139.825596,389,added,,,,,,,CC BY 4.0,東京都江東区食品等営業許可・届出一覧
264,亀戸升本 すずしろ庵,カメイドマスモト スズシロアン,東京都江東区亀戸二丁目45-8,unknown,35.701248,139.825143,457,matched,0e8dc140-4eca-4bea-9e24-387093bd5a4c,亀戸升本 すずしろ庵,7,店名完全一致,,和食・割烹,Apache-2.0|CC BY 4.0,"Overture Maps Foundation, overturemaps.org / Copyright 2024 Foursquare Labs, Inc. (https://opensource.foursquare.com/places-notice-txt/)|東京都江東区食品等営業許可・届出一覧"
265,亀戸 梅屋敷,カメイド ウメヤシキ,東京都江東区亀戸四丁目18-8,unknown,35.701373,139.825732,459,uncertain,,,,,,,CC BY 4.0|CDLA-Permissive-2.0,"Overture Maps Foundation, overturemaps.org|東京都江東区食品等営業許可・届出一覧"
266,骨湯麻辣? 亀戸店,コウタンマーラータン カメイドテン,東京都江東区亀戸五丁目15-4510ビル101,restaurant,35.700117,139.825729,322,added,,,,,,,CC BY 4.0,東京都江東区食品等営業許可・届出一覧
267,くすりセイジョー亀戸店,クスリセイジョーカメイドテン,東京都江東区亀戸二丁目37番9号,unknown,35.7008715,139.8251605,417,uncertain,,,,,,,"Apache-2.0|CC BY 4.0|CDLA-Permissive-2.0|公共データ利用規約（第1.0版, PDL1.0）","Overture Maps Foundation, overturemaps.org|Overture Maps Foundation, overturemaps.org / Copyright 2024 Foursquare Labs, Inc. (https://opensource.foursquare.com/places-notice-txt/)|厚生労働省 食品衛生申請等システム（オープンデータ）|東京都江東区食品等営業許可・届出一覧"
268,船橋屋　亀戸天神境内店,フナバシヤ　カメイドテンジンケイダイテン,東京都江東区亀戸3丁目6-1　亀戸天神社境内,unknown,35.703028,139.820661,831,matched,1d4bfe86-b3e4-4d39-94e4-008d44f8b481,株式会社 船橋屋,167,類似度0.90,,スイーツ・和菓子,"公共データ利用規約（第1.0版, PDL1.0）",厚生労働省 食品衛生申請等システム（オープンデータ）
269,ＧＯＤＡＩ亀戸校（テニスカレッジ・ゴルフアカデミー・ゴールデンキッズ）,GODAIカメイドコウ(テニスカレッジ･ゴルフアカデミー･ゴールデンキッズ),東京都江東区亀戸四丁目28-2,restaurant,35.704342,139.826118,783,nonfood,,,,,,,CC BY 4.0,東京都江東区食品等営業許可・届出一覧
270,むつ下北,ムツシモキタ,東京都江東区亀戸3-60-17,unknown,35.7022105,139.82450699999998,577,uncertain,,,,,,,"CC BY 4.0|公共データ利用規約（第1.0版, PDL1.0）",厚生労働省 食品衛生申請等システム（オープンデータ）|東京都江東区食品等営業許可・届出一覧
271,にじいろ保育園亀戸,ニジイロホイクエンカメイド,東京都江東区亀戸3丁目43番23号,unknown,35.703777,139.822002,830,nonfood,,,,,,,"CC BY 4.0|公共データ利用規約（第1.0版, PDL1.0）",厚生労働省 食品衛生申請等システム（オープンデータ）|東京都江東区食品等営業許可・届出一覧
272,もりのなかま保育園 亀戸園,モリノナカマホイクエン カメイドエン,東京都江東区亀戸三丁目62-15ミオカステーロ亀戸Ⅱ101,unknown,35.703027500000005,139.825314,646,nonfood,,,,,,,"CC BY 4.0|公共データ利用規約（第1.0版, PDL1.0）",厚生労働省 食品衛生申請等システム（オープンデータ）|東京都江東区食品等営業許可・届出一覧
273,まいばすけっと江東亀戸３丁目店,マイバスケットコウトウカメイドサンチョウメテン,東京都江東区亀戸三丁目21-14クラシヲ亀戸,unknown,35.70468700000001,139.82144,943,nonfood,,,,,,,"CC BY 4.0|公共データ利用規約（第1.0版, PDL1.0）",厚生労働省 食品衛生申請等システム（オープンデータ）|東京都江東区食品等営業許可・届出一覧
274,ＨＩＢＩＫＩ,ヒビキ,東京都江東区亀戸三丁目24-75階,restaurant,35.705269,139.821983,978,added,,,,,,,CC BY 4.0,東京都江東区食品等営業許可・届出一覧
275,ワインと燗酒オンプラ,ワイントカンザケオンブラ,東京都江東区亀戸3-59-19 フラット１ビル105,restaurant,35.702583,139.824321,621,added,,,,,,バー,"公共データ利用規約（第1.0版, PDL1.0）",厚生労働省 食品衛生申請等システム（オープンデータ）
276,中華洋食喜楽,チュウカヨウショクキラク,東京都江東区亀戸三丁目44-16,restaurant,35.702519,139.82275,675,added,,,,,,中華,CC BY 4.0,東京都江東区食品等営業許可・届出一覧
277,一葉,イチバ,東京都江東区亀戸三丁目46-11大熊ビル1F101室,restaurant,35.702256,139.823112,633,added,,,,,,,CC BY 4.0,東京都江東区食品等営業許可・届出一覧
278,坂本商店,サカモトショウテン,東京都江東区亀戸三丁目60-17,unknown,35.702198,139.824527,575,uncertain,,,,,,,CC BY 4.0|CDLA-Permissive-2.0,"Overture Maps Foundation, overturemaps.org|東京都江東区食品等営業許可・届出一覧"
279,デイサービスセンターなごやか亀戸,デイサービスセンターナゴヤカカメイド,東京都江東区亀戸三丁目61-3小林コーポ1階,unknown,35.702133,139.824797,560,nonfood,,,,,,,CC BY 4.0,東京都江東区食品等営業許可・届出一覧
280,Olympic  亀戸店,オリンピック　カメイドテン,東京都江東区亀戸3丁目６１番18号,unknown,35.702304,139.825018,573,uncertain,,,,,,,"CC BY 4.0|公共データ利用規約（第1.0版, PDL1.0）",厚生労働省 食品衛生申請等システム（オープンデータ）|東京都江東区食品等営業許可・届出一覧
281,AKOMEYA TOKYO,アコメヤトウキョウ,東京都江東区亀戸5-1-1 アトレ亀戸２F,unknown,35.697985,139.826913,81,uncertain,,,,,,,"公共データ利用規約（第1.0版, PDL1.0）",厚生労働省 食品衛生申請等システム（オープンデータ）
282,Cafe Poco,カフェ　ポコ,東京都江東区亀戸5-38-33 井元ビル１階,restaurant,35.698647,139.831324,453,added,,,,,,カフェ・喫茶,"公共データ利用規約（第1.0版, PDL1.0）",厚生労働省 食品衛生申請等システム（オープンデータ）
283,ＴＨＥ ＧＵＲＫＨＡＳ ＨＵＢ Ｎｅｐａｌｓｅｓｅ Ｒｅｓｔｕａｒｅｎｔ Ａｎｄ Ｂａｒ,ザ グルカズ ハブ ネパールレストランアンドバー,東京都江東区亀戸五丁目5-12,restaurant,35.698397,139.827048,128,added,,,,,,インド・ネパール料理,CC BY 4.0,東京都江東区食品等営業許可・届出一覧
284,アンジェリカ亀戸保育園,アンジェリカカメイドホイクエン,東京都江東区亀戸四丁目13-18,unknown,35.701231,139.828276,462,nonfood,,,,,,,CC BY 4.0,東京都江東区食品等営業許可・届出一覧
285,洋風居酒屋 ペコリ 亀戸店,ヨウフウイザカヤ　ペコリ　カメイドテン,東京都江東区亀戸五丁目5番13号 リコービル2階,restaurant,35.698365,139.826936,122,added,,,,,,居酒屋,"公共データ利用規約（第1.0版, PDL1.0）",厚生労働省 食品衛生申請等システム（オープンデータ）
286,焼鳥とあて巻き 居酒屋大悟  亀戸店,ヤキトリトアテマキ イザカヤダイゴ カメイドテン,東京都江東区亀戸五丁目5番13号 リコービル1階,restaurant,35.698365,139.826936,122,added,,,,,,焼き鳥・やきとん,"公共データ利用規約（第1.0版, PDL1.0）",厚生労働省 食品衛生申請等システム（オープンデータ）
287,行きたくなる酒場　浜ちゃん　亀戸店,イキタクナルサカバ　ハマチャン　カメイドテン,東京都江東区亀戸五丁目4番11号 亀五ビル地下1階,restaurant,35.698369,139.826797,120,added,,,,,,居酒屋,"公共データ利用規約（第1.0版, PDL1.0）",厚生労働省 食品衛生申請等システム（オープンデータ）
288,梅田屋本店,ウメダヤホンテン,東京都江東区亀戸5-13-9 第27東ビル1F,restaurant,35.699359,139.82661,228,matched,cefedced-d25f-427b-94be-a2186958e246,梅田屋,75,類似度1.00,,,"公共データ利用規約（第1.0版, PDL1.0）",厚生労働省 食品衛生申請等システム（オープンデータ）
289,オン ザ バゲット,オン ザ バゲット,東京都江東区亀戸周辺,unknown,35.699554,139.826672,250,uncertain,,,,,,,CC BY 4.0,東京都江東区食品等営業許可・届出一覧
290,モンレーヴ,モンレーヴ,東京都江東区亀戸五丁目12-5,bakery,35.699306,139.82684,224,matched,1d9fb94d-fa12-498c-9995-1f408f131de6,モンレーヴ,5,店名完全一致,,,CC BY 4.0|CDLA-Permissive-2.0,"Overture Maps Foundation, overturemaps.org|東京都江東区食品等営業許可・届出一覧"
291,コレもう食べた？亀戸店,コレモウタベタカメイドテン,東京都江東区亀戸5丁目1番1号 JR亀戸駅構内,unknown,35.697861,139.82673699999998,63,uncertain,,,,,,,"公共データ利用規約（第1.0版, PDL1.0）",厚生労働省 食品衛生申請等システム（オープンデータ）
292,温野菜　亀戸店,オンヤサイ　カメイドテン,東京都江東区亀戸5-6-21 ＵＩＷ９ＢＬＤＧ１Ｆ　１０２号室,restaurant,35.6982815,139.8276505,145,added,,,,,,鍋・しゃぶしゃぶ,"CC BY 4.0|CDLA-Permissive-2.0|公共データ利用規約（第1.0版, PDL1.0）","Overture Maps Foundation, overturemaps.org|厚生労働省 食品衛生申請等システム（オープンデータ）|東京都江東区食品等営業許可・届出一覧"
293,ジョイフィット２４亀戸,ジョイフィット24カメイド,東京都江東区亀戸五丁目6-1常光ビル2階,unknown,35.698317,139.827434,136,uncertain,,,,,,,"CC BY 4.0|公共データ利用規約（第1.0版, PDL1.0）",厚生労働省 食品衛生申請等システム（オープンデータ）|東京都江東区食品等営業許可・届出一覧
294,マックスバリュエクスプレス亀戸センタープラザ店,マックスバリュエクスプレスカメイドセンタープラザテン,東京都江東区亀戸5-30-3,grocery,35.6987975,139.82901950000002,276,nonfood,,,,,,,"CC BY 4.0|CDLA-Permissive-2.0|公共データ利用規約（第1.0版, PDL1.0）","Overture Maps Foundation, overturemaps.org|厚生労働省 食品衛生申請等システム（オープンデータ）|東京都江東区食品等営業許可・届出一覧"
295,有限会社珍来,ユウゲンガイシャチンライ,東京都江東区亀戸五丁目29-20,restaurant,35.698955,139.829876,349,added,,,,,,,CC BY 4.0,東京都江東区食品等営業許可・届出一覧
296,サンライズキッズ保育園亀戸園,サンライズキッズホイクエンカメイドエン,東京都江東区亀戸5-29-19-1階,unknown,35.6989945,139.8299965,361,nonfood,,,,,,,"CC BY 4.0|CDLA-Permissive-2.0|公共データ利用規約（第1.0版, PDL1.0）","Overture Maps Foundation, overturemaps.org|厚生労働省 食品衛生申請等システム（オープンデータ）|東京都江東区食品等営業許可・届出一覧"
297,株式会社有倉商店,カブシキガイシャアリクラショウテン,東京都江東区亀戸五丁目33-5,unknown,35.6985615,139.8301985,355,uncertain,,,,,,,"CC BY 4.0|公共データ利用規約（第1.0版, PDL1.0）",厚生労働省 食品衛生申請等システム（オープンデータ）|東京都江東区食品等営業許可・届出一覧
298,ショアスマイル,ショアスマイル,東京都江東区亀戸５−３５−９,unknown,35.699924,139.830885,485,uncertain,,,,,,,"公共データ利用規約（第1.0版, PDL1.0）",厚生労働省 食品衛生申請等システム（オープンデータ）
299,グローバルキッズ亀戸園,グローバルキッズカメイドエン,東京都江東区亀戸五丁目1-15,unknown,35.697894500000004,139.8322265,514,nonfood,,,,,,居酒屋,"CC BY 4.0|公共データ利用規約（第1.0版, PDL1.0）",厚生労働省 食品衛生申請等システム（オープンデータ）|東京都江東区食品等営業許可・届出一覧
300,お茶漬けの店　ひよこ,オチャヅケノミセ　ヒヨコ,東京都江東区亀戸5-29-2,restaurant,35.69926,139.828866,300,added,,,,,,,"公共データ利用規約（第1.0版, PDL1.0）",厚生労働省 食品衛生申請等システム（オープンデータ）
301,ＴＳＵＲＵＧＡ　ＣＯＦＦＥＥ,ツルガコーヒー,東京都江東区亀戸５－３３－１７ レヴィ亀戸５０８,unknown,35.698288,139.830764,393,added,,,,,,カフェ・喫茶,"公共データ利用規約（第1.0版, PDL1.0）",厚生労働省 食品衛生申請等システム（オープンデータ）
302,株式会社１０１０．えびす,カブシキガイシャヒトマルヒトマルエビス,東京都江東区亀戸7-23-9,unknown,35.699017,139.83671049999998,934,uncertain,,,,,,,"CC BY 4.0|公共データ利用規約（第1.0版, PDL1.0）",厚生労働省 食品衛生申請等システム（オープンデータ）|東京都江東区食品等営業許可・届出一覧
303,とくし丸コモディイイダ1号車,トクシマルコモディイイダイチゴウシャ,東京都江東区亀戸８丁目付近,unknown,35.700334,139.834893,822,uncertain,,,,,,,"公共データ利用規約（第1.0版, PDL1.0）",厚生労働省 食品衛生申請等システム（オープンデータ）
304,有限会社尾花米店,ユウゲンガイシャオバナコメテン,東京都江東区亀戸七丁目19-6,unknown,35.698368,139.83674150000002,925,uncertain,,,,,,,"CC BY 4.0|公共データ利用規約（第1.0版, PDL1.0）",厚生労働省 食品衛生申請等システム（オープンデータ）|東京都江東区食品等営業許可・届出一覧
305,グリムハウス,グリムハウス,東京都江東区亀戸五丁目46-3三好マンション,bakery,35.698402,139.832681,564,matched,6a17350e-a8c6-4c45-82fb-3b7e850feaee,グリムハウス,13,店名完全一致,,,CC BY 4.0|CDLA-Permissive-2.0,"Overture Maps Foundation, overturemaps.org|東京都江東区食品等営業許可・届出一覧"
306,ローソン亀戸水神店,ローソンカメイドスイジンテン,東京都江東区亀戸八丁目14-13第二侭田ビル1階,restaurant,35.700688,139.833224,708,nonfood,,,,,,,CC BY 4.0|CC0-1.0,"Overture Maps Foundation, overturemaps.org|東京都江東区食品等営業許可・届出一覧"
307,ローソン亀戸七丁目店,ローソンカメイドナナチョウメテン,東京都江東区亀戸七丁目10-16サンライズコート1階,restaurant,35.69734,139.834785,741,nonfood,,,,,,,CC BY 4.0,東京都江東区食品等営業許可・届出一覧
308,亀戸ぎょうざ工場,カメイドギョウザコウジョウ,東京都江東区亀戸七丁目16-6,unknown,35.698439,139.835533,818,added,,,,,,中華,CC BY 4.0,東京都江東区食品等営業許可・届出一覧
309,こちる　cochill juice,コチル　コチルジュース,東京都江東区亀戸７－９－１４ ビアーレ亀戸１階,unknown,35.697528,139.833753,648,matched,20b0213f-3b13-4f29-8c7b-3b706b7aa663,こちる,30,類似度0.90,,,"公共データ利用規約（第1.0版, PDL1.0）",厚生労働省 食品衛生申請等システム（オープンデータ）
310,株式会社上野珍味,カブシキガイシャウエノチンミ,東京都江東区亀戸四丁目30-2,grocery,35.703978,139.827961,752,nonfood,,,,,,,CC BY 4.0,東京都江東区食品等営業許可・届出一覧
311,墨田区立東あずま保育園,スミダクリツヒガシアズマホイクエン,東京都墨田区立花一丁目２７番６－１０１号,restaurant,35.704719,139.828944,851,nonfood,,,,,,,"公共データ利用規約（第1.0版, PDL1.0）",厚生労働省 食品衛生申請等システム（オープンデータ）
312,ＲｅＨＯＰＥ　墨田,リホープ　スミダ,東京都墨田区立花一丁目３４番１号,unknown,35.703147,139.831732,799,uncertain,,,,,,,"公共データ利用規約（第1.0版, PDL1.0）",厚生労働省 食品衛生申請等システム（オープンデータ）
