minLng,minLat,maxLng,maxLat,depth,count,status
139.81496849439674,35.687873732662595,139.82077574719835,35.692589866331296,2,105,ok
139.82077574719835,35.687873732662595,139.826583,35.692589866331296,2,131,ok
139.81496849439674,35.692589866331296,139.81787212079755,35.69494793316565,3,139,ok
139.81787212079755,35.692589866331296,139.82077574719835,35.69494793316565,3,20,ok
139.81496849439674,35.69494793316565,139.81642030759713,35.696126966582824,4,59,ok
139.81642030759713,35.69494793316565,139.81787212079755,35.696126966582824,4,51,ok
139.81496849439674,35.696126966582824,139.81642030759713,35.697306,4,67,ok
139.81642030759713,35.696126966582824,139.81787212079755,35.697306,4,28,ok
139.81787212079755,35.69494793316565,139.82077574719835,35.697306,3,29,ok
139.82077574719835,35.692589866331296,139.826583,35.697306,2,185,ok
139.826583,35.687873732662595,139.83239025280164,35.692589866331296,2,122,ok
139.83239025280164,35.687873732662595,139.83819750560326,35.692589866331296,2,194,ok
139.826583,35.692589866331296,139.8294866264008,35.69494793316565,3,50,ok
139.8294866264008,35.692589866331296,139.83239025280164,35.69494793316565,3,8,ok
139.826583,35.69494793316565,139.8294866264008,35.697306,3,155,ok
139.8294866264008,35.69494793316565,139.83239025280164,35.697306,3,47,ok
139.83239025280164,35.692589866331296,139.83819750560326,35.697306,2,68,ok
139.81496849439674,35.697306,139.81787212079755,35.699664066834345,3,106,ok
139.81787212079755,35.697306,139.82077574719835,35.699664066834345,3,21,ok
139.81496849439674,35.699664066834345,139.81787212079755,35.7020221336687,3,101,ok
139.81787212079755,35.699664066834345,139.82077574719835,35.7020221336687,3,34,ok
139.82077574719835,35.697306,139.8236793735992,35.699664066834345,3,50,ok
139.8236793735992,35.697306,139.82513118679958,35.69848503341717,4,25,ok
139.82513118679958,35.697306,139.826583,35.69848503341717,4,96,ok
139.8236793735992,35.69848503341717,139.82513118679958,35.699664066834345,4,35,ok
139.82513118679958,35.69848503341717,139.826583,35.699664066834345,4,104,ok
139.82077574719835,35.699664066834345,139.8236793735992,35.7020221336687,3,51,ok
139.8236793735992,35.699664066834345,139.826583,35.7020221336687,3,109,ok
139.81496849439674,35.7020221336687,139.82077574719835,35.7067382673374,2,78,ok
139.82077574719835,35.7020221336687,139.826583,35.7067382673374,2,93,ok
139.826583,35.697306,139.83239025280164,35.7020221336687,2,165,ok
139.83239025280164,35.697306,139.83819750560326,35.7020221336687,2,48,ok
139.826583,35.7020221336687,139.83239025280164,35.7067382673374,2,52,ok
139.83239025280164,35.7020221336687,139.83819750560326,35.7067382673374,2,25,ok
