id,name,osm_id,osm_name,dist_m,name_score,osm_genre,osm_tags
298c9393-711c-43a8-9af3-e3863158489d,BUZZ HOUSE,node/6945186982,Buzz House,3,1.0,バー,"{""amenity"": ""bar"", ""name"": ""Buzz House""}"
8153840b-beeb-442b-bc91-7b0c3207fdbe,NOdoubt,node/11795195991,BAR Nodoubt,4,0.9,バー,"{""amenity"": ""bar"", ""name"": ""BAR Nodoubt""}"
80f60497-465a-468d-9a97-c6d7bc81cb42,銘酒居酒屋浜よし,node/3382341993,銘酒居酒屋　浜よし,8,1.0,,"{""amenity"": ""pub"", ""name"": ""銘酒居酒屋　浜よし""}"
1895dfb8-f7dd-4bca-bd51-06670a7ae535,にんにくや,node/11689603724,にんにくや,4,1.0,,"{""amenity"": ""pub"", ""name"": ""にんにくや""}"
cf346f72-3064-4198-83d7-b7c6807f34af,Wings Burger,node/12035710291,Wings Burger,9,1.0,ハンバーガー・ファストフード,"{""amenity"": ""fast_food"", ""cuisine"": ""burger"", ""name"": ""Wings Burger""}"
7c2a9c31-3362-4361-9470-bac6ac038d27,フレッシュネスバーガー錦糸町,node/6531548386,フレッシュネスバーガー,1,0.9,ハンバーガー・ファストフード,"{""amenity"": ""fast_food"", ""cuisine"": ""burger"", ""name"": ""フレッシュネスバーガー""}"
22ddad09-ccef-4235-843a-7b1fafea17ec,Cafe de Poko,node/12980073235,Café de Poko,5,0.9,カフェ・喫茶,"{""amenity"": ""cafe"", ""name"": ""Café de Poko""}"
f71189bd-baca-40dc-bfb7-8a8597102706,Coffee Elementary School,node/12052531069,私立珈琲小学校,3,1.0,カフェ・喫茶,"{""amenity"": ""cafe"", ""cuisine"": ""coffee_shop""}"
b76717db-f8e2-402b-8b60-7470ef5de60a,Kuramochi Coffee,node/6897409685,くらもち珈琲,9,1.0,カフェ・喫茶,"{""amenity"": ""cafe"", ""name"": ""くらもち珈琲""}"
24112cc4-49f5-4347-999c-a601f8e029b7,Tully's Coffee,node/11040565505,タリーズコーヒー,21,1.0,カフェ・喫茶,"{""amenity"": ""cafe"", ""cuisine"": ""coffee_shop"", ""name"": ""タリーズコーヒー""}"
f8126e01-0367-4f39-9553-6d7ec1b660a0,カフェベローチェ 亀戸駅東口店,node/3669606529,カフェ・ベローチェ,12,0.9,カフェ・喫茶,"{""amenity"": ""cafe"", ""cuisine"": ""coffee_shop"", ""name"": ""カフェ・ベローチェ""}"
9c44fbd6-3af3-428c-993f-6878f4d4788b,天神煎餅大木屋,node/5127913453,大木屋,6,0.9,スイーツ・和菓子,"{""name"": ""大木屋"", ""shop"": ""confectionery""}"
1f7e80a3-65f7-4722-a3f7-b7ccd1950715,中華料理店 みずの,node/4327495956,中華料理 みずの,1,0.93,中華,"{""amenity"": ""restaurant"", ""cuisine"": ""chinese"", ""name"": ""中華料理 みずの""}"
a1a53f9a-028a-4a87-8c72-1bc4aaa3b00f,亀戸餃子,way/184700025,亀戸餃子本店,11,1.0,,"{""amenity"": ""restaurant"", ""cuisine"": ""餃子"", ""name"": ""亀戸餃子本店""}"
d43ed99c-1e6c-43a3-883b-056b5f55eec0,広東料理味彩館,node/11795195989,広東料理　味彩館,9,1.0,中華,"{""amenity"": ""restaurant"", ""cuisine"": ""chinese"", ""name"": ""広東料理　味彩館""}"
1ef9a662-0967-4f9a-8b5d-e876b2f0b94a,絶味鴨頚王,node/5127878901,絶味鴨頚王,6,1.0,,"{""amenity"": ""restaurant"", ""name"": ""絶味鴨頚王""}"
056adb7f-5b9c-4f94-94e2-361c616815cf,菜苑,node/11411656547,菜苑,13,1.0,中華,"{""amenity"": ""restaurant"", ""cuisine"": ""chinese;ramen"", ""name"": ""菜苑""}"
58b43228-b287-4083-bd06-cfbc48736999,Tully's Coffee,node/2006682354,タリーズコーヒー,21,1.0,カフェ・喫茶,"{""amenity"": ""cafe"", ""cuisine"": ""coffee_shop"", ""name"": ""タリーズコーヒー""}"
9c78791a-9c3f-43b9-a57f-4ef5fd230798,コメダ珈琲店 ダイエー大島店,node/2015930819,コメダ珈琲店,29,0.9,カフェ・喫茶,"{""amenity"": ""cafe"", ""cuisine"": ""coffee_shop"", ""name"": ""コメダ珈琲店""}"
ff56b87b-276d-439e-a4f5-e5124ebc33e8,スターバックス,node/3612328811,スターバックス,29,1.0,カフェ・喫茶,"{""amenity"": ""cafe"", ""cuisine"": ""coffee_shop"", ""name"": ""スターバックス""}"
0432212d-96e7-46bc-9f91-e9cd023987f8,ドトールコーヒーショップ錦糸町,node/2006719810,ドトールコーヒーショップ,24,0.9,カフェ・喫茶,"{""amenity"": ""cafe"", ""cuisine"": ""coffee_shop"", ""name"": ""ドトールコーヒーショップ""}"
d9636fe8-6407-4c87-a80d-6cf92d22a503,キッチン DIVE,node/6643689168,キッチンDIVE,12,1.0,惣菜・弁当,"{""name"": ""キッチンDIVE"", ""shop"": ""deli""}"
1963372a-4d90-4aa0-8c5f-80144cc45548,Burger King,node/7296320775,バーガーキング,3,1.0,ハンバーガー・ファストフード,"{""amenity"": ""fast_food"", ""cuisine"": ""burger"", ""name"": ""バーガーキング""}"
4328d9ab-86fc-402c-9371-557e6533c70d,First Kitchen 錦糸町店,node/6531548585,ファーストキッチン,22,1.0,,"{""amenity"": ""fast_food"", ""cuisine"": ""friture"", ""name"": ""ファーストキッチン""}"
4da1983e-35a3-4b74-a6f1-acd28d313238,キッチンオリジン,node/12401414895,キッチンオリジン,3,1.0,,"{""amenity"": ""fast_food"", ""cuisine"": ""japanese"", ""name"": ""キッチンオリジン""}"
4ff02b81-4b20-4f76-ad8e-8b33a3bb05db,バーガーキング,node/7296320775,バーガーキング,7,1.0,ハンバーガー・ファストフード,"{""amenity"": ""fast_food"", ""cuisine"": ""burger"", ""name"": ""バーガーキング""}"
69a41391-96c5-413d-b2ce-c576a8f747a1,マクドナルド,node/4770758371,マクドナルド,2,1.0,ハンバーガー・ファストフード,"{""amenity"": ""fast_food"", ""cuisine"": ""burger"", ""name"": ""マクドナルド""}"
b381d663-4494-43bf-89c1-5d2b238e3070,マクドナルド,node/4928566322,マクドナルド,38,1.0,ハンバーガー・ファストフード,"{""amenity"": ""fast_food"", ""cuisine"": ""burger"", ""name"": ""マクドナルド""}"
fc6ca43a-bc5b-4dc8-b0e8-31f3e99e9fe7,モスバーガー,node/3692912157,モスバーガー,8,1.0,ハンバーガー・ファストフード,"{""amenity"": ""fast_food"", ""cuisine"": ""burger"", ""name"": ""モスバーガー""}"
2b2233b8-d7fa-42cd-a8a5-eceede43555a,吉野家,node/3612933302,吉野家,9,1.0,牛丼・丼,"{""amenity"": ""fast_food"", ""cuisine"": ""beef_bowl"", ""name"": ""吉野家""}"
527737d6-0392-45c1-8d90-7f25b6a18d9f,吉野家,node/2671353134,吉野家,4,1.0,牛丼・丼,"{""amenity"": ""fast_food"", ""cuisine"": ""beef_bowl"", ""name"": ""吉野家""}"
d2c9f540-bd17-439c-914b-32cdbd6ab37a,キッチン マニラ,node/5860614244,キッチンマニラ,12,1.0,,"{""amenity"": ""restaurant"", ""name"": ""キッチンマニラ""}"
db416da2-b1ef-44e4-a328-e8aed0d4809a,しののめヌードル,node/10270699278,しののめヌードル,10,1.0,ラーメン,"{""amenity"": ""fast_food"", ""cuisine"": ""ramen"", ""name"": ""しののめヌードル""}"
1a3d3b4d-a99d-47a1-92ca-cd813c272ab3,すみだfoodhall,node/13392297339,すみだFood Hall,11,1.0,,"{""amenity"": ""food_court"", ""name"": ""すみだFood Hall""}"
e80041cf-f6e8-4a1a-9dbf-7c281dbca6fe,Maharani Indian Restaurant,node/13426506101,Maharani Indian Restaurant,4,1.0,,"{""amenity"": ""restaurant"", ""name"": ""Maharani Indian Restaurant""}"
58892a0c-bdb6-4026-b0ed-26007bbaca76,イタリア料理 イルパッソ,node/11994478270,イルパッソ,12,0.9,イタリアン,"{""amenity"": ""restaurant"", ""cuisine"": ""italian"", ""name"": ""イルパッソ""}"
7799c18c-ea61-4797-b176-191713e9d871,CoCo壱番屋,node/3726025625,CoCo壱番屋,7,1.0,カレー,"{""amenity"": ""restaurant"", ""cuisine"": ""curry;japanese"", ""name"": ""CoCo壱番屋""}"
cdb4b389-0b14-43ec-a537-2c894be24ec3,Onakanomikata,node/11811413371,焼肉 ONAKANO MIKATA,4,0.9,焼肉・ホルモン,"{""amenity"": ""restaurant"", ""cuisine"": ""barbecue"", ""name"": ""焼肉 ONAKANO MIKATA""}"
a360d9e1-dae4-494f-8626-9aee16128ed5,Tendon Tenya,node/5826232227,てんや,6,0.9,,"{""amenity"": ""fast_food"", ""cuisine"": ""fries"", ""name"": ""てんや""}"
8d0bf23e-ca17-4f18-9c87-211b3fd2ba3f,うなぎ 三由,node/11411656550,うなぎ 三由,6,1.0,うなぎ,"{""amenity"": ""restaurant"", ""cuisine"": ""japanese;unagi"", ""name"": ""うなぎ 三由""}"
f29b6783-59f6-4c24-9e06-e4e1726c569b,すき家,node/5826232228,すき家,1,1.0,牛丼・丼,"{""amenity"": ""fast_food"", ""cuisine"": ""beef_bowl"", ""name"": ""すき家""}"
71c3995e-de9a-49d3-8d86-443a2468d793,たか田,node/10270699270,たか田,15,1.0,,"{""amenity"": ""pub"", ""name"": ""たか田""}"
73ec7288-5255-444d-bc4c-a6321b8907d5,なか卯,node/3783518601,なか卯,8,1.0,そば・うどん,"{""amenity"": ""fast_food"", ""cuisine"": ""udon"", ""name"": ""なか卯""}"
bccf3731-1517-4e95-a8a7-97f84988bba8,やき鳥信玄,node/5127942974,やき鳥信玄,2,1.0,,"{""amenity"": ""restaurant"", ""name"": ""やき鳥信玄""}"
77145247-194d-4373-8af7-7e46f89ea3d4,よねさん,node/10270699259,よねさん,11,1.0,,"{""amenity"": ""pub"", ""name"": ""よねさん""}"
a12784ba-d5c6-4454-90fe-e9c3ac5f59b9,ラーメン二郎亀戸店,node/6189291123,ラーメン二郎,3,1.0,ラーメン,"{""amenity"": ""fast_food"", ""cuisine"": ""ramen"", ""name"": ""ラーメン二郎""}"
cb8804d2-1a01-4d51-8c60-393ea845e0e1,リンガーハット 亀戸駅前店,node/3612933304,リンガーハット,11,1.0,,"{""amenity"": ""restaurant"", ""cuisine"": ""japanese"", ""name"": ""リンガーハット""}"
03cfc389-5ae1-4dd6-94c4-1a4293ad09d2,串カツ田中亀戸店,node/4879948728,串カツ田中,5,1.0,,"{""amenity"": ""restaurant"", ""cuisine"": ""friture"", ""name"": ""串カツ田中""}"
d8a2c9f0-a344-4f83-9ce4-979600bd7902,亀戸升本 本店,node/5127878875,升本,9,0.67,,"{""amenity"": ""restaurant"", ""name"": ""升本""}"
6b78cd9a-d4b3-47f0-a61e-602b1abe9af0,伝説のすた丼屋亀戸店,node/3695174130,伝説のすた丼,25,0.9,,"{""amenity"": ""fast_food"", ""name"": ""伝説のすた丼""}"
dc4415b4-68d6-4c17-9003-f95908fa0600,八べえ天神店,node/5273179916,八べえ,3,0.9,海鮮・魚料理,"{""amenity"": ""restaurant"", ""cuisine"": ""fish"", ""name"": ""八べえ""}"
c03e7f1c-b77f-4415-a2c6-9371b64d8ea9,割烹若福,way/544054673,若福,10,0.67,,"{""amenity"": ""restaurant"", ""cuisine"": ""japanese"", ""name"": ""若福""}"
9d71a814-f901-4099-846c-0aa50af82fb0,大戸屋ごはん処亀戸駅前店,node/3612933303,大戸屋,6,0.9,,"{""amenity"": ""restaurant"", ""cuisine"": ""japanese"", ""name"": ""大戸屋""}"
068eb33d-eb47-46b1-8d5a-6c749c972355,天下一品錦糸町店,node/5127942979,天下一品,15,1.0,ラーメン,"{""amenity"": ""restaurant"", ""cuisine"": ""ramen"", ""name"": ""天下一品""}"
6a72f5a4-201d-4819-aa01-53cfb37f64b3,天丼てんや,node/5826232227,てんや,1,1.0,,"{""amenity"": ""fast_food"", ""cuisine"": ""fries"", ""name"": ""てんや""}"
97658909-6cd9-417f-8579-df1891ad1efc,松屋,node/11749608896,松屋,4,1.0,牛丼・丼,"{""amenity"": ""fast_food"", ""cuisine"": ""beef_bowl"", ""name"": ""松屋""}"
1d4bfe86-b3e4-4d39-94e4-008d44f8b481,株式会社 船橋屋,node/10270699263,船橋屋,64,0.9,スイーツ・和菓子,"{""name"": ""船橋屋"", ""shop"": ""confectionery""}"
f58af650-6707-4a7f-bc42-71d62463e925,江戸そば 料理帳 にし田,node/5273179915,江戸そば にし田,9,0.82,ラーメン,"{""amenity"": ""restaurant"", ""cuisine"": ""noodle"", ""name"": ""江戸そば にし田""}"
f8c8f3f7-5022-454f-8e55-6e2abdbacb86,麺や 佐市,node/12079475569,麺や佐市,18,1.0,ラーメン,"{""amenity"": ""restaurant"", ""cuisine"": ""ramen"", ""name"": ""麺や佐市""}"
faffb622-beaf-45bf-abc6-4fed2c193007,ハンアリ,node/5127913448,ハンアリ,8,1.0,韓国料理,"{""amenity"": ""restaurant"", ""cuisine"": ""korean"", ""name"": ""ハンアリ""}"
965b0763-30a2-4c22-9ede-b9c167a26d60,第一韓国館,node/11183548403,第一韓国館,5,1.0,焼肉・ホルモン,"{""amenity"": ""restaurant"", ""cuisine"": ""barbecue"", ""name"": ""第一韓国館""}"
cfbba99c-5fa2-4ff6-bec2-be4fad6f1cf0,豚ぜん,node/11689603718,豚ぜん,1,1.0,,"{""amenity"": ""restaurant"", ""name"": ""豚ぜん""}"
f5a50d28-feba-490c-81aa-36c6d2ff8a7e,ピザハット,node/11411656553,ピザハット,6,1.0,イタリアン,"{""amenity"": ""fast_food"", ""cuisine"": ""pizza"", ""name"": ""ピザハット""}"
f4eba2c9-bcef-44be-8af4-c7807fc84241,越前,node/11411656554,越前,10,1.0,そば・うどん,"{""amenity"": ""restaurant"", ""cuisine"": ""soba"", ""name"": ""越前""}"
82d6761d-21c2-4489-8ec4-eaae8d215524,麺屋 中川會,node/12246240602,麺屋 中川會,8,1.0,ラーメン,"{""amenity"": ""restaurant"", ""cuisine"": ""ramen"", ""name"": ""麺屋 中川會""}"
82bf65d4-2e2b-4e8e-9a5e-c5b52431398f,Chang Thai (チャーンタイ)【錦糸町】,node/4327495957,チャーンタイ,12,0.9,タイ料理,"{""amenity"": ""restaurant"", ""cuisine"": ""thai"", ""name"": ""チャーンタイ""}"
1d1a057a-b809-4b8e-bd6b-d0c1b1220be0,Matsuya Kameido,node/11749608896,松屋,9,0.9,牛丼・丼,"{""amenity"": ""fast_food"", ""cuisine"": ""beef_bowl"", ""name"": ""松屋""}"
cc0da3a5-a091-45a2-bdf6-eb5a468abe53,デリカップ,node/4327495958,デリカップ,2,1.0,カフェ・喫茶,"{""amenity"": ""cafe"", ""name"": ""デリカップ""}"
8eacd52b-df9a-47a2-a264-46d053b71f1e,ミスタードーナツ,way/171305127,ミスタードーナツ,2,1.0,スイーツ・和菓子,"{""amenity"": ""fast_food"", ""cuisine"": ""donut"", ""name"": ""ミスタードーナツ""}"
cb6f6be0-2968-4897-9e43-196d04cfaa35,侍亀戸店,node/4118333544,侍 亀戸店,11,1.0,カフェ・喫茶,"{""amenity"": ""cafe"", ""cuisine"": ""coffee_shop"", ""name"": ""侍 亀戸店""}"
7b168711-10ce-4d95-851f-0c202ad9f83d,大衆食堂 安べゑ 亀戸店,node/12401414891,安べゑ,5,0.9,,"{""amenity"": ""restaurant"", ""name"": ""安べゑ""}"
89947112-a4f3-497c-8c16-fc6b9dd33f9a,SUBWAY,node/11747711023,サブウェイ,34,1.0,パン,"{""amenity"": ""fast_food"", ""cuisine"": ""sandwich"", ""name"": ""サブウェイ""}"
9c6559d3-15f2-49c5-ba55-ee4e350b58c2,ちよだ鮨西大島店,node/5017201638,ちよだ鮨,5,1.0,すし,"{""amenity"": ""fast_food"", ""cuisine"": ""sushi"", ""name"": ""ちよだ鮨"", ""shop"": ""deli""}"
8c1cf58c-2838-4bd4-893f-8abb9d38d384,梅よし鮨,node/10270699286,梅よし,9,0.9,すし,"{""amenity"": ""restaurant"", ""cuisine"": ""sushi"", ""name"": ""梅よし""}"
4f708c61-ee9b-4d60-8902-6849859e5e71,義純,node/6108219685,すし 義純,13,0.67,,"{""amenity"": ""restaurant"", ""name"": ""すし 義純""}"
b677e120-e1e5-4063-8f12-92b9d0b0fcc0,ロイヤルホスト 西大島店,node/7296320774,ロイヤルホスト,5,1.0,イタリアン,"{""amenity"": ""restaurant"", ""cuisine"": ""japanese;italian;french"", ""name"": ""ロイヤルホスト""}"
