set,name,truth,category,alternates,address,count
answer_key,鉄板王国田町店,ステーキ・ハンバーグ,,,芝浦3丁目7-15,
answer_key,五徳,すし,,,神山町8-2,
answer_key,Com Pho,ベトナム料理,,,3 Chome-2-5 Kasumigaseki,
answer_key,中勢以内店,ステーキ・ハンバーグ,,,小石川5丁目10-18,
answer_key,えびかに家,海鮮・魚料理,,,千住2丁目65,
answer_key,DooWop,ハンバーガー・ファストフード,,,恵比寿西1-35-14,
answer_key,びすとろ UOKIN 秋葉原店,フレンチ・ビストロ,,,神田練塀町85,
answer_key,野崎亭,ステーキ・ハンバーグ,,,六本木3丁目4-33,
answer_key,アイキッチン 豊玉上店,インド・ネパール料理,,,豊玉上2丁目15-9,
answer_key,ビンミン 東京支店｜BINH MINH Tokyo,ベトナム料理,,,3 Chome-22-8 Koenjikita,
answer_key,威風,ラーメン,,,東五反田2-3-2,
answer_key,Tokyo Tom Yam Tinun オリナスモール店,タイ料理,,,,
answer_key,From Farm,ハンバーガー・ファストフード,,,"Jingumae, 1 Chome−23−26 1F COMICHI",
answer_key,PIRABKAO,タイ料理,,,2 Chome-62-3 Ikebukuro,
answer_key,wanna manna,中華,,,富士見2-10-2,
answer_key,seema seema,インド・ネパール料理,,,赤堤3丁目3-15,
answer_key,銀座コージーコーナー,パン,,,大井1丁目3-6,
answer_key,バンハオ2,タイ料理,,,平和台3-22-19,
answer_key,鈴蘭,ラーメン,,,新宿3-11-12,
answer_key,築地木村家跡地,パン,,,2 Chome-10-9 Tsukiji,
answer_key,粋,すし,,,日本橋人形町2-3-8,
answer_key,リスちゃん,ベトナム料理,,,1 Chome-7-21 Okubo,
answer_key,五十三家,ラーメン,,,栄町21-4,
answer_key,ヨックモック,スイーツ・和菓子,,,玉川3-17-1,
answer_key,近畿大学水産研究所 はなれ グランスタ東京店,海鮮・魚料理,,,東京都千代田区丸の内１丁目９−１,
answer_key,King Japan,すし,,,青山1丁目5-12,
answer_key,バングイバオベ,ベトナム料理,,,東京都世田谷区南烏山6-6-15,
answer_key,膳香苑,中華,,,松島1丁目42-15,
answer_key,チャミヤラキッチン,インド・ネパール料理,,,東尾久1丁目36-15,
answer_key,お肉香田,焼肉・ホルモン,,,新橋3丁目3-3,
answer_key,ラ・ボンヌ・ヌーベル,フレンチ・ビストロ,,,京橋2-5-3,
answer_key,Ichigoya BBS,ハンバーガー・ファストフード,,,西早稲田2丁目4-18,
answer_key,パティスリー シフォン,スイーツ・和菓子,,,東京都足立区西綾瀬２丁目２３−３０,
answer_key,Choushimaru,海鮮・魚料理,,,大泉町5丁目1-1,
answer_key,ドロップキック,焼肉・ホルモン,,,荒木町3,
answer_key,トーン・ハー,タイ料理,,,亀戸6丁目9-7,
answer_key,マハラジャ 銀座5丁目ニューメルサ店,インド・ネパール料理,,,銀座5丁目7-10 ニューメルサビル7F,
answer_key,阿佐ヶ谷 パティスリー タツヤ ササキ,パン,,,東京都杉並区阿佐ヶ谷北1-33-5,
answer_key,Reg-On Diner,ハンバーガー・ファストフード,,,"K HOUSE, 1F, 1 Chome-8-1 Higashi",
answer_key,ミ・レイ,ベトナム料理,,,東京都大田区蒲田５丁目１−４,
answer_key,龍堂蟹黃小籠包,中華,,,1 Chome-1-21 Kanda Jinbocho,
answer_key,バサノバ原宿店,ラーメン,,,,
answer_key,アカナツメ,ラーメン,,,日本橋小伝馬町12-5,
answer_key,デリフランス 光が丘店,パン,,,東京都練馬区光が丘5-1-1,
answer_key,福貫,すし,,,豊玉北1丁目6-13,
answer_key,New Life,パン,,,"Nishikoiwa, 1 Chome−13−21 浩三ビル１",
answer_key,ベイス 初台店,ハンバーガー・ファストフード,,,本町2丁目46-1,
answer_key,NOAKE Asakusa Store,スイーツ・和菓子,,,浅草5丁目3-7,
answer_key,楽膳,すし,,,"Ogikubo, 5 Chome−29−7 荻窪壱番館2F北側",
answer_key,レ クリスタリーヌ,フレンチ・ビストロ,,,南青山5丁目4-30,
answer_key,eimy sandwich,パン,,,外神田1-17-6,
answer_key,穐,ハンバーガー・ファストフード,,,4 Chome-1-24 Ichinoe,
answer_key,Sicilian Terrace BUONO,イタリアン,,,丸の内2-7-3,
answer_key,ブロンコビリー 新小岩店,ステーキ・ハンバーグ,,,東新小岩1丁目12-6,
answer_key,宝麗華,中華,,,西荻北3丁目13-14,
answer_key,中国物産美和,韓国料理,,,東京都江東区南砂２丁目３−１,
answer_key,スポンティーニ カスケード原宿店,イタリアン,,,都渋谷区神宮前1丁目10-37,
answer_key,藤山,すし,,,京橋2-6-6,
answer_key,豪園,焼肉・ホルモン,,,池尻2丁目37-10,
answer_key,牛金GOLD,焼肉・ホルモン,,,新橋3丁目23-1,
answer_key,ICHI,韓国料理,,,緑が丘2丁目25-17 自由が丘T-ONEビル 1F,
answer_key,炭焼天狗,焼肉・ホルモン,,,石原3丁目22-8,
answer_key,傳人形町店,すし,,,日本橋人形町2丁目1-7,
answer_key,厨房匠高島平店,ハンバーガー・ファストフード,,,高島平1丁目48-5 101,
answer_key,グリーンパパイヤ,タイ料理,,,和泉3丁目13-21,
answer_key,大成園,焼肉・ホルモン,,,東松本2丁目18-1,
answer_key,Old City Grill House,ステーキ・ハンバーグ,,,芝公園1丁目5-10,
answer_key,肉と米ハジメ 秋葉原店,ハンバーガー・ファストフード,,,外神田6丁目14-13 信越外神田ビル 1F,
answer_key,ドムドム大泉学園店,ハンバーガー・ファストフード,,,,
answer_key,KARIN,タイ料理,,,錦糸3丁目13-10,
answer_key,Pho Quyet,ベトナム料理,,,"B1F, 1 Chome-17-18 Takadanobaba",
answer_key,オグリ,焼肉・ホルモン,,,伊興4丁目1-24,
answer_key,イルジャン,イタリアン,,,恵比寿南1丁目4-3,
answer_key,ベンディカ,インド・ネパール料理,,,上十条2丁目27-3,
answer_key,L'atelier Cocco,スイーツ・和菓子,,,5 Chome-7-6 Shirokane,
answer_key,三田製麺所 (Mita Seimenjjo),ラーメン,,,恵比寿南1-1-11,
answer_key,Sky Provence,パン,,,"Machiya, 3 Chome−20−16 ブリリオ町屋 101",
answer_key,Red Lobster Odaiba,海鮮・魚料理,,,"Daiba, 1 Chome−7−1 アクアシティ ６F",
answer_key,清水亭,ハンバーガー・ファストフード,,,西神田2丁目7-8,
answer_key,ゲッキー,イタリアン,,,"Ōi, 1 Chome−24−1 青柳荘",
answer_key,Sitaara Diner Ecute Akabane,インド・ネパール料理,,,1 Chome-1-1 Akabane,
answer_key,Sans culotte,フレンチ・ビストロ,,,東大泉2丁目9-7,
answer_key,浅草濃厚抹茶専門店 極,スイーツ・和菓子,,,"Asakusa, 1 Chome−36−8 Venis 1F",
answer_key,人形町あき,すし,,,日本橋人形町2丁目3-2,
answer_key,香麗屋,インド・ネパール料理,,,三軒茶屋2丁目15-14,
answer_key,グロワグロワ,イタリアン,,,中央5丁目49-11,
answer_key,博多ゆるり 西麻布,焼肉・ホルモン,,,西麻布1丁目11-1,
answer_key,Hoicha,スイーツ・和菓子,,,2 Chome-3-25 Hyakunincho,
answer_key,ライアー,フレンチ・ビストロ,,,桜丘町20-12,
answer_key,味の心は 花ごころ,フレンチ・ビストロ,,,大山東町52-13,
answer_key,Esse Due,イタリアン,,,"Akasaka, 6 Chome−11−13 ファブリックビルディング",
answer_key,クイーンズ伊勢丹,パン,,,東京都渋谷区笹塚１丁目４８−１４,
answer_key,Moc Quan,ベトナム料理,,,"Toyo, 3 Chome−5−6 山添ビル 2F",
answer_key,吉多屋,中華,,,旭丘1丁目19-4,
answer_key,ベジタブルショップ 町保商店,スイーツ・和菓子,,,京島3丁目20-1,
answer_key,カウボーイ阿佐ヶ谷店,ステーキ・ハンバーグ,,,阿佐谷北1丁目4-11,
answer_key,金利苑,韓国料理,,,台東3丁目34-11,
answer_key,Taverna Marco Polo,イタリアン,,,日本橋久松町9-8,
answer_key,春水堂 ルミネ新宿店,スイーツ・和菓子,,,西新宿1丁目1-5,
answer_key,Sankoen,韓国料理,,,1丁目8-7,
answer_key,ビッグボーイ 白鳥店,ステーキ・ハンバーグ,,,白鳥4丁目11-9,
answer_key,バインセオ サイゴン 新宿店,ベトナム料理,,,新宿3丁目36-14,
answer_key,とんなら2号店,韓国料理,,,百人町2-1-1,
answer_key,弘昇庵,ラーメン,,,2 Chome-3-16 Minamisuna,
answer_key,Shane's Burg,ステーキ・ハンバーグ,,,錦糸2-2-1,
answer_key,Bonito Soup Noodle RAIK,ラーメン,,,大宮1-2-3,
answer_key,Les Cocottes,フレンチ・ビストロ,,,"Minamiaoyama, 4 Chome−1−3 セントラル青山 105",
answer_key,グッドモーニングバンコク,タイ料理,,,東京都豊島区西池袋１丁目１１−１,
answer_key,シャオフェイやん,中華,,,宇田川町30-4,
answer_key,スルターン 秋葉原店,インド・ネパール料理,,,上野5丁目5-8,
answer_key,フルバリ 千住曙町店,インド・ネパール料理,,,千住曙町3-16,
answer_key,Le Petit Bonheur,フレンチ・ビストロ,,,日本橋2-5-1,
answer_key,Claudia2,イタリアン,,,"Shinjuku, 3 Chome−10−10 要会館 １F･２F",
answer_key,かに道楽練馬谷原店,海鮮・魚料理,,,谷原2丁目5-3,
answer_key,SWEETS BOX,スイーツ・和菓子,,,南池袋1-28-1,
answer_key,こんばん家,焼肉・ホルモン,,,西新宿1丁目18-5,
answer_key,秋田屋,スイーツ・和菓子,,,根津1丁目4-6,
answer_key,ビリヤニ大澤,インド・ネパール料理,,,内神田1-15-12-B1F,
answer_key,Craft Noodles Hashizume,ラーメン,,,"Minamiazabu, 5 Chome−16−10 カルチェブラン広尾 2階",
answer_key,メナムのほとり,タイ料理,,,"Marunouchi, 1 Chome−1−3 Nissay Marunouchi Gardentower, 2F",
answer_key,鄭家 池田屋,韓国料理,,,"Toyo, 3 Chome−5−5番地10号 東陽ビル 2階",
answer_key,さくら水産新宿甲州街道店,海鮮・魚料理,,,西新宿1丁目20-2,
answer_key,張家愛宕店,中華,,,東京都港区愛宕２丁目５−１,
answer_key,Kacchan,ステーキ・ハンバーグ,,,"Ikebukuro, 2 Chome−57−11 鷲山ビル 1階",
answer_key,Deep,インド・ネパール料理,,,大泉学園町6丁目28-38,
answer_key,つばめや,ステーキ・ハンバーグ,,,銀座1丁目2-1,
answer_key,たん丸,中華,,,六本木3丁目8-7,
answer_key,株式会社喜代村,すし,,,4 Chome-7-5 Tsukiji,
answer_key,Jour de Marche,フレンチ・ビストロ,,,12-11 Yotsuyasakamachi,
answer_key,Gouka,中華,,,西麻布2丁目7-3,
answer_key,プリヤマハル,インド・ネパール料理,,,笹塚2丁目7-9,
answer_key,マレンマ大手町,イタリアン,,,大手町1丁目5-1,
answer_key,ロータスパレス 六本木ヒルズ店,ベトナム料理,,,六本木6丁目2-31,
answer_key,Lawry's The Prime Rib Akasaka,ステーキ・ハンバーグ,,,赤坂1丁目8-1,
answer_key,kitchen GCH,中華,,,3 Chome-19-4 Sasazuka,
answer_key,Tonchan Shibuya,韓国料理,,,"Dogenzaka, 2 Chome−6−6 藤山恒産第一ビル ２F",
answer_key,SHAKE SHACK Ebisu,ハンバーガー・ファストフード,,,"Ebisuminami, 1 Chome−6−1 アトレ恵比寿 西館 １階",
answer_key,Patisserie,スイーツ・和菓子,,,261 Yamabukicho,
answer_key,アルチェッポ,イタリアン,,,白金2丁目3-19,
answer_key,good morning pho,ベトナム料理,,,4 Chome-13-20 Setagaya,
answer_key,梵 BONE 渋谷店,ステーキ・ハンバーグ,,,宇田川町31-9,
answer_key,Beef Atelier うしのみや東京,ステーキ・ハンバーグ,,,東京都港区東麻布１丁目９−１６,
answer_key,Cul De Sac,フレンチ・ビストロ,,,4 Chome-4-16 Nihonbashihongokucho,
answer_key,くろ﨑 離れ,すし,,,"Minamiaoyama, 4 Chome−16−14 B1",
answer_key,肉の万世環七豊玉店,ステーキ・ハンバーグ,,,豊玉北3丁目14-3,
answer_key,ミョンドン,焼肉・ホルモン,,,住吉町8-19 2F,
answer_key,Ginsai Plus,イタリアン,,,銀座6丁目9-8,
answer_key,季和,すし,,,自由が丘1丁目25-3,
answer_key,左とう,ラーメン,,,赤坂3-21-8,
answer_key,Banh Mi Xin Chao NIPPORI,ベトナム料理,,,"Nishinippori, 2 Chome−16−3 パロス日暮里 101号",
answer_key,beillevaire,スイーツ・和菓子,,,元麻布3-11-8,
answer_key,青山 とり花神,焼肉・ホルモン,,,北青山3丁目14-1,
answer_key,ほっぺタウン,韓国料理,,,東京都台東区上野３丁目２９−５,
answer_key,伊酒屋 Sugar Spoon,イタリアン,,,日本橋3丁目6-10,
answer_key,赤坂梅の木,すし,,,赤坂5丁目1-30,
answer_key,Lille far,パン,,,志茂2丁目38-10,
answer_key,愛と友情の金のマドレーヌ工場,パン,,,東京都大田区池上７丁目５−９,
answer_key,3匹の子ブタ,ステーキ・ハンバーグ,,,富岡1丁目26-9,
answer_key,ポポー,パン,,,西日暮里3丁目6-12,
answer_key,Lumbini 東陽町,インド・ネパール料理,,,"Sengoku, 2 Chome−11−7 千石Ｎビル",
answer_key,クルン・サイアム (Krung Siam),タイ料理,,,東大井5-1-14,
answer_key,ヴィ・ド・フランス錦糸町店,パン,,,江東橋3丁目13-6,
answer_key,スアンサワン 赤坂店,タイ料理,,,赤坂3丁目15-14,
answer_key,Bánh Mì Xin Chào - Kameari,ベトナム料理,,,東京都葛飾区亀有３丁目１１−１１ マーベラス亀有ビル １F,
answer_key,みんみん,中華,,,東京都品川区小山６丁目６−１１,
answer_key,一品房,中華,,,上目黒3丁目1-4,
answer_key,しん,すし,,,渋谷2丁目8-10,
answer_key,バンコクキッチンデリ 経堂,タイ料理,,,"Kyodo, 1 Chome−19−3 1階",
answer_key,Oshamanbe Sakaba,海鮮・魚料理,,,"Ginza, 3 Chome−7−12 王子不動産銀座ビル",
answer_key,フジオ軒大手町ビル店,ハンバーガー・ファストフード,,,大手町1丁目6-1,
answer_key,サンフラワー,ベトナム料理,,,東五反田1丁目12-9,
answer_key,C'est la Vie Nagano,フレンチ・ビストロ,,,"Shinjuku, 2 Chome−8−10 ニッシン ビル ニッシンビルB1F",
answer_key,ペペ,インド・ネパール料理,,,新橋3丁目8-5,
answer_key,かめ壱,韓国料理,,,,
answer_key,興安楼,中華,,,神田須田町1丁目2,
answer_key,mosh Grab'n Go,ハンバーガー・ファストフード,,,南麻布5-16-10,
answer_key,Japanese Noodle 葉山,ラーメン,,,袋町2,
answer_key,レトロトンマッコル,韓国料理,,,1 Chome-15-17 Okubo,
answer_key,ラ・スール・リマーレ,パン,,,東京都台東区谷中３丁目１３−９,
answer_key,センディーテラス,タイ料理,,,銀座5丁目2-1,
answer_key,ベッカーズ赤羽店,ハンバーガー・ファストフード,,,赤羽1丁目1-1,
answer_key,スキマハル 日本橋店,インド・ネパール料理,,,日本橋蛎殻町1丁目11-9,
answer_key,Quolofune Jiyugaoka Honten,パン,,,1 Chome-24-11 Jiyugaoka,
answer_key,風風亭池袋西口駅前店,焼肉・ホルモン,,,西池袋1丁目36-8,
answer_key,肉の田じま,焼肉・ホルモン,,,亀戸6-31-6,
answer_key,RO426,ハンバーガー・ファストフード,,,"Jingumae, 4 Chome−26−18 原宿ピアザビル",
answer_key,Laan Chang,タイ料理,,,1 Chome-5-9 Kamiogi,
answer_key,SHELL FISH Kitchen～kaiya～,海鮮・魚料理,,,東京都千代田区丸の内１丁目９−１,
answer_key,Restaurant Forest,フレンチ・ビストロ,,,南青山2丁目13-16,
answer_key,ECODA HEM,ベトナム料理,,,旭丘1-74-9,
answer_key,四十八漁場,海鮮・魚料理,,,永田町2-11-1,
answer_key,双葉,ラーメン,,,歌舞伎町1丁目1-9,
answer_key,テラスBbq ビアガーデン ガゼボ Gazebo 新宿,焼肉・ホルモン,,,東京都新宿区新宿３丁目８−２,
answer_key,アルポルト,イタリアン,,,有明3丁目1-28,
answer_key,Kouragumi Tsukiji 2-goten,海鮮・魚料理,,,4 Chome-9-4 Tsukiji,
answer_key,AOYAMA Mar Mare（アオヤマ・マルマーレ）,海鮮・魚料理,,,神宮前5-52-2,
answer_key,Shanti 東池袋店,インド・ネパール料理,,,東池袋 1-35-11,
answer_key,清香美林,中華,,,六本木4丁目12-5,
answer_key,エコダヘム,ベトナム料理,,,旭丘1丁目74-9,
answer_key,さくら水産東銀座店,海鮮・魚料理,,,銀座5丁目15-18,
answer_key,だいはち,ラーメン,,,東池袋5丁目7-1,
answer_key,Horizon Tokyo,フレンチ・ビストロ,,,東京都港区東新橋１丁目８−２,
answer_key,徳岡,フレンチ・ビストロ,,,銀座5-2-1,
answer_key,エキトンの店 井の庄,ラーメン,,,東大泉1-27-20,
answer_key,かき氷コレクション・バトン,スイーツ・和菓子,,,八重洲2-2-1,
answer_key,Patisserie Minimal,スイーツ・和菓子,,,8 Chome-8-24 Kinuta,
answer_key,Poisson,海鮮・魚料理,,,神楽坂4-3,
answer_key,Compho,ベトナム料理,,,2 Chome-2-2 Toyosu,
answer_key,Mētis,フレンチ・ビストロ,,,"Roppongi, 5 Chome−18−22 FORCEビル １F",
answer_key,Restaurant YUTA,フレンチ・ビストロ,,,雷門2丁目1-13 雷門ビル5F,
answer_key,武藤製麺所,ラーメン,,,竹の塚6-7-14,
answer_key,サカキ,フレンチ・ビストロ,,,京橋2丁目12-12,
answer_key,ビッグボーイ二子玉川店,ハンバーガー・ファストフード,,,鎌田3丁目19-6,
answer_key,口福炒飯楼 新宿ミロード店,中華,,,西新宿1丁目1-3,
answer_key,はらドーナッツ 中野店,スイーツ・和菓子,,,新井5-4-12,
answer_key,韓ヌリ,韓国料理,,,西新橋1丁目21-11,
answer_key,KHAO,タイ料理,,,"Kanda Jinbocho, 2 Chome−12−2 1階",
answer_key,Kobe beef Bifuteki Kawamura Roppongi,ステーキ・ハンバーグ,,,"Roppongi, 4 Chome−2−35 Vort六本木Dual's B1",
answer_key,ラトリエ・ド・シマ,スイーツ・和菓子,,,麹町3丁目12-3,
answer_key,Singapore Seafood Republic 竹芝,海鮮・魚料理,,,,
answer_key,Muu Tokyo,タイ料理,,,"Shiba, 4 Chome−13−13 西島ビル 1F・2F",
answer_key,ぐーばーぐ,ハンバーガー・ファストフード,,,四谷3-7,
answer_key,とり屋,焼肉・ホルモン,,,西葛西3丁目15-8,
answer_key,nico,イタリアン,,,南烏山6丁目6-24,
answer_key,PhỞ ThÌN 13 LÒ ĐÚC,ベトナム料理,,,"7-9-13 Nishi-Shinjuku, Toà nhà Shinjuku-ku Ishikawa 1F",
answer_key,Bagel&Bagel羽田空港店,パン,,,羽田空港3丁目3-2,
answer_key,Gottie's BEEF,ステーキ・ハンバーグ,,,西池袋1丁目38-5,
answer_key,The Meat and Laboratory,ステーキ・ハンバーグ,,,渋谷2丁目21-1,
answer_key,結華楼,中華,,,神楽坂3丁目2,
answer_key,Teji Tokyo,韓国料理,,,道玄坂1丁目11-3,
answer_key,タイ屋台料理 まいぺんらい,タイ料理,,,1 Chome-16-1 Higashirokugo,
answer_key,味芳斉支店,中華,,,芝大門1丁目10-1,
answer_key,山口屋,スイーツ・和菓子,,,東十条5丁目16-6,
answer_key,三ツ矢堂製麺渋谷店,ラーメン,,,道玄坂2-9-2,
answer_key,モンタナ,ラーメン,,,神楽坂5-8,
answer_key,ア・ラ・カンパーニュ 麻布十番店,パン,,,麻布十番2丁目18-11 パーク麻布十番 1F,
answer_key,Hunza,インド・ネパール料理,,,"Nakakasai, 3 Chome−29−1 スワロー第二ビル 1F",
answer_key,ソウル苑,韓国料理,,,北品川1丁目28-9,
answer_key,ラ・メゾン白金 グラン本店,スイーツ・和菓子,,,,
answer_key,ビンディー,インド・ネパール料理,,,上池台2丁目23-9,
answer_key,エミオン浜田山,フレンチ・ビストロ,,,浜田山3丁目35-38,
answer_key,ひょうたん,すし,,,緑1丁目15-9,
answer_key,ヨプトッポッキ 日本本店,韓国料理,,,百人町2-3-25,
answer_key,宮崎黒岩土鶏 どん,焼肉・ホルモン,,,堀切2丁目28-5,
answer_key,達観,韓国料理,,,"Ebisuminami, 1 Chome−13−3 GOLDビル 2階",
answer_key,スパゲッティ イチ,イタリアン,,,上高井戸1丁目8-23,
answer_key,中国酒菜 好来 八丁堀店,中華,,,八丁堀3丁目11-12,
answer_key,ウラチャチャ!チヂョッポ,韓国料理,,,荒川3丁目23-6,
answer_key,Mita-Seimen Shinjuku West Exit,ラーメン,,,"Nishishinjuku, 1 Chome−13−3 西新ビル １Ｆ",
answer_key,Sopra Acqua,イタリアン,,,矢来町43 ライオンズマンション矢来町,
answer_key,銀のさら 高円寺店,すし,,,高円寺南3-24-1,
answer_key,不二鉄板焼,ステーキ・ハンバーグ,,,恵比寿1丁目26-1,
answer_key,上野 戸みら伊本舗,ラーメン,,,上野4-5-9,
answer_key,東京スカイツリータウンの庭,焼肉・ホルモン,,,押上1-1-2,
answer_key,さくら水産天王洲店,海鮮・魚料理,,,東品川2丁目2-20,
answer_key,Dippalace 四谷四丁目店,インド・ネパール料理,,,四谷4-7,
answer_key,幸せのはし,中華,,,天神町22-5,
answer_key,こしみつ,パン,,,東陽5丁目2-10,
answer_key,Blue,海鮮・魚料理,,,"Kitakarasuyama, 9 Chome−2−4 トーコービル",
answer_key,ティンラ成城,スイーツ・和菓子,,,成城7丁目17-5,
answer_key,揚州名菜秦淮春,中華,,,銀座5丁目5-17,
answer_key,NÉN TOKYO,ベトナム料理,,,"Daikanyamacho, 14−18 4F",
answer_key,ふく・いけす料理大漁,海鮮・魚料理,,,信濃町34 JR信濃町駅ビル,
answer_key,朱雀門,焼肉・ホルモン,,,神田佐久間町3丁目21,
answer_key,Xocol,スイーツ・和菓子,,,5 Chome-2-1 Fukasawa,
answer_key,Nha Viet Nam,ベトナム料理,,,,
answer_key,京樽武蔵関西武店,すし,,,関町北2-29-1,
answer_key,メコン,タイ料理,,,西池袋3丁目26-5,
answer_key,クンメー大久保駅南口店,タイ料理,,,百人町1丁目14-3,
answer_key,エゴジーヌ,フレンチ・ビストロ,,,西麻布1丁目14-8,
answer_key,ソウル市場森下店,韓国料理,,,立川1丁目10-3,
answer_key,Restaurant Minet,フレンチ・ビストロ,,,白金3丁目9-8,
answer_key,Marisqueria Sol Roppongi,海鮮・魚料理,,,"Roppongi, 2 Chome−3−6 セントラルクリブⅡ 1F",
answer_key,尹家銀座,韓国料理,,,銀座7丁目13-2,
answer_key,Andesu Matoba,パン,,,"Asakusa, 3 Chome−3−2 的場ビル",
answer_key,KollaBo新大久保,韓国料理,,,大久保1丁目15-11,
answer_key,道そ神,すし,,,池上4丁目31-20,
answer_key,ヴィーコロデルソーレ,イタリアン,,,中村南3丁目12-1,
answer_key,ぽるこ,イタリアン,,,東五反田2丁目9-7,
answer_key,萬和苑,韓国料理,,,新宿4-1-13,
answer_key,Overwhelm nakameguro,ハンバーガー・ファストフード,,,東京都目黒区上目黒2-44-11,
answer_key,麻布十番シモン茂,すし,,,"Azabujuban, 2 Chome−8−8 エル麻布ＹＡＪＩＭＡビル 2階",
answer_key,もり太,すし,,,西落合2丁目10-19,
answer_key,江戸の船遊 屋形船 かねこ,海鮮・魚料理,,,月島2-1-1,
answer_key,ポポラマーマ成城学園前店,イタリアン,,,成城2-40-25 パレブラン成城2F,
answer_key,喜輪味や,焼肉・ホルモン,,,太子堂4丁目22-12,
answer_key,Uoshin Shinjuku Main Branch,すし,,,"新宿アシベ会館 1F, 2 Chome-36-3 Kabukicho",
answer_key,Tolo Sand Haus,パン,,,東山3丁目14-3,
answer_key,バナココ オキナワ タイランド,タイ料理,,,東京都千代田区九段北１丁目９−１４,
answer_key,ヴェトナム アリス,ベトナム料理,,,西新宿1-1-5,
answer_key,NORI,ハンバーガー・ファストフード,,,中目黒3丁目24-16,
answer_key,FOUNDRY,パン,,,東京都渋谷区千駄ヶ谷５丁目２４−２,
answer_key,Hide Mode,ハンバーガー・ファストフード,,,2 Chome-30-10 Hongo,
answer_key,Gottie's BEEF GEMS,ステーキ・ハンバーグ,,,芝大門1丁目15-3,
answer_key,さくら さくら 神楽坂店,海鮮・魚料理,,,神楽坂5-30,
answer_key,Tombo,ラーメン,,,"Shinbashi, 4 Chome−18−1 1F",
answer_key,関谷スパゲティExpress,イタリアン,,,"Takanawa, 3 Chome−26−27 JR 品川駅 構内 エキュート品川 サウス",
answer_key,ひごの屋表参道店,焼肉・ホルモン,,,南青山3丁目18-17,
answer_key,リトルバンコック,タイ料理,,,恵比寿南1丁目8-8,
answer_key,ゴレト,インド・ネパール料理,,,白山5丁目33-1,
unresolved,てんぷら 阿部 八丁目店,,restaurant,japanese_restaurant|grocery_store,銀座8ー7ー2,1
unresolved,アン・スリール,,restaurant,french_restaurant|bar,"Tsukiji, 6 Chome−8−10 スカール築地１Ｆ",1
unresolved,薫 HIROO,,restaurant,bar|cafe,東京都港区南麻布４丁目５−６６,1
unresolved,Who's Food's 池袋店,,restaurant,diner|asian_restaurant,西池袋1丁目21-9,1
unresolved,やっぱ りきまる,,japanese_restaurant,bar|restaurant,1 Chome-10-12 Kabukicho,1
unresolved,日本料理 さざんか,,japanese_restaurant,,東陽6-3-3,1
unresolved,まあまあ屋,,japanese_restaurant,restaurant|asian_restaurant,深沢5丁目9-5,1
unresolved,京たこ上池袋店,,japanese_restaurant,restaurant,上池袋3丁目34-12,1
unresolved,酒菜やち代,,japanese_restaurant,bar,南常盤台1丁目29-10,1
unresolved,やみつき商店,,japanese_restaurant,restaurant,中野5丁目55-8,1
unresolved,谷中たこ坊,,japanese_restaurant,cafe|restaurant,東京都台東区谷中３丁目９−１８,1
unresolved,Gramercy Table,,restaurant,french_restaurant,5 Chome-9-5 Ginza,1
unresolved,カラオケ・ピア,,restaurant,karaoke|bar,綾瀬1丁目38-20,1
unresolved,蓮玉庵,,japanese_restaurant,restaurant,上野2丁目8-7,1
unresolved,さ和乃,,japanese_restaurant,sushi_restaurant,若宮1丁目22-10,1
unresolved,Sakeria Sakebozu,,japanese_restaurant,sake_bar|bar,1丁目37-1,1
unresolved,Hanada Rosso,,vegetarian_restaurant,restaurant|cafe,神宮前6丁目28-5,1
unresolved,しゃけ小島,,japanese_restaurant,seafood_restaurant|restaurant,和泉1丁目3-15,1
unresolved,赤身にくがとう,,japanese_restaurant,restaurant|barbecue_restaurant,六本木6丁目10-1,2
unresolved,どぜう季節料理大門,,japanese_restaurant,restaurant|diner,西新井1丁目7-1,1
unresolved,啼寅東京,,japanese_restaurant,restaurant,"Daizawa, 5 Chome−29−9 ナイスビル 1階南側",1
unresolved,串だおれ 桜丘店,,japanese_restaurant,restaurant|diner,桜丘町15-19,1
unresolved,鹿火矢,,japanese_restaurant,restaurant,新橋2丁目9-13,1
unresolved,ボーグ ルビー,,restaurant,bar|desserts,若松町28-6,1
unresolved,Forest Garden,,cafeteria,,富士見2-17-1,1
unresolved,もとまる,,japanese_restaurant,restaurant,上野4丁目2-4,1
unresolved,Kobe Beef Teppanyaki Ginza Shima,,japanese_restaurant,steakhouse|restaurant,1 Chome-6-6 Ginza,1
unresolved,びすとり,,japanese_restaurant,restaurant,6 Chome-6-2 Higashinippori,1
unresolved,あそびすと,,restaurant,eat_and_drink|japanese_restaurant,桜丘町14-10 渋谷コープ301,1
unresolved,八仙花,,japanese_restaurant,restaurant|chinese_restaurant,池袋本町4丁目17-6,1
unresolved,エルセロ中野坂上店,,japanese_restaurant,,本町2丁目48-13 イーストンホテル1F,1
unresolved,あおぞらきっちん,,restaurant,asian_restaurant|japanese_restaurant,東京都千代田区大手町1 9-5,1
unresolved,秋吉銀座店,,japanese_restaurant,restaurant|bar,銀座8丁目3-10,1
unresolved,煎茶堂東京,,food_and_drink,restaurant|tea_room,東京都中央区銀座５丁目１０−１０,1
unresolved,翔々や,,japanese_restaurant,noodles_restaurant,"Tomioka, 1 Chome−22−26 杉田ビル 3階",1
unresolved,日本橋 愛之助,,japanese_restaurant,restaurant|caterer,"Nihonbashihoncho, 3 Chome−1−8 Cafe＆Connect内",1
unresolved,次朗,,japanese_restaurant,,東京都千代田区麹町１丁目８−８,1
unresolved,もりかわ,,japanese_restaurant,restaurant,赤坂3丁目21-6,1
unresolved,鳥市商店,,japanese_restaurant,,日本橋室町1-12-5,1
unresolved,テオ,,restaurant,italian_restaurant,東京都世田谷区梅丘１丁目２６−６,1
unresolved,てんぷら 前平,,japanese_restaurant,restaurant|diner,麻布十番2丁目8-16,1
unresolved,ターリー屋 西新宿7丁目店,,restaurant,indian_restaurant|hotel,東京都新宿区西新宿７丁目１０−１２,1
unresolved,天空の囲上野店,,japanese_restaurant,restaurant|diner,上野2丁目12-1,1
unresolved,米農園,,japanese_restaurant,,,1
unresolved,三幸苑,,japanese_restaurant,sushi_restaurant|barbecue_restaurant,平塚2丁目15-14,1
unresolved,肉や 恵比寿 まる福,,japanese_restaurant,barbecue_restaurant|restaurant,恵比寿西1丁目7-9,1
unresolved,ANAエントランス,,airport_lounge,cafe,東京都大田区羽田空港３丁目４−２,1
unresolved,てけてけ 日本橋茅場町店,,japanese_restaurant,restaurant|diner,日本橋茅場町1丁目8-5,1
unresolved,New Village,,diner,japanese_restaurant|restaurant,"Ebisuminami, 2 Chome−13−14 茶屋坂T&Kビル 5F",1
unresolved,十七番地新井薬師駅前店,,restaurant,bar|sake_bar,上高田3-41,1
unresolved,三陸大船渡まるしち,,japanese_restaurant,seafood_restaurant|restaurant,銀座5丁目7-10,1
unresolved,うめ月,,japanese_restaurant,restaurant|diner,1 Chome-7-4 Ebisu,1
unresolved,銀座ガーデンファーム 並木通り店,,japanese_restaurant,nursery_and_gardening|home_and_garden,中央区銀座3丁目3-14,1
unresolved,串喝卯吉,,japanese_restaurant,asian_restaurant,台東4丁目29-15,1
unresolved,なおよし,,japanese_restaurant,restaurant|asian_restaurant,押上1丁目19-12,1
unresolved,なおじ,,japanese_restaurant,eat_and_drink,目黒1丁目6-15,1
unresolved,聖橋 鳥福,,japanese_restaurant,chicken_restaurant|restaurant,神田駿河台2丁目4-14,1
unresolved,江戸味楽茶屋 そらまち亭,,japanese_restaurant,cafe|eat_and_drink,押上1丁目1-2,1
unresolved,ウエスト,,restaurant,bakery|coffee_shop,6 Chome-3-14 Ginza,1
unresolved,ギャートルMEAT,,japanese_restaurant,steakhouse|barbecue_restaurant,六本木5丁目5-1,1
unresolved,Okinawa Nanjo ヘルシードリンクショップ,,restaurant,pub|bar,東京都渋谷区恵比寿南２丁目３−１５,1
unresolved,かに福 柏,,japanese_restaurant,sushi_restaurant|restaurant,,1
unresolved,同興居,,asian_restaurant,restaurant|diner,立石8丁目2-1,1
unresolved,シーザー,,restaurant,coffee_shop|cafe,赤坂2丁目3-6,1
unresolved,大崎一番家,,japanese_restaurant,restaurant|diner,大崎3丁目6-17,1
unresolved,楮山 神田店,,japanese_restaurant,,内神田2-15-2,1
unresolved,Bella Vista,,restaurant,american_restaurant|european_restaurant,紀尾井町4-1,1
unresolved,魔女の一撃,,restaurant,asian_restaurant|japanese_restaurant,2 Chome-47-3 Honcho,1
unresolved,家族亭大森店,,japanese_restaurant,noodles_restaurant|restaurant,大森北1丁目6-16,1
unresolved,富士㐂 馬喰町,,japanese_restaurant,restaurant,日本橋馬喰町1-6-4イーダビル,1
unresolved,坦々麺一龍,,japanese_restaurant,,東京都大田区蒲田４丁目１０−１４,2
unresolved,銀座土佐料理祢保希,,japanese_restaurant,restaurant,銀座7丁目6-8,1
unresolved,黒之助,,restaurant,bar,小山4丁目5-18,1
unresolved,ピン,,japanese_restaurant,restaurant|bar,神田駿河台2-4,1
unresolved,ぶりす,,restaurant,japanese_restaurant|bar_and_grill_restaurant,"Shinbashi, 1 Chome−11−2 I/O Shimbashi, 1F",1
unresolved,桜上水 船越,,japanese_restaurant,,東京都杉並区下高井戸１丁目２１−１０,1
unresolved,Instant Classic / West Coast Brewing,,restaurant,,赤坂9-7-4 東京ミッドタウン ガーデンテラスB1,1
unresolved,大和,,japanese_restaurant,restaurant|steakhouse,西五反田8丁目1-8,4
unresolved,麻布茶房 丸井錦糸町店,,japanese_restaurant,cafe|restaurant,東京都墨田区江東橋３丁目９−１０,1
unresolved,鶏節麺かびら,,japanese_restaurant,chicken_restaurant,4 Chome-21-13 Central,1
unresolved,桜ヶ丘 椿堂,,restaurant,,桜丘町15-3,1
unresolved,サンシャイン クルーズ and クルーズ,,restaurant,japanese_restaurant|diner,東池袋3-1,1
unresolved,sage & fennel,,restaurant,,銀座8-2-14,1
unresolved,六本木澤いち,,japanese_restaurant,sushi_restaurant|restaurant,六本木3丁目9-11,1
unresolved,蒲焼神田川,,japanese_restaurant,restaurant|sushi_restaurant,"Sotokanda, 2 Chome−5−11 神田川",1
unresolved,アロハブルーキッチン,,restaurant,eat_and_drink|cafe,日本橋蛎殻町1丁目39-5,1
unresolved,炭火焼き くら,,restaurant,bar|chicken_restaurant,世田谷4丁目3-18,1
unresolved,てんぷら荘司,,japanese_restaurant,asian_restaurant,住吉町2丁目18-206,1
unresolved,Naturam,,japanese_restaurant,restaurant|vegetarian_restaurant,1 Chome-17-16 Tamagawa,1
unresolved,Shinjuku Kuyakushomae no Himonoya,,japanese_restaurant,restaurant|seafood_restaurant,歌舞伎町1-2-3,1
unresolved,麻布布袋家,,japanese_restaurant,noodles_restaurant|asian_restaurant,東麻布1丁目7-2,1
unresolved,おさむ,,japanese_restaurant,asian_restaurant,1 Chome-23-6 Koyamadai,2
unresolved,ペルー料理 ナスカ 南青山店,,restaurant,asian_restaurant|diner,南青山1丁目26-4,1
unresolved,しののめヌードル,,food_and_drink,,東京都江東区亀戸３丁目４５−１８,1
unresolved,池袋LABI前店,,fast_food_restaurant,,東京都豊島区東池袋１－９－１０,1
unresolved,雛どり,,japanese_restaurant,,赤坂2丁目8-11,1
unresolved,豚キ,,japanese_restaurant,,高田馬場3丁目4-17,1
unresolved,いっぱいいっぱい,,diner,bar|arts_and_entertainment,東京都北区栄町４５−７,1
unresolved,新橋わっつり,,japanese_restaurant,restaurant|bar,新橋4丁目19-1,1
unresolved,やなか草,,japanese_restaurant,noodles_restaurant|restaurant,平井5丁目20-13,1
unresolved,"Tokyo, Ebisu",,fast_food_restaurant,,"Ebisu Minami 1-6, Shibuya-ku",1
unresolved,肉亭ふたご,,restaurant,japanese_restaurant,"〒160-0021 東京都新宿区歌舞伎町１丁目１８−９, Wa Mall Tops House, １０Ｆ",2
unresolved,御徒町 おでん 小林,,japanese_restaurant,restaurant,東上野1丁目14-9,1
unresolved,マルコ,,restaurant,bakery,一之江2丁目10-7,1
unresolved,よし乃,,japanese_restaurant,,王子1-5-1,2
unresolved,アローズクラブ,,japanese_restaurant,restaurant|italian_restaurant,新宿1丁目30-8,1
unresolved,Rico Pua,,japanese_restaurant,cafe|restaurant,3 Chome-8-14 Sendagaya,1
unresolved,牛将,,japanese_restaurant,barbecue_restaurant|restaurant,堀切3丁目9-6,1
unresolved,華屋与兵衛羽田店,,japanese_restaurant,restaurant|diner,萩中3丁目4-5,1
unresolved,酒縁川島,,japanese_restaurant,restaurant|bar,"Koyama, 4 Chome−10−4 倉ビル １０２",1
unresolved,てら田,,japanese_restaurant,restaurant|asian_restaurant,富岡1丁目11-5,1
unresolved,鮒忠花川戸店,,japanese_restaurant,,花川戸1丁目6-4,1
unresolved,祇をん 八咫銀座店,,japanese_restaurant,asian_restaurant,銀座6丁目8-7,1
unresolved,Nakatsu Karaage Kei,,japanese_restaurant,chicken_restaurant|asian_restaurant,平塚2丁目18-5,1
unresolved,炙り北海王,,japanese_restaurant,bar|barbecue_restaurant,東大井5-7-10 クレストワン中1階,1
unresolved,BERG,,restaurant,,新宿3丁目38-1,1
unresolved,むら季,,japanese_restaurant,asian_restaurant|restaurant,東大泉7丁目37-11,1
unresolved,Shima,,restaurant,steakhouse|american_restaurant,"Nihonbashi, 3 Chome−5−12 平和不動産日本橋ビル B１",1
unresolved,はやせ,,japanese_restaurant,restaurant|asian_restaurant,"Senzoku, 4 Chome−50−5 佐藤ビル",1
unresolved,季節料理とうま酒安具楽新宿センタービル店,,restaurant,,西新宿1丁目25-1 新宿センタービルB1F,1
unresolved,蔵百人町店,,japanese_restaurant,restaurant|asian_restaurant,百人町2丁目21-2,1
unresolved,中目黒 いぐち,,japanese_restaurant,restaurant,2丁目1-10,1
unresolved,米とサーカス,,japanese_restaurant,bar|sake_bar,高田馬場2丁目19-8,1
unresolved,スパイスマジック 渋谷店,,japanese_restaurant,,宇田川町11-5,1
unresolved,Royal Starship,,japanese_restaurant,restaurant|indian_restaurant,4 Chome-33-10 Sengoku,1
unresolved,鈴亭,,japanese_restaurant,asian_restaurant|restaurant,宮前3丁目35-14,1
unresolved,能代,,japanese_restaurant,asian_restaurant|restaurant,西麻布4丁目11-28,2
unresolved,オーベルジュ・ド・ニレーヌ (Auberge De Nirene),,restaurant,,日本橋本町4-7-15,1
unresolved,しんのす家,,japanese_restaurant,bar|asian_restaurant,3 Chome-59-11 Koenjiminami,1
unresolved,じゅんちゃん,,japanese_restaurant,restaurant|asian_restaurant,蓮根2丁目12-13,1
unresolved,日の家,,japanese_restaurant,restaurant|asian_restaurant,三田5丁目20-6,1
unresolved,六串,,japanese_restaurant,restaurant,4 Chome-12-4 Roppongi,1
unresolved,雷一茶,,japanese_restaurant,,花川戸1-15-9,1
unresolved,Meat,,japanese_restaurant,bar|restaurant,亀戸5丁目13-2,1
unresolved,紙の月,,fast_food_restaurant,,歌舞伎町2-38-11,1
unresolved,うまいもん 炙り道場,,japanese_restaurant,restaurant|barbecue_restaurant,新木場1丁目6-1,1
unresolved,麵屋正路,,japanese_restaurant,noodles_restaurant|eat_and_drink,東京都新宿区百人町１丁目２４−７,1
unresolved,六本木小川,,japanese_restaurant,restaurant|seafood_restaurant,"Roppongi, 4 Chome−4−3 協和ビル西館",1
unresolved,いむ田,,japanese_restaurant,restaurant|asian_restaurant,"Kachidoki, 3 Chome−3−3 勝どき第３関根ビル",1
unresolved,つぶつぶ料理教室 早稲田本校,,vegetarian_restaurant,cafe|restaurant,東京都新宿区弁天町１４３−５,1
unresolved,大観,,japanese_restaurant,sake_bar|bar,2 Chome-14-7 Kajicho,1
unresolved,なんつッ亭池袋店,,japanese_restaurant,asian_restaurant|noodles_restaurant,西池袋1丁目43-9,1
unresolved,坂内歌舞伎町店,,japanese_restaurant,restaurant|eat_and_drink,歌舞伎町1丁目24-6,1
unresolved,10ZEN,,japanese_restaurant,health_food_restaurant|restaurant,高輪3丁目25-29,1
unresolved,てしごと料理 まる山,,japanese_restaurant,asian_restaurant|restaurant,南青山2丁目14-15,1
unresolved,Issho Ueno,,japanese_restaurant,seafood_restaurant|restaurant,"Ueno, 7 Chome−2−4 FUNDES ８F",1
unresolved,COMEL,,restaurant,japanese_restaurant,3 Chome-4-2 Hanedakuko,1
unresolved,まるしげ夢葉家,,asian_restaurant,japanese_restaurant|restaurant,赤坂2丁目14-8,1
unresolved,どん太瑞江店,,japanese_restaurant,asian_restaurant|restaurant,西瑞江3丁目6-70,1
unresolved,Mangekyo,,restaurant,fast_food_restaurant|bar,新宿1丁目23-5,1
unresolved,本郷,,restaurant,japanese_restaurant|asian_restaurant,梅島1丁目13-15,1
unresolved,安ん座,,japanese_restaurant,,港区新橋4-15-2,1
unresolved,油麺にこにこ,,japanese_restaurant,noodles_restaurant|asian_restaurant,西早稲田1丁目8-8,1
unresolved,Parlor Noon,,restaurant,cafe,"Kamiosaki, 4 Chome−3−7 目黒駅前ビル 1F",1
unresolved,Jūjūkarubi Minamisuna,,restaurant,asian_restaurant|japanese_restaurant,南砂4-4-26,1
unresolved,谷渋、裏代官山テイクアウトとお弁当,,restaurant,delicatessen,桜丘町15-19,1
unresolved,とりすみ,,japanese_restaurant,asian_restaurant|restaurant,2 Chome-7-5 Dogenzaka,1
unresolved,やさい家めい五反田店,,japanese_restaurant,restaurant|asian_restaurant,東五反田2丁目1-2,1
unresolved,天鳳,,japanese_restaurant,noodles_restaurant|restaurant,六本木7丁目8-5,1
unresolved,粕谷精米店本店,,restaurant,grocery_store|food_beverage_service_distribution,中町3丁目6-1,1
unresolved,ぷくいち 都立大店,,japanese_restaurant,sushi_restaurant|restaurant,平町1丁目26-6,1
unresolved,新時代 有楽町店,,japanese_restaurant,restaurant|diner,3 Chome-6-18 Marunouchi,2
unresolved,神楽坂 富貴貫,,japanese_restaurant,restaurant,1-14 Nishigokencho,1
unresolved,らくらくや,,japanese_restaurant,sushi_restaurant,東大井5丁目14-16,1
unresolved,おの美,,japanese_restaurant,sushi_restaurant|cafe,東金町3丁目9-3,1
unresolved,一心軒,,japanese_restaurant,asian_restaurant,旭丘1丁目77-15,1
unresolved,大多福,,japanese_restaurant,,千束1丁目6-2,1
unresolved,黒兵衛,,japanese_restaurant,restaurant,神楽坂2-10,1
unresolved,ガンコンヌードル,,japanese_restaurant,noodles_restaurant|restaurant,中里1丁目3-3,1
unresolved,坂内四谷店,,japanese_restaurant,restaurant|diner,四谷3-11,1
unresolved,汁や 東京駅店,,japanese_restaurant,sushi_restaurant|soup_restaurant,丸の内1丁目9-1,1
unresolved,浜ふじ,,japanese_restaurant,seafood_restaurant|restaurant,2 Chome-12-12 Jiyugaoka,1
unresolved,だし茶漬けえん 有楽町イトシア店,,japanese_restaurant,fast_food_restaurant|restaurant,東京都千代田区有楽町２丁目７−１,1
unresolved,フォッセ,,breakfast_and_brunch_restaurant,,九段北4-2-25,1
unresolved,竹や,,japanese_restaurant,restaurant,湯島1丁目9-15,1
unresolved,創作鉄板じゅうじゅう,,japanese_restaurant,restaurant,,1
unresolved,ALMA,,japanese_restaurant,restaurant|diner,"Higashi, 3 Chome−15−6 Mmy Momoyo Bldg., 1F",1
unresolved,チラナイサクラ,,japanese_restaurant,restaurant|diner,上野5丁目10-14,1
unresolved,旬和膳 きゅう,,restaurant,japanese_restaurant|asian_restaurant,上大崎2ー24ー10島田ビルB 1,1
unresolved,Shop Stop南麻布(了聞),,restaurant,,5 Chome-1-4 Minamiazabu,1
unresolved,初音家,,japanese_restaurant,food_stand,谷中3丁目13-4,1
unresolved,正駒,,japanese_restaurant,restaurant|asian_restaurant,赤坂3丁目15-6,1
unresolved,しんばし和寿,,japanese_restaurant,restaurant,東京都千代田区六番町１−７,1
unresolved,Addis,,ethiopian_restaurant,african_restaurant|restaurant,中根2丁目3-15,1
unresolved,蕎肆遊粋 多摩川,,japanese_restaurant,restaurant,東京都大田区矢口2-17-1,1
unresolved,揚物 うえむら,,restaurant,japanese_restaurant|asian_restaurant,"Minaminagasaki, 1 Chome−17−4 うえむらマンション",1
unresolved,くりこ庵,,japanese_restaurant,asian_restaurant|restaurant,神楽坂2丁目6,1
unresolved,木春堂,,japanese_restaurant,restaurant,関口2丁目10-8,1
unresolved,青華こばやし,,restaurant,japanese_restaurant|asian_restaurant,荒木町10-17,1
unresolved,酒菜 加トちゃん,,restaurant,,駒込1丁目25-10,1
unresolved,山笠ノ龍,,japanese_restaurant,noodles_restaurant|asian_restaurant,柳橋1丁目13-5,1
unresolved,とん太,,japanese_restaurant,restaurant,高田3丁目17-8,1
unresolved,日本背骨養生協会,,restaurant,education,神楽坂6-58 神楽坂NHビル２階　201号,1
unresolved,青山星のなる木,,japanese_restaurant,restaurant|diner,神宮前5丁目51-8,1
unresolved,鶏喜鶏喜,,japanese_restaurant,chicken_restaurant|bar,"Kanda Sakumacho, 2 Chome−13-3 Y’s Tower, B1F",1
unresolved,二合半,,japanese_restaurant,bar|sake_bar,芝5丁目24-7,2
unresolved,Re Mare,,food_and_drink,bar|pub,"Kanda Jinbocho, 1 Chome−２７−4 ワイズビル ２F",1
unresolved,麺巧潮 神田淡路町本店,,japanese_restaurant,restaurant,神田淡路町2丁目4-4,1
unresolved,Red Pepper,,japanese_restaurant,restaurant|diner,北青山3丁目5-25,1
unresolved,ねこ次郎,,japanese_restaurant,restaurant|bar,松原2丁目42-5,1
unresolved,花道亀戸,,japanese_restaurant,sushi_restaurant|bar,亀戸6丁目16-8,1
unresolved,上昇気流,,asian_restaurant,,5 Chome-13-17-8 Kamata,1
unresolved,百人町 近江家,,japanese_restaurant,noodles_restaurant|restaurant,"Hyakunincho, 2 Chome−4−1 サン ビルディング 1階",1
unresolved,ナンクルナイサ銀座店,,japanese_restaurant,specialty_grocery_store|bakery,銀座3丁目8-10,1
unresolved,銀座 Alla Mano,,restaurant,italian_restaurant,銀座7丁目15-5,1
unresolved,あんろーざ,,diner,japanese_restaurant|restaurant,船橋1丁目11-10,1
unresolved,みよし 卯ノ方,,japanese_restaurant,restaurant,湯島3丁目38-5,1
unresolved,Ferrous,,japanese_restaurant,steakhouse|restaurant,"Nishishinjuku, 1 Chome−6−1 Shinjuku L Tower, B2",1
unresolved,Chikuyotei Ginza,,japanese_restaurant,restaurant|asian_restaurant,5 Chome-8-3 Ginza,1
unresolved,いちばん星,,japanese_restaurant,eat_and_drink,白河1丁目4-18,1
unresolved,和 いち膳,,japanese_restaurant,sushi_restaurant|breakfast_and_brunch_restaurant,東京都千代田区永田町１丁目１１−２８,1
unresolved,鶏三和東京ミッドタウン店,,japanese_restaurant,chicken_restaurant|restaurant,東京都港区赤坂９丁目７−３,1
unresolved,佳照庵,,restaurant,,台東2-3-7,1
unresolved,食庵とんとん,,japanese_restaurant,sushi_restaurant|diner,東京都杉並区高井戸東３丁目２８−１,1
unresolved,津久志,,japanese_restaurant,restaurant|eat_and_drink,浅草1丁目16-3,1
unresolved,士士 sisi,,japanese_restaurant,restaurant|diner,"Roppongi, 3 Chome−8−15 瀬里奈ヴィレッジ １F",1
unresolved,京城園,,japanese_restaurant,korean_restaurant|barbecue_restaurant,自由が丘1丁目26-3,1
unresolved,食事処 DO,,restaurant,cafe|japanese_restaurant,"Yoyogi, 1 Chome−10−8 B1",1
unresolved,Kobe Beef Daia Teppan-Yaki Kaminarimon West Branch,,japanese_restaurant,steakhouse|restaurant,"Asakusa, 1 Chome−3−5 ＡＲＭビル 2F・3F",1
unresolved,天富士,,japanese_restaurant,restaurant|asian_restaurant,志茂2-40−10,1
unresolved,こうえんじ,,japanese_restaurant,asian_restaurant,,1
unresolved,鳥良西新宿店,,japanese_restaurant,chicken_restaurant|restaurant,西新宿1丁目10-2,1
unresolved,ニクノトリコ,,japanese_restaurant,restaurant,六本木4丁目5-11,1
unresolved,まめや,,japanese_restaurant,restaurant|asian_restaurant,新富1丁目7-12,1
unresolved,ひとぼし,,japanese_restaurant,bar,南蒲田3丁目13-11,1
unresolved,南青山テラス常盤松フォレスト,,food_truck_stand,japanese_restaurant|landmark_and_historical_building,南青山7-1,1
unresolved,もつ家 大西 四谷三丁目店,,japanese_restaurant,restaurant|bar,"Yotsuya Saneicho, 10−12 ボナフラワービル 1F",1
unresolved,鉄板焼花,,japanese_restaurant,asian_restaurant,代官山町13-6,1
unresolved,Miraflores 渋谷,,restaurant,peruvian_restaurant|latin_american_restaurant,桜丘町28-3,1
unresolved,世界の山ちゃん 錦糸町南口店,,japanese_restaurant,bar,江東橋3丁目14-13,1
unresolved,お食事処 優,,japanese_restaurant,,8-10 本町3丁目,1
unresolved,丸屋,,japanese_restaurant,restaurant|asian_restaurant,喜多見8丁目16-8,5
unresolved,nanca,,japanese_restaurant,restaurant,"Uehara, 1 Chome−32−32 18YYビル 1F",1
unresolved,居残り 連,,japanese_restaurant,restaurant|diner,北品川1丁目22-4,1
unresolved,地鶏小町 恵比寿店,,japanese_restaurant,asian_restaurant|restaurant,恵比寿南1丁目8-1,1
unresolved,味噌一常盤台店,,japanese_restaurant,noodles_restaurant|restaurant,常盤台1丁目60-2,1
unresolved,Nakamura,,restaurant,european_restaurant|fast_food_restaurant,4 Chome-14-26 Higashimizumoto,1
unresolved,むぎや,,japanese_restaurant,restaurant,立石1丁目11-4,1
unresolved,茶の間,,japanese_restaurant,restaurant|asian_restaurant,竹の塚3丁目5-2,1
unresolved,Uokushi,,restaurant,,,1
unresolved,牛禅神田店,,japanese_restaurant,,鍛冶町1-7-9,1
unresolved,Kenちゃん,,japanese_restaurant,restaurant|sushi_restaurant,築地7丁目12-10,1
unresolved,おっ母さん,,japanese_restaurant,asian_restaurant|restaurant,日本橋大伝馬町2-8,1
unresolved,はーびあんず,,vegan_restaurant,,道玄坂1-15-7,1
unresolved,居食房 しぶいち,,japanese_restaurant,bar|restaurant,西瑞江2丁目22-12,1
unresolved,金田中庵,,japanese_restaurant,,銀座7-6-16,1
unresolved,木曽路南千住店,,japanese_restaurant,restaurant,南千住5丁目6-15,1
unresolved,コナコナバスケット,,restaurant,coffee_shop|fast_food_restaurant,東京都中央区築地6丁目14-3,1
unresolved,深川茂吉,,japanese_restaurant,bar|restaurant,2 Chome-10-5 Fukagawa,1
unresolved,たこやき元祖どないや池袋店,,japanese_restaurant,,池袋2丁目42-9 中川ビル 1階,1
unresolved,口中ズルムケbar お前まんまるやん,,japanese_restaurant,bar|restaurant,東京都新宿区西早稲田３丁目２８−１,1
unresolved,串タロー,,japanese_restaurant,restaurant,新宿3丁目35-10,1
unresolved,熟かつ亭,,japanese_restaurant,restaurant|diner,"Nishikamata, 7 Chome−68−1 グランデュオ蒲田西館 7階",1
unresolved,日本橋だし場羽田空港店,,japanese_restaurant,restaurant,羽田空港2丁目6-5,1
unresolved,両国駅西口店,,fast_food_restaurant,,東京都墨田区両国２－１３－６,1
unresolved,Kojiro,,restaurant,,新橋3丁目1-5 筑紫ビル,1
unresolved,二代目げんこつ屋,,japanese_restaurant,,1 Chome-5-16 Seijo,1
unresolved,サイゴン,,restaurant,vietnamese_restaurant|asian_restaurant,有楽町1丁目10-1,1
unresolved,月の市場,,japanese_restaurant,restaurant|diner,赤坂3丁目10-4,1
unresolved,Aida,,japanese_restaurant,restaurant|diner,板橋1丁目49-8,1
unresolved,銀のさら滝野川店,,restaurant,,西巣鴨2丁目21-8 101,1
unresolved,和のねんりん家,,japanese_restaurant,,羽田空港3-3-2,1
unresolved,八十八楽 こめらく 有楽町店,,restaurant,eat_and_drink|comfort_food_restaurant,有楽町1丁目10-1,1
unresolved,炉ばた焼吾作,,japanese_restaurant,asian_restaurant|restaurant,和田1丁目20-3,1
unresolved,しん,,japanese_restaurant,bar|sake_bar,恵比寿南1丁目16-5,1
unresolved,くるか菜,,japanese_restaurant,restaurant,町屋3丁目1-14,1
unresolved,ふる里料理山猿,,japanese_restaurant,restaurant|asian_restaurant,銀座5丁目4-14,1
unresolved,鳥心,,japanese_restaurant,,西五反田2-6-12,1
unresolved,江戸玉川屋,,japanese_restaurant,food_beverage_service_distribution|shopping,東京都北区豊島７丁目５−１２,1
unresolved,三六麻布十番店,,japanese_restaurant,restaurant,麻布十番2丁目9-5,1
unresolved,鶏吉,,japanese_restaurant,,八重洲1丁目3-7 八重洲ファーストフィナンシャルビルB1F,1
unresolved,鉄板ラッシュ! エチカフィット永田町店,,food_and_drink,,永田町1丁目11-28 東京メトロ永田町駅 B3F,1
unresolved,串屋 月花,,japanese_restaurant,,"Tomioka, 1 Chome−5−11-102 門前ビル",1
unresolved,Yamaya,,japanese_restaurant,restaurant|bar,2 Chome-68-5 Ikebukuro,1
unresolved,めいくわん,,japanese_restaurant,chinese_restaurant|restaurant,南品川6丁目18-18,1
unresolved,朧月,,japanese_restaurant,asian_restaurant|restaurant,上大崎3丁目3-4,1
unresolved,たかし屋 錦糸町店,,japanese_restaurant,,"Kotobashi, 2 Chome−16−9 藤岡ビル 1F",1
unresolved,笑壷 えつぼ,,japanese_restaurant,sushi_restaurant,"赤坂永谷シティプラザ 半地下, 1丁目-8-1",1
unresolved,アグリグッドムーン,,japanese_restaurant,sushi_restaurant|restaurant,上目黒1丁目5-10,1
unresolved,かよひ路日比谷店,,japanese_restaurant,,有楽町2-1-18,1
unresolved,柚,,japanese_restaurant,restaurant|asian_restaurant,八丁堀2丁目21-9,1
unresolved,月海,,restaurant,bar,西麻布4丁目2-6,1
unresolved,赤津加,,japanese_restaurant,restaurant,外神田1丁目10-2,1
unresolved,博多慶州銀座店,,japanese_restaurant,bar|restaurant,銀座3丁目14-8,1
unresolved,サカナズキ,,japanese_restaurant,restaurant|diner,恵比寿南3丁目2-16,1
unresolved,Ganjuuyaa,,restaurant,japanese_restaurant|bar,東京都杉並区高円寺北３丁目２２−８,1
unresolved,季節料理 あい川,,japanese_restaurant,asian_restaurant|restaurant,神田司町2丁目17-18,1
unresolved,アボットチョイス,,irish_pub,,西麻布1-12-5,1
unresolved,FAMiRES,,theme_restaurant,restaurant|diner,"Jingumae, 6 Chome−31−21 東急プラザ原宿 ハラカド 5f",1
unresolved,肉屋 格之進,,japanese_restaurant,restaurant|diner,六本木1丁目4-5,1
unresolved,Anrakutei Adachi Iriya,,japanese_restaurant,barbecue_restaurant|restaurant,1 Chome-22-9 Saranuma,1
unresolved,Incanto,,restaurant,bar|wholesale_store,東京都千代田区六番町１−７,1
unresolved,キッチン竹乃子,,japanese_restaurant,restaurant,台東1丁目11-12,1
unresolved,ファミリーマート 世田谷北沢三丁目店,,restaurant,convenience_store,東京都世田谷区北沢３丁目１８−３,1
unresolved,芳とも庵,,japanese_restaurant,restaurant,納戸町10,1
unresolved,MONPAL,,restaurant,diner|european_restaurant,富岡1丁目10-3,1
unresolved,座・グラン東京,,theme_restaurant,,新橋2-8-5,1
unresolved,イクチャム,,restaurant,vietnamese_restaurant,東京都足立区千住３丁目１０,1
unresolved,伏音,,japanese_restaurant,bar|restaurant,47-2 Oyamacho,1
unresolved,築地十干京橋店,,japanese_restaurant,restaurant|diner,京橋3丁目1-1,1
