set,name,truth,address,opus_genre,opus_conf,opus_reason,haiku_genre,haiku_conf,haiku_reason
answer_key,鉄板王国田町店,ステーキ・ハンバーグ,芝浦3丁目7-15,お好み焼き・もんじゃ・たこ焼き,低,鉄板の店名、鉄板焼き系と推測,焼肉・ホルモン,中,店名に「鉄板」があり、鉄板焼きの業態。焼肉の可能性が高い。
answer_key,五徳,すし,神山町8-2,不明,低,店名から判断不可,焼肉・ホルモン,中,「五徳」は焼肉・ホルモン店の一般的な名称。
answer_key,Com Pho,ベトナム料理,3 Chome-2-5 Kasumigaseki,ベトナム料理,高,店名にPho,ベトナム料理,高,「Pho」はベトナム料理の代表的なスープ。ベトナム店確定。
answer_key,中勢以内店,ステーキ・ハンバーグ,小石川5丁目10-18,焼肉・ホルモン,低,中勢以は精肉店、肉料理系,不明,中,店名が「中勢以内店」で内容が不明。ジャンル判定できない。
answer_key,えびかに家,海鮮・魚料理,千住2丁目65,海鮮・魚料理,中,えび・かにの店名,海鮮・魚料理,中,「えびかに」で海産物が専門。海鮮店と判断。
answer_key,DooWop,ハンバーガー・ファストフード,恵比寿西1-35-14,バー,低,音楽系の名称でバーと推測,バー,低,「DooWop」は店名から業態不明。バー的な雰囲気の可能性。
answer_key,びすとろ UOKIN 秋葉原店,フレンチ・ビストロ,神田練塀町85,海鮮・魚料理,高,魚金系のビストロ,フレンチ・ビストロ,高,店名に「びすとろ」と明記。フレンチ・ビストロ確定。
answer_key,野崎亭,ステーキ・ハンバーグ,六本木3丁目4-33,不明,低,店名から判断不可,焼肉・ホルモン,中,「野崎亭」は焼肉店の一般的な名称。
answer_key,アイキッチン 豊玉上店,インド・ネパール料理,豊玉上2丁目15-9,不明,低,店名から判断不可,ファミリーレストラン,低,「アイキッチン」は店名からは業態不明。
answer_key,ビンミン 東京支店｜BINH MINH Tokyo,ベトナム料理,3 Chome-22-8 Koenjikita,ベトナム料理,中,ベトナム語の店名,ベトナム料理,高,「ビンミン」はベトナム店。ベトナム料理確定。
answer_key,威風,ラーメン,東五反田2-3-2,ラーメン,低,ラーメン店に多い名称,焼肉・ホルモン,中,「威風」は焼肉店の一般的な名称。
answer_key,Tokyo Tom Yam Tinun オリナスモール店,タイ料理,,タイ料理,高,トムヤムの店名,タイ料理,高,「Tom Yam」はタイの代表的なスープ。タイ料理確定。
answer_key,From Farm,ハンバーガー・ファストフード,"Jingumae, 1 Chome−23−26 1F COMICHI",カフェ・喫茶,低,原宿の洋風名でカフェ推測,カフェ・喫茶,低,「From Farm」は店名から業態不明。
answer_key,PIRABKAO,タイ料理,2 Chome-62-3 Ikebukuro,その他アジア料理,低,ミャンマー系名称と推測,タイ料理,高,「PIRABKAO」はタイ料理店。
answer_key,wanna manna,中華,富士見2-10-2,不明,低,店名から判断不可,インド・ネパール料理,中,「wanna manna」はカレー系の店の可能性。
answer_key,seema seema,インド・ネパール料理,赤堤3丁目3-15,不明,低,店名から判断不可,インド・ネパール料理,中,「seema seema」はインド系の店名。
answer_key,銀座コージーコーナー,パン,大井1丁目3-6,スイーツ・和菓子,高,洋菓子チェーン,スイーツ・和菓子,高,「銀座コージーコーナー」は有名ケーキチェーン。確定。
answer_key,バンハオ2,タイ料理,平和台3-22-19,中華,低,中華風の名称,ベトナム料理,中,「バンハオ」はベトナム料理の店の可能性。
answer_key,鈴蘭,ラーメン,新宿3-11-12,カフェ・喫茶,低,喫茶店に多い名称,不明,中,「鈴蘭」は一般的な店名で業態不明。
answer_key,築地木村家跡地,パン,2 Chome-10-9 Tsukiji,対象外,中,跡地で店舗ではない,対象外,中,「築地木村家跡地」は場所表記で、飲食店ではなく跡地。
answer_key,粋,すし,日本橋人形町2-3-8,不明,低,店名から判断不可,和食・割烹,中,人形町の「粋」は和食店の可能性。
answer_key,リスちゃん,ベトナム料理,1 Chome-7-21 Okubo,不明,低,店名から判断不可,カフェ・喫茶,低,「リスちゃん」は店名から業態不明。
answer_key,五十三家,ラーメン,栄町21-4,ラーメン,中,〇〇家は家系ラーメンに多い,そば・うどん,中,「五十三家」は蕎麦店の可能性。
answer_key,ヨックモック,スイーツ・和菓子,玉川3-17-1,スイーツ・和菓子,高,洋菓子ブランド,スイーツ・和菓子,高,「ヨックモック」は有名焼き菓子チェーン。確定。
answer_key,近畿大学水産研究所 はなれ グランスタ東京店,海鮮・魚料理,東京都千代田区丸の内１丁目９−１,海鮮・魚料理,高,近大マグロの店,海鮮・魚料理,高,「近畿大学水産研究所」は水産系。海鮮・魚料理確定。
answer_key,King Japan,すし,青山1丁目5-12,不明,低,店名から判断不可,不明,低,「King Japan」は店名から業態不明。
answer_key,バングイバオベ,ベトナム料理,東京都世田谷区南烏山6-6-15,ベトナム料理,高,バインミー・ボーベー,不明,低,「バングイバオベ」は店名から業態判定困難。
answer_key,膳香苑,中華,松島1丁目42-15,中華,中,中華風の店名,中華,中,「膳香苑」は中華店の可能性。
answer_key,チャミヤラキッチン,インド・ネパール料理,東尾久1丁目36-15,インド・ネパール料理,低,南アジア系名称のキッチン,インド・ネパール料理,中,「チャミヤラキッチン」はインド系の可能性。
answer_key,お肉香田,焼肉・ホルモン,新橋3丁目3-3,焼肉・ホルモン,低,肉の店名,焼肉・ホルモン,中,「お肉香田」は焼肉店の可能性。
answer_key,ラ・ボンヌ・ヌーベル,フレンチ・ビストロ,京橋2-5-3,フレンチ・ビストロ,中,フランス語店名,フレンチ・ビストロ,高,「ラ・ボンヌ・ヌーベル」はフランス語。フレンチ店確定。
answer_key,Ichigoya BBS,ハンバーガー・ファストフード,西早稲田2丁目4-18,不明,低,店名から判断不可,バー,低,「BBS」は不明。バーの可能性。
answer_key,パティスリー シフォン,スイーツ・和菓子,東京都足立区西綾瀬２丁目２３−３０,スイーツ・和菓子,高,パティスリー,スイーツ・和菓子,中,「パティスリー シフォン」はケーキ店。スイーツ確定。
answer_key,Choushimaru,海鮮・魚料理,大泉町5丁目1-1,すし,高,回転寿司銚子丸,不明,低,「Choushimaru」は店名から業態不明。
answer_key,ドロップキック,焼肉・ホルモン,荒木町3,バー,低,荒木町の名称でバー推測,居酒屋,低,「ドロップキック」は居酒屋の可能性。
answer_key,トーン・ハー,タイ料理,亀戸6丁目9-7,ベトナム料理,中,亀戸のベトナム料理名,タイ料理,中,「トーン・ハー」はタイ系の店名。
answer_key,マハラジャ 銀座5丁目ニューメルサ店,インド・ネパール料理,銀座5丁目7-10 ニューメルサビル7F,インド・ネパール料理,高,インド料理チェーン,インド・ネパール料理,高,「マハラジャ」はインド料理チェーン。確定。
answer_key,阿佐ヶ谷 パティスリー タツヤ ササキ,パン,東京都杉並区阿佐ヶ谷北1-33-5,スイーツ・和菓子,高,パティスリー,スイーツ・和菓子,高,「パティスリー」とあるのでケーキ店。確定。
answer_key,Reg-On Diner,ハンバーガー・ファストフード,"K HOUSE, 1F, 1 Chome-8-1 Higashi",洋食,低,ダイナー,ファミリーレストラン,低,「Diner」は食堂的な業態。
answer_key,ミ・レイ,ベトナム料理,東京都大田区蒲田５丁目１−４,不明,低,店名から判断不可,不明,低,「ミ・レイ」は店名から業態不明。
answer_key,龍堂蟹黃小籠包,中華,1 Chome-1-21 Kanda Jinbocho,中華,高,小籠包,中華,高,「小籠包」は中華の代表的な料理。中華確定。
answer_key,バサノバ原宿店,ラーメン,,不明,低,店名から判断不可,対象外,中,店名のみで住所不明。情報不足。
answer_key,アカナツメ,ラーメン,日本橋小伝馬町12-5,不明,低,店名から判断不可,不明,低,「アカナツメ」は店名から業態不明。
answer_key,デリフランス 光が丘店,パン,東京都練馬区光が丘5-1-1,パン,高,ベーカリーチェーン,パン,高,「デリフランス」はパンチェーン。確定。
answer_key,福貫,すし,豊玉北1丁目6-13,中華,低,中華風の名称,そば・うどん,中,「福貫」は蕎麦店の可能性。
answer_key,New Life,パン,"Nishikoiwa, 1 Chome−13−21 浩三ビル１",不明,低,店名から判断不可,不明,低,「New Life」は店名から業態不明。
answer_key,ベイス 初台店,ハンバーガー・ファストフード,本町2丁目46-1,不明,低,店名から判断不可,不明,低,「ベイス」は店名から業態不明。
answer_key,NOAKE Asakusa Store,スイーツ・和菓子,浅草5丁目3-7,スイーツ・和菓子,中,NOAKEはスイーツ店,不明,低,「NOAKE」は店名から業態不明。
answer_key,楽膳,すし,"Ogikubo, 5 Chome−29−7 荻窪壱番館2F北側",不明,低,店名から判断不可,定食・食堂,中,「楽膳」は定食系の店の可能性。
answer_key,レ クリスタリーヌ,フレンチ・ビストロ,南青山5丁目4-30,スイーツ・和菓子,低,仏語名、菓子店推測,スイーツ・和菓子,中,「クリスタリーヌ」はケーキ店の可能性。
answer_key,eimy sandwich,パン,外神田1-17-6,パン,中,サンドイッチ店,パン,中,「sandwich」とあるのでサンドイッチ店。パン関連。
answer_key,穐,ハンバーガー・ファストフード,4 Chome-1-24 Ichinoe,不明,低,店名から判断不可,不明,低,「穐」は店名から業態不明。
answer_key,Sicilian Terrace BUONO,イタリアン,丸の内2-7-3,イタリアン,高,シチリア・BUONO,イタリアン,高,「Sicilian」はシチリア。イタリアン確定。
answer_key,ブロンコビリー 新小岩店,ステーキ・ハンバーグ,東新小岩1丁目12-6,ステーキ・ハンバーグ,高,ステーキチェーン,ステーキ・ハンバーグ,高,「ブロンコビリー」はステーキチェーン。確定。
answer_key,宝麗華,中華,西荻北3丁目13-14,中華,中,中華風の店名,中華,中,「宝麗華」は中華店の可能性。
answer_key,中国物産美和,韓国料理,東京都江東区南砂２丁目３−１,対象外,中,物産店で飲食店でない,中華,中,「中国物産」で中華関連。中華店の可能性。
answer_key,スポンティーニ カスケード原宿店,イタリアン,都渋谷区神宮前1丁目10-37,イタリアン,高,ピッツァチェーン,スイーツ・和菓子,高,「スポンティーニ」はピザ・ケーキチェーン。
answer_key,藤山,すし,京橋2-6-6,不明,低,店名から判断不可,焼肉・ホルモン,中,「藤山」は焼肉店の可能性。
answer_key,豪園,焼肉・ホルモン,池尻2丁目37-10,中華,中,中華風の店名,中華,中,「豪園」は中華店の可能性。
answer_key,牛金GOLD,焼肉・ホルモン,新橋3丁目23-1,焼肉・ホルモン,中,牛の店名,焼肉・ホルモン,高,「牛金」で焼肉関連。確定。
answer_key,ICHI,韓国料理,緑が丘2丁目25-17 自由が丘T-ONEビル 1F,不明,低,店名から判断不可,イタリアン,低,「ICHI」は店名から業態不明。
answer_key,炭焼天狗,焼肉・ホルモン,石原3丁目22-8,居酒屋,中,炭焼居酒屋チェーン天狗,焼き鳥・やきとん,高,「炭焼天狗」で焼き鳥。確定。
answer_key,傳人形町店,すし,日本橋人形町2丁目1-7,不明,低,店名から判断不可,和食・割烹,中,「傳」は和食系の可能性。
answer_key,厨房匠高島平店,ハンバーガー・ファストフード,高島平1丁目48-5 101,居酒屋,低,厨房系居酒屋と推測,定食・食堂,中,「厨房匠」は定食系の可能性。
answer_key,グリーンパパイヤ,タイ料理,和泉3丁目13-21,ベトナム料理,低,アジア料理に多い名称,タイ料理,高,「グリーンパパイヤ」はタイ料理店。確定。
answer_key,大成園,焼肉・ホルモン,東松本2丁目18-1,焼肉・ホルモン,中,〇〇園は焼肉に多い,中華,中,「大成園」は中華店の可能性。
answer_key,Old City Grill House,ステーキ・ハンバーグ,芝公園1丁目5-10,ステーキ・ハンバーグ,中,グリルハウス,ステーキ・ハンバーグ,中,「Grill House」でステーキ系。
answer_key,肉と米ハジメ 秋葉原店,ハンバーガー・ファストフード,外神田6丁目14-13 信越外神田ビル 1F,定食・食堂,中,肉と米の定食店,焼肉・ホルモン,中,「肉と米」で焼肉系の可能性。
answer_key,ドムドム大泉学園店,ハンバーガー・ファストフード,,ハンバーガー・ファストフード,高,ドムドムバーガー,ハンバーガー・ファストフード,高,「ドムドム」はハンバーガーチェーン。確定。
answer_key,KARIN,タイ料理,錦糸3丁目13-10,不明,低,店名から判断不可,不明,低,「KARIN」は店名から業態不明。
answer_key,Pho Quyet,ベトナム料理,"B1F, 1 Chome-17-18 Takadanobaba",ベトナム料理,高,店名にPho,ベトナム料理,高,「Pho」はベトナムスープ。確定。
answer_key,オグリ,焼肉・ホルモン,伊興4丁目1-24,不明,低,店名から判断不可,不明,低,「オグリ」は店名から業態不明。
answer_key,イルジャン,イタリアン,恵比寿南1丁目4-3,韓国料理,低,韓国語風の名称,イタリアン,低,「イルジャン」はイタリアン系の可能性。
answer_key,ベンディカ,インド・ネパール料理,上十条2丁目27-3,不明,低,店名から判断不可,インド・ネパール料理,中,「ベンディカ」はインド系の可能性。
answer_key,L'atelier Cocco,スイーツ・和菓子,5 Chome-7-6 Shirokane,スイーツ・和菓子,低,アトリエ名、菓子店推測,フレンチ・ビストロ,中,「L'atelier」はフランス語。フレンチ系。
answer_key,三田製麺所 (Mita Seimenjjo),ラーメン,恵比寿南1-1-11,ラーメン,高,つけ麺チェーン,ラーメン,高,「製麺所」でラーメン店。確定。
answer_key,Sky Provence,パン,"Machiya, 3 Chome−20−16 ブリリオ町屋 101",不明,低,店名から判断不可,フレンチ・ビストロ,中,「Provence」はフランス。フレンチ系。
answer_key,Red Lobster Odaiba,海鮮・魚料理,"Daiba, 1 Chome−7−1 アクアシティ ６F",海鮮・魚料理,高,シーフードチェーン,海鮮・魚料理,中,「Red Lobster」でロブスター系。海鮮店。
answer_key,清水亭,ハンバーガー・ファストフード,西神田2丁目7-8,不明,低,店名から判断不可,和食・割烹,中,「清水亭」は和食系の可能性。
answer_key,ゲッキー,イタリアン,"Ōi, 1 Chome−24−1 青柳荘",不明,低,店名から判断不可,不明,低,「ゲッキー」は店名から業態不明。
answer_key,Sitaara Diner Ecute Akabane,インド・ネパール料理,1 Chome-1-1 Akabane,インド・ネパール料理,中,シターラはインド料理,インド・ネパール料理,高,「Sitaara」はインド料理チェーン。確定。
answer_key,Sans culotte,フレンチ・ビストロ,東大泉2丁目9-7,フレンチ・ビストロ,低,フランス語店名,フレンチ・ビストロ,高,「Sans culotte」はフランス語。フレンチ確定。
answer_key,浅草濃厚抹茶専門店 極,スイーツ・和菓子,"Asakusa, 1 Chome−36−8 Venis 1F",スイーツ・和菓子,高,抹茶スイーツ専門店,カフェ・喫茶,中,「抹茶専門店」でカフェ系。
answer_key,人形町あき,すし,日本橋人形町2丁目3-2,不明,低,店名から判断不可,不明,低,「人形町あき」は店名から業態不明。
answer_key,香麗屋,インド・ネパール料理,三軒茶屋2丁目15-14,中華,低,中華風の名称,中華,中,「香麗屋」は中華店の可能性。
answer_key,グロワグロワ,イタリアン,中央5丁目49-11,不明,低,店名から判断不可,不明,低,「グロワグロワ」は店名から業態不明。
answer_key,博多ゆるり 西麻布,焼肉・ホルモン,西麻布1丁目11-1,居酒屋,中,博多料理居酒屋,焼き鳥・やきとん,中,「博多ゆるり」は福岡系。焼き鳥の可能性。
answer_key,Hoicha,スイーツ・和菓子,2 Chome-3-25 Hyakunincho,カフェ・喫茶,中,ほうじ茶専門カフェ,カフェ・喫茶,中,「Hoicha」は茶飲店の可能性。
answer_key,ライアー,フレンチ・ビストロ,桜丘町20-12,バー,低,渋谷の洋名でバー推測,バー,低,「ライアー」は居酒屋・バーの可能性。
answer_key,味の心は 花ごころ,フレンチ・ビストロ,大山東町52-13,和食・割烹,低,和風の名称,定食・食堂,低,「味の心は」は定食系の可能性。
answer_key,Esse Due,イタリアン,"Akasaka, 6 Chome−11−13 ファブリックビルディング",イタリアン,中,イタリア語店名,イタリアン,中,「Esse Due」はイタリアン系。
answer_key,クイーンズ伊勢丹,パン,東京都渋谷区笹塚１丁目４８−１４,対象外,高,スーパーマーケット,スイーツ・和菓子,高,「クイーンズ伊勢丹」は食品セレクト。スイーツ系。
answer_key,Moc Quan,ベトナム料理,"Toyo, 3 Chome−5−6 山添ビル 2F",ベトナム料理,中,ベトナム語の店名,ベトナム料理,中,「Moc Quan」はベトナム店の可能性。
answer_key,吉多屋,中華,旭丘1丁目19-4,不明,低,店名から判断不可,そば・うどん,中,「吉多屋」は蕎麦店の可能性。
answer_key,ベジタブルショップ 町保商店,スイーツ・和菓子,京島3丁目20-1,対象外,高,八百屋,惣菜・弁当,高,「ショップ」「町保商店」で小売店。食材販売。
answer_key,カウボーイ阿佐ヶ谷店,ステーキ・ハンバーグ,阿佐谷北1丁目4-11,居酒屋,低,カウボーイ家族居酒屋系,ステーキ・ハンバーグ,高,「カウボーイ」はステーキチェーン。確定。
answer_key,金利苑,韓国料理,台東3丁目34-11,焼肉・ホルモン,中,〇〇苑は焼肉に多い,焼肉・ホルモン,中,「金利苑」は焼肉店の可能性。
answer_key,Taverna Marco Polo,イタリアン,日本橋久松町9-8,イタリアン,中,イタリア語店名,イタリアン,高,「Taverna」はイタリアン。確定。
answer_key,春水堂 ルミネ新宿店,スイーツ・和菓子,西新宿1丁目1-5,カフェ・喫茶,高,台湾茶カフェチェーン,カフェ・喫茶,高,「春水堂」は台湾茶飲チェーン。確定。
answer_key,Sankoen,韓国料理,1丁目8-7,焼肉・ホルモン,低,〇〇園は焼肉に多い,不明,低,「Sankoen」は店名から業態不明。
answer_key,ビッグボーイ 白鳥店,ステーキ・ハンバーグ,白鳥4丁目11-9,ステーキ・ハンバーグ,高,ハンバーグチェーンのビッグボーイ,ファミリーレストラン,高,ビッグボーイは米国発祥の大型ファミリーレストランチェーン
answer_key,バインセオ サイゴン 新宿店,ベトナム料理,新宿3丁目36-14,ベトナム料理,高,バインセオはベトナム料理,ベトナム料理,高,バインセオはベトナムの揚げ焼きパンケーキ。サイゴンはホーチミンの別名
answer_key,とんなら2号店,韓国料理,百人町2-1-1,韓国料理,中,百人町の韓国料理店名,とんかつ・揚げ物,中,店名に「とん」とあり、とんかつ関連の可能性が高い
answer_key,弘昇庵,ラーメン,2 Chome-3-16 Minamisuna,そば・うどん,低,庵の屋号はそば店に多い,不明,中,店名のみでは具体的なジャンルが判断できない
answer_key,Shane's Burg,ステーキ・ハンバーグ,錦糸2-2-1,ハンバーガー・ファストフード,高,Burgはハンバーガー,ハンバーガー・ファストフード,高,Shane's Burgはハンバーガーレストラン。Burgはバーガーの意
answer_key,Bonito Soup Noodle RAIK,ラーメン,大宮1-2-3,ラーメン,高,鰹出汁のSoup Noodle,ラーメン,高,店名に「Soup Noodle」とありラーメン専門店
answer_key,Les Cocottes,フレンチ・ビストロ,"Minamiaoyama, 4 Chome−1−3 セントラル青山 105",フレンチ・ビストロ,中,仏語店名ココット,フレンチ・ビストロ,高,Les Cocottesはフランス語で、フレンチレストラン
answer_key,グッドモーニングバンコク,タイ料理,東京都豊島区西池袋１丁目１１−１,タイ料理,中,バンコクを冠する店名,タイ料理,高,バンコクはタイの首都。タイ料理レストラン
answer_key,シャオフェイやん,中華,宇田川町30-4,中華,低,中国語風店名,中華,中,「やん」という愛称で呼ぶ店名は中華系の可能性
answer_key,スルターン 秋葉原店,インド・ネパール料理,上野5丁目5-8,インド・ネパール料理,中,スルターンはインド料理店名に多い,インド・ネパール料理,高,スルターンはインド・中東料理の店。スルターンは支配者の意
answer_key,フルバリ 千住曙町店,インド・ネパール料理,千住曙町3-16,インド・ネパール料理,中,ネパール料理系店名,その他アジア料理,低,フルバリはアジア系と推測されるが詳細ジャンル不明
answer_key,Le Petit Bonheur,フレンチ・ビストロ,日本橋2-5-1,フレンチ・ビストロ,中,仏語店名,フレンチ・ビストロ,中,Le Petit Bonheurはフランス語名。フレンチの可能性
answer_key,Claudia2,イタリアン,"Shinjuku, 3 Chome−10−10 要会館 １F･２F",不明,低,店名から判断不可,不明,低,Claudiaという固有名詞のみでジャンル判断困難
answer_key,かに道楽練馬谷原店,海鮮・魚料理,谷原2丁目5-3,海鮮・魚料理,高,かに料理チェーン,海鮮・魚料理,高,かに道楽はカニ料理専門の有名チェーン
answer_key,SWEETS BOX,スイーツ・和菓子,南池袋1-28-1,スイーツ・和菓子,高,SWEETSと明記,スイーツ・和菓子,高,SWEETS BOXはお菓子・スイーツ専門店
answer_key,こんばん家,焼肉・ホルモン,西新宿1丁目18-5,居酒屋,低,夜向け屋号,不明,低,店名のみでジャンルが判断できない
answer_key,秋田屋,スイーツ・和菓子,根津1丁目4-6,居酒屋,低,屋号のみ、居酒屋風,不明,低,秋田屋は地名が付いているが具体的なジャンル不明
answer_key,ビリヤニ大澤,インド・ネパール料理,内神田1-15-12-B1F,インド・ネパール料理,高,ビリヤニ専門,インド・ネパール料理,高,ビリヤニはインド料理の代表的な米飯料理
answer_key,Craft Noodles Hashizume,ラーメン,"Minamiazabu, 5 Chome−16−10 カルチェブラン広尾 2階",ラーメン,高,Craft Noodles,ラーメン,中,店名に「Noodles」とありラーメン関連の可能性
answer_key,メナムのほとり,タイ料理,"Marunouchi, 1 Chome−1−3 Nissay Marunouchi Gardentower, 2F",タイ料理,中,メナム川由来のタイ料理店,タイ料理,高,メナムはタイの大河。タイ料理レストラン
answer_key,鄭家 池田屋,韓国料理,"Toyo, 3 Chome−5−5番地10号 東陽ビル 2階",韓国料理,低,鄭家は韓国系店名,中華,中,「鄭家」は中華系の名前。池田屋は老舗感
answer_key,さくら水産新宿甲州街道店,海鮮・魚料理,西新宿1丁目20-2,居酒屋,高,居酒屋チェーンさくら水産,海鮮・魚料理,高,さくら水産は新鮮魚介のホッケ塩焼きなどが看板
answer_key,張家愛宕店,中華,東京都港区愛宕２丁目５−１,中華,中,張家は中華店名,中華,中,張家は中華系の名前。中華料理の可能性
answer_key,Kacchan,ステーキ・ハンバーグ,"Ikebukuro, 2 Chome−57−11 鷲山ビル 1階",不明,低,店名から判断不可,不明,低,Kacchanという固有名詞のみではジャンル判断困難
answer_key,Deep,インド・ネパール料理,大泉学園町6丁目28-38,不明,低,店名から判断不可,バー,中,Deep という店名は飲酒店の可能性が高い
answer_key,つばめや,ステーキ・ハンバーグ,銀座1丁目2-1,不明,低,屋号のみ,すし,中,つばめやは寿司店の可能性が推測される
answer_key,たん丸,中華,六本木3丁目8-7,焼肉・ホルモン,低,たん=牛タン系,焼肉・ホルモン,中,「たん丸」のタンはホルモン部位の名称
answer_key,株式会社喜代村,すし,4 Chome-7-5 Tsukiji,すし,高,すしざんまい運営会社,すし,高,喜代村は築地の有名寿司チェーン
answer_key,Jour de Marche,フレンチ・ビストロ,12-11 Yotsuyasakamachi,フレンチ・ビストロ,中,仏語店名,その他各国料理,低,Jour de Marche（市場の日）では具体的ジャンル不明
answer_key,Gouka,中華,西麻布2丁目7-3,不明,低,店名から判断不可,不明,低,Goukaという固有名詞のみでジャンル判断困難
answer_key,プリヤマハル,インド・ネパール料理,笹塚2丁目7-9,インド・ネパール料理,中,インド風店名,インド・ネパール料理,高,プリヤマハルはインド料理専門店
answer_key,マレンマ大手町,イタリアン,大手町1丁目5-1,イタリアン,中,伊地名マレンマ,イタリアン,中,マレンマはイタリアンワインバーの可能性
answer_key,ロータスパレス 六本木ヒルズ店,ベトナム料理,六本木6丁目2-31,中華,低,パレス系中華店名,タイ料理,高,ロータスパレスはタイ料理専門チェーン
answer_key,Lawry's The Prime Rib Akasaka,ステーキ・ハンバーグ,赤坂1丁目8-1,ステーキ・ハンバーグ,高,プライムリブ専門,ステーキ・ハンバーグ,高,Lawry's The Prime Ribはプライムリブ（ステーキ）の有名店
answer_key,kitchen GCH,中華,3 Chome-19-4 Sasazuka,洋食,低,kitchen店名,不明,低,kitchen GCHという固有名詞のみでジャンル判断困難
answer_key,Tonchan Shibuya,韓国料理,"Dogenzaka, 2 Chome−6−6 藤山恒産第一ビル ２F",焼き鳥・やきとん,低,とんちゃん=やきとん系,焼肉・ホルモン,中,Tonchanはとん（豚）関連の焼肉の可能性
answer_key,SHAKE SHACK Ebisu,ハンバーガー・ファストフード,"Ebisuminami, 1 Chome−6−1 アトレ恵比寿 西館 １階",ハンバーガー・ファストフード,高,バーガーチェーン,ハンバーガー・ファストフード,高,SHAKE SHACKはハンバーガーチェーン
answer_key,Patisserie,スイーツ・和菓子,261 Yamabukicho,スイーツ・和菓子,高,パティスリー,スイーツ・和菓子,中,Pâtisserie はフランス語で菓子店の意
answer_key,アルチェッポ,イタリアン,白金2丁目3-19,イタリアン,中,伊語風店名,イタリアン,中,アルチェッポはイタリア語系。イタリアンの可能性
answer_key,good morning pho,ベトナム料理,4 Chome-13-20 Setagaya,ベトナム料理,高,フォー,ベトナム料理,高,pho（フォー）はベトナムの麺料理
answer_key,梵 BONE 渋谷店,ステーキ・ハンバーグ,宇田川町31-9,ラーメン,低,BONE=骨スープ系,焼肉・ホルモン,中,梵BONEは骨・ホルモン系焼肉の可能性
answer_key,Beef Atelier うしのみや東京,ステーキ・ハンバーグ,東京都港区東麻布１丁目９−１６,焼肉・ホルモン,中,牛肉専門店名,ステーキ・ハンバーグ,高,Beef Atelierはビーフ・ステーキ専門
answer_key,Cul De Sac,フレンチ・ビストロ,4 Chome-4-16 Nihonbashihongokucho,フレンチ・ビストロ,低,仏語店名,フレンチ・ビストロ,中,Cul De Sacはフランス語。フレンチ系
answer_key,くろ﨑 離れ,すし,"Minamiaoyama, 4 Chome−16−14 B1",和食・割烹,低,苗字＋離れの和食風,その他各国料理,低,くろ﨑のみではジャンル判断困難
answer_key,肉の万世環七豊玉店,ステーキ・ハンバーグ,豊玉北3丁目14-3,ステーキ・ハンバーグ,中,万世の洋食・ステーキ,焼肉・ホルモン,高,肉の万世は焼肉・ホルモンチェーン
answer_key,ミョンドン,焼肉・ホルモン,住吉町8-19 2F,韓国料理,中,明洞,韓国料理,高,ミョンドンはソウルの繁華街。韓国料理の可能性高い
answer_key,Ginsai Plus,イタリアン,銀座6丁目9-8,和食・割烹,低,和風店名,和食・割烹,低,Ginsai Plusは銀座にあるが詳細ジャンル不明
answer_key,季和,すし,自由が丘1丁目25-3,不明,低,店名から判断不可,不明,低,季和では具体的ジャンルが判断できない
answer_key,左とう,ラーメン,赤坂3-21-8,和食・割烹,低,和風屋号,不明,低,左とうという固有名詞のみではジャンル判断困難
answer_key,Banh Mi Xin Chao NIPPORI,ベトナム料理,"Nishinippori, 2 Chome−16−3 パロス日暮里 101号",ベトナム料理,高,バインミー,ベトナム料理,高,Banh Miはベトナムの揚げパン。ベトナム料理店
answer_key,beillevaire,スイーツ・和菓子,元麻布3-11-8,スイーツ・和菓子,低,仏チーズ・乳製品店,その他各国料理,低,beillevaireという固有名詞のみでジャンル判断困難
answer_key,青山 とり花神,焼肉・ホルモン,北青山3丁目14-1,焼き鳥・やきとん,中,とり店名,焼き鳥・やきとん,高,とり花神は鶏料理。焼き鳥専門の可能性
answer_key,ほっぺタウン,韓国料理,東京都台東区上野３丁目２９−５,不明,低,店名から判断不可,ファミリーレストラン,中,ほっぺタウンは広く客層を狙った店名
answer_key,伊酒屋 Sugar Spoon,イタリアン,日本橋3丁目6-10,イタリアン,中,伊酒屋,居酒屋,中,伊酒屋と名があり居酒屋。バーの可能性も
answer_key,赤坂梅の木,すし,赤坂5丁目1-30,和食・割烹,低,和風屋号,和食・割烹,中,赤坂梅の木は和風。和食・割烹の可能性
answer_key,Lille far,パン,志茂2丁目38-10,スイーツ・和菓子,低,ファーブルトン風,その他各国料理,低,Lille farでは具体的ジャンル判断困難
answer_key,愛と友情の金のマドレーヌ工場,パン,東京都大田区池上７丁目５−９,スイーツ・和菓子,高,マドレーヌ工場,スイーツ・和菓子,高,マドレーヌは洋菓子。スイーツ専門
answer_key,3匹の子ブタ,ステーキ・ハンバーグ,富岡1丁目26-9,焼肉・ホルモン,低,豚系店名,不明,低,3匹の子ブタという店名のみではジャンル不明
answer_key,ポポー,パン,西日暮里3丁目6-12,カフェ・喫茶,低,喫茶風店名,カフェ・喫茶,低,ポポーという固有名詞のみでジャンル判断困難
answer_key,Lumbini 東陽町,インド・ネパール料理,"Sengoku, 2 Chome−11−7 千石Ｎビル",インド・ネパール料理,中,ルンビニはネパール地名,インド・ネパール料理,高,Lumbiniはネパールの地名。ネパール料理
answer_key,クルン・サイアム (Krung Siam),タイ料理,東大井5-1-14,タイ料理,高,サイアム,タイ料理,高,クルン・サイアムはタイ料理。サイアムはタイの別名
answer_key,ヴィ・ド・フランス錦糸町店,パン,江東橋3丁目13-6,パン,高,ベーカリーチェーン,パン,高,ヴィ・ド・フランスはフランスパンのパン屋チェーン
answer_key,スアンサワン 赤坂店,タイ料理,赤坂3丁目15-14,タイ料理,中,タイ料理店名,タイ料理,高,スアンサワンはタイ料理専門チェーン
answer_key,Bánh Mì Xin Chào - Kameari,ベトナム料理,東京都葛飾区亀有３丁目１１−１１ マーベラス亀有ビル １F,ベトナム料理,高,バインミー,ベトナム料理,高,Bánh Mì Xinはベトナムのバインミーサンドイッチ
answer_key,みんみん,中華,東京都品川区小山６丁目６−１１,中華,中,みんみん餃子系中華,そば・うどん,中,みんみんはラーメン・うどん系の可能性
answer_key,一品房,中華,上目黒3丁目1-4,中華,中,中華風屋号,中華,低,一品房という店名では詳細ジャンル不明
answer_key,しん,すし,渋谷2丁目8-10,不明,低,店名から判断不可,不明,低,しんという店名のみではジャンル判断困難
answer_key,バンコクキッチンデリ 経堂,タイ料理,"Kyodo, 1 Chome−19−3 1階",タイ料理,高,バンコクキッチン,タイ料理,高,バンコクキッチンはタイ料理専門店
answer_key,Oshamanbe Sakaba,海鮮・魚料理,"Ginza, 3 Chome−7−12 王子不動産銀座ビル",居酒屋,高,酒場,居酒屋,高,Sakaba（酒場）と明記。居酒屋
answer_key,フジオ軒大手町ビル店,ハンバーガー・ファストフード,大手町1丁目6-1,洋食,中,フジオフードの洋食,ラーメン,中,フジオ軒はラーメン系の可能性
answer_key,サンフラワー,ベトナム料理,東五反田1丁目12-9,不明,低,店名から判断不可,不明,低,サンフラワーという店名ではジャンル判断困難
answer_key,C'est la Vie Nagano,フレンチ・ビストロ,"Shinjuku, 2 Chome−8−10 ニッシン ビル ニッシンビルB1F",バー,低,新宿2丁目地下の店,フレンチ・ビストロ,中,C'est la Vieはフランス語。フレンチの可能性
answer_key,ペペ,インド・ネパール料理,新橋3丁目8-5,不明,低,店名から判断不可,不明,低,ペペという店名のみではジャンル判断困難
answer_key,かめ壱,韓国料理,,不明,低,情報不足,不明,低,住所などの情報がなく判断できない
answer_key,興安楼,中華,神田須田町1丁目2,中華,中,楼は中華店名,中華,高,興安楼は中華料理の有名店
answer_key,mosh Grab'n Go,ハンバーガー・ファストフード,南麻布5-16-10,カフェ・喫茶,低,Grab'n Go形態,その他アジア料理,低,Grab'n Goはテイクアウト。詳細ジャンル不明
answer_key,Japanese Noodle 葉山,ラーメン,袋町2,ラーメン,高,Japanese Noodle,ラーメン,中,Japanese Noodleはラーメン関連の可能性
answer_key,レトロトンマッコル,韓国料理,1 Chome-15-17 Okubo,焼肉・ホルモン,高,トンマッコル系焼肉,不明,低,レトロトンマッコルは固有名詞。詳細不明
answer_key,ラ・スール・リマーレ,パン,東京都台東区谷中３丁目１３−９,スイーツ・和菓子,低,仏語菓子店風,その他各国料理,低,店名のみではジャンル判断困難
answer_key,センディーテラス,タイ料理,銀座5丁目2-1,不明,低,店名から判断不可,不明,低,センディーテラスという固有名詞ではジャンル不明
answer_key,ベッカーズ赤羽店,ハンバーガー・ファストフード,赤羽1丁目1-1,ハンバーガー・ファストフード,高,バーガーチェーン,ハンバーガー・ファストフード,中,ベッカーズはハンバーガーチェーン
answer_key,スキマハル 日本橋店,インド・ネパール料理,日本橋蛎殻町1丁目11-9,不明,低,店名から判断不可,インド・ネパール料理,高,スキマハルはインド料理チェーン
answer_key,Quolofune Jiyugaoka Honten,パン,1 Chome-24-11 Jiyugaoka,スイーツ・和菓子,中,クーロンヌ菓子店,不明,低,Quolofuneでは具体的ジャンル判断困難
answer_key,風風亭池袋西口駅前店,焼肉・ホルモン,西池袋1丁目36-8,ラーメン,中,風風ラーメン系,ラーメン,中,風風亭はラーメン系の可能性
answer_key,肉の田じま,焼肉・ホルモン,亀戸6-31-6,惣菜・弁当,低,肉屋惣菜,焼肉・ホルモン,中,肉の田じまは焼肉・ホルモン系
answer_key,RO426,ハンバーガー・ファストフード,"Jingumae, 4 Chome−26−18 原宿ピアザビル",不明,低,店名から判断不可,不明,低,RO426という固有名詞のみではジャンル判断困難
answer_key,Laan Chang,タイ料理,1 Chome-5-9 Kamiogi,その他アジア料理,中,ラオス名ランサーン,タイ料理,中,Laan Changはタイ語。タイ料理の可能性
answer_key,SHELL FISH Kitchen～kaiya～,海鮮・魚料理,東京都千代田区丸の内１丁目９−１,海鮮・魚料理,高,貝料理,海鮮・魚料理,高,SHELL FISH（貝）Kitchenで海鮮料理
answer_key,Restaurant Forest,フレンチ・ビストロ,南青山2丁目13-16,洋食,低,Restaurant表記,その他各国料理,低,Restaurant Forestでは詳細ジャンル不明
answer_key,ECODA HEM,ベトナム料理,旭丘1-74-9,不明,低,店名から判断不可,不明,低,ECODA HEMという固有名詞では判断困難
answer_key,四十八漁場,海鮮・魚料理,永田町2-11-1,居酒屋,高,海鮮居酒屋チェーン,海鮮・魚料理,高,四十八漁場は魚介・刺身中心の居酒屋
answer_key,双葉,ラーメン,歌舞伎町1丁目1-9,不明,低,屋号のみ,不明,低,双葉という店名のみではジャンル判断困難
answer_key,テラスBbq ビアガーデン ガゼボ Gazebo 新宿,焼肉・ホルモン,東京都新宿区新宿３丁目８−２,居酒屋,中,BBQビアガーデン,居酒屋,中,BbqビアガーデンガゼボはBBQ・居酒屋
answer_key,アルポルト,イタリアン,有明3丁目1-28,イタリアン,中,伊語店名,イタリアン,中,アルポルトはイタリア語系。イタリアンの可能性
answer_key,Kouragumi Tsukiji 2-goten,海鮮・魚料理,4 Chome-9-4 Tsukiji,海鮮・魚料理,中,築地の海鮮店,和食・割烹,低,Kouragumi Tsukiji では詳細ジャンル判断困難
answer_key,AOYAMA Mar Mare（アオヤマ・マルマーレ）,海鮮・魚料理,神宮前5-52-2,イタリアン,中,伊語店名,イタリアン,中,マルマーレはイタリアン。Mar Mareは海
answer_key,Shanti 東池袋店,インド・ネパール料理,東池袋 1-35-11,インド・ネパール料理,中,インド風店名,インド・ネパール料理,高,Shantiはインド料理チェーン
answer_key,清香美林,中華,六本木4丁目12-5,中華,中,中華風店名,中華,中,清香美林は中華系の店名
answer_key,エコダヘム,ベトナム料理,旭丘1丁目74-9,不明,低,店名から判断不可,不明,低,エコダヘムという固有名詞では判断困難
answer_key,さくら水産東銀座店,海鮮・魚料理,銀座5丁目15-18,居酒屋,高,居酒屋チェーン,海鮮・魚料理,高,さくら水産。n21と同一チェーン
answer_key,だいはち,ラーメン,東池袋5丁目7-1,不明,低,店名から判断できない,不明,高,店名だけでは業態が特定できない
answer_key,Horizon Tokyo,フレンチ・ビストロ,東京都港区東新橋１丁目８−２,不明,低,店名からジャンル不明,不明,高,Horizonという一般名詞のみで業態不明
answer_key,徳岡,フレンチ・ビストロ,銀座5-2-1,不明,低,人名風で判断不可,不明,高,地名のような店名で業態が特定できない
answer_key,エキトンの店 井の庄,ラーメン,東大泉1-27-20,とんかつ・揚げ物,中,エキトンはとんかつ店の通称,和食・割烹,中,井の庄は割烹の可能性が高い
answer_key,かき氷コレクション・バトン,スイーツ・和菓子,八重洲2-2-1,スイーツ・和菓子,高,かき氷専門店,スイーツ・和菓子,高,かき氷コレクションは氷菓/スイーツ
answer_key,Patisserie Minimal,スイーツ・和菓子,8 Chome-8-24 Kinuta,スイーツ・和菓子,高,パティスリー,スイーツ・和菓子,高,Patisserieはフランス語で製菓店
answer_key,Poisson,海鮮・魚料理,神楽坂4-3,フレンチ・ビストロ,中,仏語で魚、フレンチ風,フレンチ・ビストロ,中,Poissonはフランス語で魚の意味
answer_key,Compho,ベトナム料理,2 Chome-2-2 Toyosu,ベトナム料理,中,フォーを想起させる店名,不明,高,店名から業態が特定できない
answer_key,Mētis,フレンチ・ビストロ,"Roppongi, 5 Chome−18−22 FORCEビル １F",不明,低,店名から判断できない,フレンチ・ビストロ,中,Mêtisはフランス語で判断
answer_key,Restaurant YUTA,フレンチ・ビストロ,雷門2丁目1-13 雷門ビル5F,フレンチ・ビストロ,低,Restaurant表記の洋風店,フレンチ・ビストロ,低,Restaurantだけでは業態不確定
answer_key,武藤製麺所,ラーメン,竹の塚6-7-14,ラーメン,中,製麺所名のラーメン店が多い,ラーメン,高,製麺所は麺類専門店
answer_key,サカキ,フレンチ・ビストロ,京橋2丁目12-12,不明,低,店名から判断できない,不明,高,店名から業態が特定できない
answer_key,ビッグボーイ二子玉川店,ハンバーガー・ファストフード,鎌田3丁目19-6,ステーキ・ハンバーグ,高,ハンバーグチェーン,ファミリーレストラン,高,ビッグボーイはチェーン店
answer_key,口福炒飯楼 新宿ミロード店,中華,西新宿1丁目1-3,中華,高,炒飯楼と明記,中華,高,炒飯楼は中華料理店
answer_key,はらドーナッツ 中野店,スイーツ・和菓子,新井5-4-12,スイーツ・和菓子,高,ドーナツ店チェーン,スイーツ・和菓子,高,ドーナッツ専門店
answer_key,韓ヌリ,韓国料理,西新橋1丁目21-11,韓国料理,中,韓の字を含む,韓国料理,中,ヌリは韓国語で色の意味
answer_key,KHAO,タイ料理,"Kanda Jinbocho, 2 Chome−12−2 1階",タイ料理,中,タイ語でご飯,タイ料理,中,KHAOはタイ語で米の意味
answer_key,Kobe beef Bifuteki Kawamura Roppongi,ステーキ・ハンバーグ,"Roppongi, 4 Chome−2−35 Vort六本木Dual's B1",ステーキ・ハンバーグ,高,神戸牛ビフテキ,ステーキ・ハンバーグ,高,神戸ビフテキは牛肉専門店
answer_key,ラトリエ・ド・シマ,スイーツ・和菓子,麹町3丁目12-3,パン,中,麹町のパン・菓子店,フレンチ・ビストロ,中,フランス風の店名
answer_key,Singapore Seafood Republic 竹芝,海鮮・魚料理,,その他アジア料理,高,シンガポール料理,海鮮・魚料理,中,シンガポール海鮮はシーフード
answer_key,Muu Tokyo,タイ料理,"Shiba, 4 Chome−13−13 西島ビル 1F・2F",不明,低,店名から判断できない,焼肉・ホルモン,中,Muuの表記からホルモン焼きの可能性
answer_key,ぐーばーぐ,ハンバーガー・ファストフード,四谷3-7,ステーキ・ハンバーグ,中,バーグはハンバーグ,ハンバーガー・ファストフード,低,グーバーグはハンバーグの可能性
answer_key,とり屋,焼肉・ホルモン,西葛西3丁目15-8,焼き鳥・やきとん,中,とり屋の名,焼き鳥・やきとん,高,とり屋は鶏料理店
answer_key,nico,イタリアン,南烏山6丁目6-24,不明,低,店名から判断できない,不明,高,店名から業態が特定できない
answer_key,PhỞ ThÌN 13 LÒ ĐÚC,ベトナム料理,"7-9-13 Nishi-Shinjuku, Toà nhà Shinjuku-ku Ishikawa 1F",ベトナム料理,高,ハノイのフォー店,ベトナム料理,高,フォーはベトナム麺料理
answer_key,Bagel&Bagel羽田空港店,パン,羽田空港3丁目3-2,パン,高,ベーグル店,パン,高,ベーグル専門店
answer_key,Gottie's BEEF,ステーキ・ハンバーグ,西池袋1丁目38-5,ハンバーガー・ファストフード,中,ハンバーガー店として知られる,ステーキ・ハンバーグ,高,ビーフはステーキ店
answer_key,The Meat and Laboratory,ステーキ・ハンバーグ,渋谷2丁目21-1,ステーキ・ハンバーグ,低,肉料理店名,ステーキ・ハンバーグ,高,肉専門店
answer_key,結華楼,中華,神楽坂3丁目2,中華,中,〜楼は中華の慣習,中華,中,楼は中華料理店
answer_key,Teji Tokyo,韓国料理,道玄坂1丁目11-3,インド・ネパール料理,中,Teji、インド料理店,焼肉・ホルモン,中,Teji はテッチャン焼きを意味
answer_key,タイ屋台料理 まいぺんらい,タイ料理,1 Chome-16-1 Higashirokugo,タイ料理,高,タイ屋台料理と明記,タイ料理,高,屋台料理とタイ語で明記
answer_key,味芳斉支店,中華,芝大門1丁目10-1,中華,中,牛肉飯で知られる中華,中華,中,斉は中華料理に使われる字
answer_key,山口屋,スイーツ・和菓子,東十条5丁目16-6,不明,低,屋号のみ,不明,高,店名だけでは業態が特定できない
answer_key,三ツ矢堂製麺渋谷店,ラーメン,道玄坂2-9-2,ラーメン,高,つけ麺チェーン,そば・うどん,高,製麺は麺類専門店
answer_key,モンタナ,ラーメン,神楽坂5-8,不明,低,店名から判断できない,不明,高,地名のような店名で業態不明
answer_key,ア・ラ・カンパーニュ 麻布十番店,パン,麻布十番2丁目18-11 パーク麻布十番 1F,フレンチ・ビストロ,高,タルト等の仏風チェーン,フレンチ・ビストロ,中,カンパーニュはフランス語
answer_key,Hunza,インド・ネパール料理,"Nakakasai, 3 Chome−29−1 スワロー第二ビル 1F",その他アジア料理,低,パキスタン地名,不明,高,店名から業態が特定できない
answer_key,ソウル苑,韓国料理,北品川1丁目28-9,焼肉・ホルモン,中,〜苑は焼肉の慣習,焼肉・ホルモン,高,ソウル苑は韓国焼肉店
answer_key,ラ・メゾン白金 グラン本店,スイーツ・和菓子,,スイーツ・和菓子,中,タルト等の洋菓子店,フレンチ・ビストロ,中,ラ・メゾンはフランス風
answer_key,ビンディー,インド・ネパール料理,上池台2丁目23-9,インド・ネパール料理,中,インド風店名,インド・ネパール料理,高,ビンディーはインド料理
answer_key,エミオン浜田山,フレンチ・ビストロ,浜田山3丁目35-38,パン,中,ベーカリー名,不明,高,駅舎名で飲食店の業態不明
answer_key,ひょうたん,すし,緑1丁目15-9,居酒屋,低,和風屋号,不明,高,店名から業態が特定できない
answer_key,ヨプトッポッキ 日本本店,韓国料理,百人町2-3-25,韓国料理,高,トッポッキ店,韓国料理,高,トッポッキは韓国料理
answer_key,宮崎黒岩土鶏 どん,焼肉・ホルモン,堀切2丁目28-5,焼き鳥・やきとん,中,地鶏の店,牛丼・丼,高,土鶏どんは丼料理
answer_key,達観,韓国料理,"Ebisuminami, 1 Chome−13−3 GOLDビル 2階",不明,低,店名から判断できない,和食・割烹,中,達観は和食の可能性
answer_key,スパゲッティ イチ,イタリアン,上高井戸1丁目8-23,イタリアン,高,スパゲッティと明記,イタリアン,高,スパゲッティ専門店
answer_key,中国酒菜 好来 八丁堀店,中華,八丁堀3丁目11-12,中華,高,中国酒菜と明記,中華,高,中国酒菜は中華料理
answer_key,ウラチャチャ!チヂョッポ,韓国料理,荒川3丁目23-6,韓国料理,中,チヂミ連想の店名,韓国料理,高,チヂミはチジョッポ韓国料理
answer_key,Mita-Seimen Shinjuku West Exit,ラーメン,"Nishishinjuku, 1 Chome−13−3 西新ビル １Ｆ",ラーメン,高,三田製麺所つけ麺,ラーメン,中,製麺はラーメン専門の可能性
answer_key,Sopra Acqua,イタリアン,矢来町43 ライオンズマンション矢来町,イタリアン,中,イタリア語店名,イタリアン,中,Acquaはイタリア語
answer_key,銀のさら 高円寺店,すし,高円寺南3-24-1,すし,高,宅配寿司チェーン,定食・食堂,高,銀のさらは牛丼チェーン
answer_key,不二鉄板焼,ステーキ・ハンバーグ,恵比寿1丁目26-1,ステーキ・ハンバーグ,中,鉄板焼店,お好み焼き・もんじゃ・たこ焼き,高,鉄板焼は焼き調理
answer_key,上野 戸みら伊本舗,ラーメン,上野4-5-9,うなぎ,中,上野の鰻店として知る,すし,中,戸みら伊は寿司店の可能性
answer_key,東京スカイツリータウンの庭,焼肉・ホルモン,押上1-1-2,対象外,中,施設区画名,対象外,高,施設の庭で飲食店でない
answer_key,さくら水産天王洲店,海鮮・魚料理,東品川2丁目2-20,居酒屋,高,居酒屋チェーン,居酒屋,中,さくら水産は居酒屋チェーン
answer_key,Dippalace 四谷四丁目店,インド・ネパール料理,四谷4-7,インド・ネパール料理,高,インド料理チェーン,インド・ネパール料理,高,Dippalaceはインド料理
answer_key,幸せのはし,中華,天神町22-5,不明,低,店名から判断できない,不明,高,店名から業態が特定できない
answer_key,こしみつ,パン,東陽5丁目2-10,不明,低,店名から判断できない,そば・うどん,高,こしみつは蕎麦店の可能性
answer_key,Blue,海鮮・魚料理,"Kitakarasuyama, 9 Chome−2−4 トーコービル",不明,低,店名から判断できない,バー,低,Blueは不確定
answer_key,ティンラ成城,スイーツ・和菓子,成城7丁目17-5,中華,中,成城の広東料理店,タイ料理,高,ティンラはタイ料理
answer_key,揚州名菜秦淮春,中華,銀座5丁目5-17,中華,高,揚州名菜と明記,中華,高,揚州名菜は中華料理
answer_key,NÉN TOKYO,ベトナム料理,"Daikanyamacho, 14−18 4F",ベトナム料理,中,ベトナム語風店名,ベトナム料理,中,ネンはベトナム風
answer_key,ふく・いけす料理大漁,海鮮・魚料理,信濃町34 JR信濃町駅ビル,海鮮・魚料理,高,ふぐ・いけす料理,海鮮・魚料理,高,ふく・いけすは魚料理
answer_key,朱雀門,焼肉・ホルモン,神田佐久間町3丁目21,中華,中,中国風店名,居酒屋,低,朱雀門は不確定
answer_key,Xocol,スイーツ・和菓子,5 Chome-2-1 Fukasawa,スイーツ・和菓子,中,チョコレート店名,スイーツ・和菓子,低,店名から推測困難
answer_key,Nha Viet Nam,ベトナム料理,,ベトナム料理,高,ベトナムの家の意,ベトナム料理,高,ベトナム料理店
answer_key,京樽武蔵関西武店,すし,関町北2-29-1,すし,高,寿司チェーン京樽,すし,高,京樽は寿司チェーン
answer_key,メコン,タイ料理,西池袋3丁目26-5,その他アジア料理,低,メコン川由来,ベトナム料理,高,メコンはベトナム関連
answer_key,クンメー大久保駅南口店,タイ料理,百人町1丁目14-3,タイ料理,高,タイ料理チェーン,タイ料理,高,クンメーはタイ料理
answer_key,エゴジーヌ,フレンチ・ビストロ,西麻布1丁目14-8,フレンチ・ビストロ,低,仏語風店名,不明,高,店名から業態が特定できない
answer_key,ソウル市場森下店,韓国料理,立川1丁目10-3,対象外,中,韓国食材店の可能性,韓国料理,高,ソウル市場は韓国食材
answer_key,Restaurant Minet,フレンチ・ビストロ,白金3丁目9-8,フレンチ・ビストロ,中,白金の洋風レストラン,フレンチ・ビストロ,中,Minetはフランス風
answer_key,Marisqueria Sol Roppongi,海鮮・魚料理,"Roppongi, 2 Chome−3−6 セントラルクリブⅡ 1F",その他各国料理,中,スペイン海鮮料理,海鮮・魚料理,高,Marisqueriaはスペイン語で貝類
answer_key,尹家銀座,韓国料理,銀座7丁目13-2,韓国料理,低,韓国姓の店名,中華,中,銀座の中華の可能性
answer_key,Andesu Matoba,パン,"Asakusa, 3 Chome−3−2 的場ビル",その他各国料理,低,アンデス料理か,不明,高,店名から業態が特定できない
answer_key,KollaBo新大久保,韓国料理,大久保1丁目15-11,韓国料理,中,新大久保の韓国料理,韓国料理,高,KollaBoは韓国焼肉
answer_key,道そ神,すし,池上4丁目31-20,ラーメン,低,味噌系ラーメン店名風,そば・うどん,高,蕎麦屋の可能性高い
answer_key,ヴィーコロデルソーレ,イタリアン,中村南3丁目12-1,イタリアン,高,イタリア語店名,イタリアン,高,ソーレはイタリアン
answer_key,ぽるこ,イタリアン,東五反田2丁目9-7,イタリアン,中,豚の伊語,焼肉・ホルモン,中,ぽるこはホルモン焼き
answer_key,萬和苑,韓国料理,新宿4-1-13,焼肉・ホルモン,中,〜苑は焼肉の慣習,中華,中,苑は中華料理に使われる
answer_key,Overwhelm nakameguro,ハンバーガー・ファストフード,東京都目黒区上目黒2-44-11,不明,低,店名から判断できない,バー,低,店名から判断困難
answer_key,麻布十番シモン茂,すし,"Azabujuban, 2 Chome−8−8 エル麻布ＹＡＪＩＭＡビル 2階",和食・割烹,低,和食店名風,不明,高,麻布十番シモンの業態不明
answer_key,もり太,すし,西落合2丁目10-19,不明,低,店名から判断できない,不明,高,店名から業態が特定できない
answer_key,江戸の船遊 屋形船 かねこ,海鮮・魚料理,月島2-1-1,対象外,中,屋形船事業者,海鮮・魚料理,高,屋形船は川魚料理
answer_key,ポポラマーマ成城学園前店,イタリアン,成城2-40-25 パレブラン成城2F,イタリアン,高,パスタチェーン,イタリアン,高,ポポラマーマはパスタチェーン
answer_key,喜輪味や,焼肉・ホルモン,太子堂4丁目22-12,居酒屋,低,和風屋号,和食・割烹,中,輪は和食の可能性
answer_key,Uoshin Shinjuku Main Branch,すし,"新宿アシベ会館 1F, 2 Chome-36-3 Kabukicho",居酒屋,高,魚真の海鮮居酒屋,海鮮・魚料理,高,Uoshinは魚専門
answer_key,Tolo Sand Haus,パン,東山3丁目14-3,パン,中,サンドイッチ店,パン,高,サンドハウスはパン店
answer_key,バナココ オキナワ タイランド,タイ料理,東京都千代田区九段北１丁目９−１４,その他各国料理,低,沖縄タイ融合,その他各国料理,中,複数の国の料理
answer_key,ヴェトナム アリス,ベトナム料理,西新宿1-1-5,ベトナム料理,高,ヴェトナムと明記,ベトナム料理,高,ベトナム料理店
answer_key,NORI,ハンバーガー・ファストフード,中目黒3丁目24-16,不明,低,店名から判断できない,不明,高,店名から業態が特定できない
answer_key,FOUNDRY,パン,東京都渋谷区千駄ヶ谷５丁目２４−２,不明,低,店名から判断できない,不明,高,店名から業態が特定できない
answer_key,Hide Mode,ハンバーガー・ファストフード,2 Chome-30-10 Hongo,不明,低,店名から判断できない,不明,高,店名から業態が特定できない
answer_key,Gottie's BEEF GEMS,ステーキ・ハンバーグ,芝大門1丁目15-3,ハンバーガー・ファストフード,中,Gottie's BEEF別店,ステーキ・ハンバーグ,高,ビーフはステーキ店
answer_key,さくら さくら 神楽坂店,海鮮・魚料理,神楽坂5-30,不明,低,店名から判断できない,不明,高,さくらさくらは業態不明
answer_key,Tombo,ラーメン,"Shinbashi, 4 Chome−18−1 1F",不明,低,店名から判断できない,不明,高,店名から業態が特定できない
answer_key,関谷スパゲティExpress,イタリアン,"Takanawa, 3 Chome−26−27 JR 品川駅 構内 エキュート品川 サウス",イタリアン,高,スパゲティ明記,イタリアン,高,スパゲティ専門店
answer_key,ひごの屋表参道店,焼肉・ホルモン,南青山3丁目18-17,焼肉・ホルモン,中,黒毛和牛焼肉店,焼き鳥・やきとん,中,ひごの屋は鶏料理
answer_key,リトルバンコック,タイ料理,恵比寿南1丁目8-8,タイ料理,高,バンコクを冠する,タイ料理,高,バンコックはタイ料理
answer_key,ゴレト,インド・ネパール料理,白山5丁目33-1,不明,低,店名から判断できない,不明,高,店名から業態が特定できない
unresolved,てんぷら 阿部 八丁目店,,銀座8ー7ー2,天ぷら・天丼,高,店名に「てんぷら」,天ぷら・天丼,高,店名に「てんぷら」と明記
unresolved,アン・スリール,,"Tsukiji, 6 Chome−8−10 スカール築地１Ｆ",フレンチ・ビストロ,中,仏語店名と分類french,フレンチ・ビストロ,高,フランス語の店名、Overture分類でfrench_restaurantと記載
unresolved,薫 HIROO,,東京都港区南麻布４丁目５−６６,不明,低,店名からジャンル不明,カフェ・喫茶,中,店名と分類からカフェ系と推定
unresolved,Who's Food's 池袋店,,西池袋1丁目21-9,不明,低,店名からジャンル不明,ファミリーレストラン,中,「Who's Food's」はファミリーレストラン系チェーン
unresolved,やっぱ りきまる,,1 Chome-10-12 Kabukicho,居酒屋,低,歌舞伎町の和名店、bar分類,焼き鳥・やきとん,高,「やっぱりきまる」は焼き鳥チェーン、歌舞伎町所在
unresolved,日本料理 さざんか,,東陽6-3-3,和食・割烹,高,店名に「日本料理」,和食・割烹,高,「日本料理」と店名に明記
unresolved,まあまあ屋,,深沢5丁目9-5,居酒屋,低,「屋」付き和名、居酒屋風,和食・割烹,低,店名だけでは詳細ジャンル特定困難
unresolved,京たこ上池袋店,,上池袋3丁目34-12,お好み焼き・もんじゃ・たこ焼き,高,京たこはたこ焼きチェーン,お好み焼き・もんじゃ・たこ焼き,高,「たこ」が店名に含まれ、京都のたこ焼きチェーン
unresolved,酒菜やち代,,南常盤台1丁目29-10,居酒屋,中,「酒菜」は居酒屋の慣習,居酒屋,中,「酒菜」と店名にあり居酒屋と推定
unresolved,やみつき商店,,中野5丁目55-8,不明,低,店名からジャンル不明,不明,低,店名からジャンル特定困難
unresolved,谷中たこ坊,,東京都台東区谷中３丁目９−１８,お好み焼き・もんじゃ・たこ焼き,中,「たこ坊」でたこ焼き店,お好み焼き・もんじゃ・たこ焼き,高,「たこ坊」で明らかにたこ焼き店
unresolved,Gramercy Table,,5 Chome-9-5 Ginza,フレンチ・ビストロ,低,分類french,フレンチ・ビストロ,高,Gramercy Tableはフレンチレストラン、Overture分類で確認
unresolved,カラオケ・ピア,,綾瀬1丁目38-20,対象外,中,カラオケ店,対象外,高,カラオケ店で飲食店ではない
unresolved,蓮玉庵,,上野2丁目8-7,そば・うどん,高,上野の老舗蕎麦店,和食・割烹,中,蓮類の名前から和食系と推定
unresolved,さ和乃,,若宮1丁目22-10,すし,低,分類sushi,すし,高,Overture分類でsushi_restaurant、店名から確認
unresolved,Sakeria Sakebozu,,1丁目37-1,居酒屋,中,日本酒バー系,居酒屋,中,「Sakeria Sakebozu」は酒場、sake_bar分類
unresolved,Hanada Rosso,,神宮前6丁目28-5,イタリアン,低,Rosso伊語、ベジ,洋食,低,イタリアン系と思われるが詳細不明
unresolved,しゃけ小島,,和泉1丁目3-15,海鮮・魚料理,中,「しゃけ」鮭料理,海鮮・魚料理,高,「しゃけ小島」で鮭専門、seafood_restaurant分類
unresolved,赤身にくがとう,,六本木6丁目10-1,焼肉・ホルモン,中,赤身肉の焼肉店,焼肉・ホルモン,高,「赤身にくがとう」で焼肉店、barbecue_restaurant分類
unresolved,どぜう季節料理大門,,西新井1丁目7-1,和食・割烹,中,どぜう・季節料理,和食・割烹,中,「季節料理」と店名にあり和食系
unresolved,啼寅東京,,"Daizawa, 5 Chome−29−9 ナイスビル 1階南側",ラーメン,低,啼寅はラーメン店名風,和食・割烹,低,店名から詳細ジャンル特定困難
unresolved,串だおれ 桜丘店,,桜丘町15-19,串かつ・串揚げ,高,串だおれは串かつ店,串かつ・串揚げ,高,「串だおれ」で串揚げ専門店
unresolved,鹿火矢,,新橋2丁目9-13,不明,低,店名からジャンル不明,焼き鳥・やきとん,中,「火矢」の名前から焼き物系と推定
unresolved,ボーグ ルビー,,若松町28-6,バー,低,分類bar,バー,中,Overture分類でbar、bar|desserts
unresolved,Forest Garden,,富士見2-17-1,定食・食堂,低,cafeteria分類,ファミリーレストラン,中,「Forest Garden」cafeteriaは食堂系
unresolved,もとまる,,上野4丁目2-4,不明,低,店名からジャンル不明,和食・割烹,低,店名からジャンル特定困難
unresolved,Kobe Beef Teppanyaki Ginza Shima,,1 Chome-6-6 Ginza,ステーキ・ハンバーグ,高,神戸牛鉄板焼,ステーキ・ハンバーグ,高,「Kobe Beef Teppanyaki」で鉄板焼きステーキ
unresolved,びすとり,,6 Chome-6-2 Higashinippori,フレンチ・ビストロ,低,ビストロ由来の店名,,,
unresolved,あそびすと,,桜丘町14-10 渋谷コープ301,不明,低,店名からジャンル不明,,,
unresolved,八仙花,,池袋本町4丁目17-6,中華,中,中華風店名と分類,,,
unresolved,エルセロ中野坂上店,,本町2丁目48-13 イーストンホテル1F,不明,低,店名からジャンル不明,,,
unresolved,あおぞらきっちん,,東京都千代田区大手町1 9-5,不明,低,店名からジャンル不明,,,
unresolved,秋吉銀座店,,銀座8丁目3-10,焼き鳥・やきとん,高,秋吉は焼き鳥チェーン,,,
unresolved,煎茶堂東京,,東京都中央区銀座５丁目１０−１０,カフェ・喫茶,中,煎茶の茶店,,,
unresolved,翔々や,,"Tomioka, 1 Chome−22−26 杉田ビル 3階",不明,低,店名からジャンル不明,,,
unresolved,日本橋 愛之助,,"Nihonbashihoncho, 3 Chome−1−8 Cafe＆Connect内",不明,低,店名からジャンル不明,,,
unresolved,次朗,,東京都千代田区麹町１丁目８−８,不明,低,店名からジャンル不明,,,
unresolved,もりかわ,,赤坂3丁目21-6,不明,低,店名からジャンル不明,,,
unresolved,鳥市商店,,日本橋室町1-12-5,焼き鳥・やきとん,低,「鳥」商店,,,
unresolved,テオ,,東京都世田谷区梅丘１丁目２６−６,イタリアン,低,分類italian,,,
unresolved,てんぷら 前平,,麻布十番2丁目8-16,天ぷら・天丼,高,店名に「てんぷら」,,,
unresolved,ターリー屋 西新宿7丁目店,,東京都新宿区西新宿７丁目１０−１２,インド・ネパール料理,高,ターリー屋はインドカレー,,,
unresolved,天空の囲上野店,,上野2丁目12-1,焼肉・ホルモン,低,囲は焼肉系店名,,,
unresolved,米農園,,,不明,低,住所なし情報不足,,,
unresolved,三幸苑,,平塚2丁目15-14,焼肉・ホルモン,中,「苑」は焼肉店の慣習,,,
unresolved,肉や 恵比寿 まる福,,恵比寿西1丁目7-9,焼肉・ホルモン,中,肉や、BBQ分類,,,
unresolved,ANAエントランス,,東京都大田区羽田空港３丁目４−２,対象外,中,空港施設,,,
unresolved,てけてけ 日本橋茅場町店,,日本橋茅場町1丁目8-5,居酒屋,高,てけてけは居酒屋チェーン,,,
unresolved,New Village,,"Ebisuminami, 2 Chome−13−14 茶屋坂T&Kビル 5F",不明,低,店名からジャンル不明,,,
unresolved,十七番地新井薬師駅前店,,上高田3-41,居酒屋,中,十七番地は居酒屋,,,
unresolved,三陸大船渡まるしち,,銀座5丁目7-10,海鮮・魚料理,中,三陸の海鮮店,,,
unresolved,うめ月,,1 Chome-7-4 Ebisu,不明,低,店名からジャンル不明,,,
unresolved,銀座ガーデンファーム 並木通り店,,中央区銀座3丁目3-14,対象外,低,園芸店分類,,,
unresolved,串喝卯吉,,台東4丁目29-15,串かつ・串揚げ,中,「串喝」串かつ,,,
unresolved,なおよし,,押上1丁目19-12,不明,低,店名からジャンル不明,,,
unresolved,なおじ,,目黒1丁目6-15,不明,低,店名からジャンル不明,,,
unresolved,聖橋 鳥福,,神田駿河台2丁目4-14,焼き鳥・やきとん,中,鳥福、鶏料理,,,
unresolved,江戸味楽茶屋 そらまち亭,,押上1丁目1-2,和食・割烹,低,江戸味の茶屋,,,
unresolved,ウエスト,,6 Chome-3-14 Ginza,スイーツ・和菓子,高,銀座ウエストは洋菓子喫茶,,,
unresolved,ギャートルMEAT,,六本木5丁目5-1,焼肉・ホルモン,低,MEAT、BBQ分類,,,
unresolved,Okinawa Nanjo ヘルシードリンクショップ,,東京都渋谷区恵比寿南２丁目３−１５,カフェ・喫茶,中,ドリンクショップ,,,
unresolved,かに福 柏,,,対象外,低,柏は23区外の地名,,,
unresolved,同興居,,立石8丁目2-1,中華,中,中華風店名,,,
unresolved,シーザー,,赤坂2丁目3-6,カフェ・喫茶,低,分類coffee_shop,,,
unresolved,大崎一番家,,大崎3丁目6-17,ラーメン,中,家系ラーメン風店名,,,
unresolved,楮山 神田店,,内神田2-15-2,不明,低,店名からジャンル不明,,,
unresolved,Bella Vista,,紀尾井町4-1,イタリアン,低,伊語店名,,,
unresolved,魔女の一撃,,2 Chome-47-3 Honcho,不明,低,店名からジャンル不明,,,
unresolved,家族亭大森店,,大森北1丁目6-16,そば・うどん,高,家族亭はそばチェーン,,,
unresolved,富士㐂 馬喰町,,日本橋馬喰町1-6-4イーダビル,そば・うどん,高,富士㐂そば,,,
unresolved,坦々麺一龍,,東京都大田区蒲田４丁目１０−１４,ラーメン,高,坦々麺専門,,,
unresolved,銀座土佐料理祢保希,,銀座7丁目6-8,沖縄・郷土料理,高,土佐料理,,,
unresolved,黒之助,,小山4丁目5-18,不明,低,店名からジャンル不明,,,
unresolved,ピン,,神田駿河台2-4,不明,低,店名からジャンル不明,,,
unresolved,ぶりす,,"Shinbashi, 1 Chome−11−2 I/O Shimbashi, 1F",不明,低,店名からジャンル不明,,,
unresolved,桜上水 船越,,東京都杉並区下高井戸１丁目２１−１０,不明,低,店名からジャンル不明,,,
unresolved,Instant Classic / West Coast Brewing,,赤坂9-7-4 東京ミッドタウン ガーデンテラスB1,バー,低,ブルーイング系,,,
unresolved,大和,,西五反田8丁目1-8,不明,低,店名からジャンル不明,,,
unresolved,麻布茶房 丸井錦糸町店,,東京都墨田区江東橋３丁目９−１０,カフェ・喫茶,高,麻布茶房は甘味カフェ,,,
unresolved,鶏節麺かびら,,4 Chome-21-13 Central,ラーメン,中,鶏節麺,,,
unresolved,桜ヶ丘 椿堂,,桜丘町15-3,不明,低,店名からジャンル不明,,,
unresolved,サンシャイン クルーズ and クルーズ,,東池袋3-1,対象外,低,区画施設名,,,
unresolved,sage & fennel,,銀座8-2-14,不明,低,店名からジャンル不明,,,
unresolved,六本木澤いち,,六本木3丁目9-11,すし,低,分類sushi,,,
unresolved,蒲焼神田川,,"Sotokanda, 2 Chome−5−11 神田川",うなぎ,高,蒲焼の老舗,,,
unresolved,アロハブルーキッチン,,日本橋蛎殻町1丁目39-5,カフェ・喫茶,低,ハワイ風キッチン,,,
unresolved,炭火焼き くら,,世田谷4丁目3-18,焼き鳥・やきとん,低,炭火焼き鶏分類,,,
unresolved,てんぷら荘司,,住吉町2丁目18-206,天ぷら・天丼,高,店名に「てんぷら」,,,
unresolved,Naturam,,1 Chome-17-16 Tamagawa,不明,低,店名からジャンル不明,,,
unresolved,Shinjuku Kuyakushomae no Himonoya,,歌舞伎町1-2-3,居酒屋,中,干物屋は居酒屋チェーン,,,
unresolved,麻布布袋家,,東麻布1丁目7-2,不明,低,店名からジャンル不明,,,
unresolved,おさむ,,1 Chome-23-6 Koyamadai,不明,低,店名からジャンル不明,,,
unresolved,ペルー料理 ナスカ 南青山店,,南青山1丁目26-4,その他各国料理,高,ペルー料理,,,
unresolved,しののめヌードル,,東京都江東区亀戸３丁目４５−１８,ラーメン,中,ヌードル,,,
unresolved,池袋LABI前店,,東京都豊島区東池袋１－９－１０,不明,低,店名不明,,,
unresolved,雛どり,,赤坂2丁目8-11,焼き鳥・やきとん,中,「どり」鶏料理,,,
unresolved,豚キ,,高田馬場3丁目4-17,不明,低,豚料理だが特定困難,,,
unresolved,いっぱいいっぱい,,東京都北区栄町４５−７,居酒屋,低,bar分類の大衆店,,,
unresolved,新橋わっつり,,新橋4丁目19-1,居酒屋,中,新橋の居酒屋風,,,
unresolved,やなか草,,平井5丁目20-13,そば・うどん,低,noodles分類,,,
unresolved,"Tokyo, Ebisu",,"Ebisu Minami 1-6, Shibuya-ku",対象外,中,地名のみのレコード,対象外,高,地名のみで飲食店情報がない
unresolved,肉亭ふたご,,"〒160-0021 東京都新宿区歌舞伎町１丁目１８−９, Wa Mall Tops House, １０Ｆ",焼肉・ホルモン,中,肉亭ふたごは焼肉店,焼肉・ホルモン,高,店名に「肉」があり、同じ店名が2店舗
unresolved,御徒町 おでん 小林,,東上野1丁目14-9,和食・割烹,中,おでん店,和食・割烹,高,おでんは和食の代表的な料理
unresolved,マルコ,,一之江2丁目10-7,パン,低,分類にbakery,パン,中,別分類がbakeryで、パン屋と判断
unresolved,よし乃,,王子1-5-1,不明,低,店名から判断不可,不明,低,店名からジャンルが読み取れない
unresolved,アローズクラブ,,新宿1丁目30-8,不明,低,店名から判断不可,バー,中,別分類がitalian_restaurantとbar、新宿の場所からバーと判定
unresolved,Rico Pua,,3 Chome-8-14 Sendagaya,カフェ・喫茶,低,分類にcafe,カフェ・喫茶,中,別分類がcafe、Rico Puaはカフェ系の店名
unresolved,牛将,,堀切3丁目9-6,焼肉・ホルモン,中,牛の店名とbarbecue分類,焼肉・ホルモン,高,別分類がbarbecue_restaurant、牛将は焼肉チェーン
unresolved,華屋与兵衛羽田店,,萩中3丁目4-5,ファミリーレストラン,高,和食ファミレスチェーン華屋与兵衛,ファミリーレストラン,高,華屋与兵衛は有名なファミリーレストランチェーン
unresolved,酒縁川島,,"Koyama, 4 Chome−10−4 倉ビル １０２",居酒屋,中,酒縁の店名,居酒屋,中,店名に「酒」があり、別分類がbar
unresolved,てら田,,富岡1丁目11-5,不明,低,店名から判断不可,定食・食堂,低,別分類がasian_restaurant、詳細不明
unresolved,鮒忠花川戸店,,花川戸1丁目6-4,焼き鳥・やきとん,高,鮒忠は焼き鳥・川魚の老舗,すし,高,鮒忠は江戸前すしの老舗
unresolved,祇をん 八咫銀座店,,銀座6丁目8-7,和食・割烹,低,祇をん名の和食店,和食・割烹,中,「祇をん」は京都の有名地区、割烹系と判定
unresolved,Nakatsu Karaage Kei,,平塚2丁目18-5,とんかつ・揚げ物,高,中津からあげ,とんかつ・揚げ物,中,Karaageは唐揚げ、Keiは唐揚げ専門チェーン
unresolved,炙り北海王,,東大井5-7-10 クレストワン中1階,居酒屋,中,炙り北海道系居酒屋,焼肉・ホルモン,中,別分類がbarbecue_restaurant、炙りは焼肉系
unresolved,BERG,,新宿3丁目38-1,カフェ・喫茶,高,新宿の有名喫茶ベルク,不明,低,店名からジャンルが読み取れない
unresolved,むら季,,東大泉7丁目37-11,不明,低,店名から判断不可,定食・食堂,低,別分類がasian_restaurant、詳細不明
unresolved,Shima,,"Nihonbashi, 3 Chome−5−12 平和不動産日本橋ビル B１",ステーキ・ハンバーグ,中,steakhouse分類,ステーキ・ハンバーグ,高,別分類がsteakhouse
unresolved,はやせ,,"Senzoku, 4 Chome−50−5 佐藤ビル",不明,低,店名から判断不可,定食・食堂,低,別分類がasian_restaurant、詳細不明
unresolved,季節料理とうま酒安具楽新宿センタービル店,,西新宿1丁目25-1 新宿センタービルB1F,居酒屋,高,季節料理とうま酒の居酒屋,和食・割烹,中,季節料理とうまは和食系の料理屋
unresolved,蔵百人町店,,百人町2丁目21-2,不明,低,店名から判断不可,定食・食堂,低,別分類がasian_restaurant、詳細不明
unresolved,中目黒 いぐち,,2丁目1-10,和食・割烹,低,和食名の店名,和食・割烹,中,「いぐち」は和食系の店名
unresolved,米とサーカス,,高田馬場2丁目19-8,居酒屋,中,日本酒系居酒屋,居酒屋,高,別分類がsake_bar、米とサーカスは居酒屋チェーン
unresolved,スパイスマジック 渋谷店,,宇田川町11-5,インド・ネパール料理,低,スパイス系店名,カレー,高,スパイスマジックはカレー専門店
unresolved,Royal Starship,,4 Chome-33-10 Sengoku,インド・ネパール料理,低,分類にindian,インド・ネパール料理,高,別分類がindian_restaurant
unresolved,鈴亭,,宮前3丁目35-14,不明,低,店名から判断不可,定食・食堂,低,別分類がasian_restaurant、詳細不明
unresolved,能代,,西麻布4丁目11-28,不明,低,店名から判断不可,定食・食堂,低,別分類がasian_restaurant、詳細不明
unresolved,オーベルジュ・ド・ニレーヌ (Auberge De Nirene),,日本橋本町4-7-15,フレンチ・ビストロ,高,オーベルジュの仏語店名,フレンチ・ビストロ,高,オーベルジュはフランス語の施設名
unresolved,しんのす家,,3 Chome-59-11 Koenjiminami,居酒屋,低,bar分類の和名店,居酒屋,中,別分類がbar、アジア料理の居酒屋
unresolved,じゅんちゃん,,蓮根2丁目12-13,不明,低,店名から判断不可,定食・食堂,低,別分類がasian_restaurant、詳細不明
unresolved,日の家,,三田5丁目20-6,不明,低,店名から判断不可,定食・食堂,低,別分類がasian_restaurant、詳細不明
unresolved,六串,,4 Chome-12-4 Roppongi,串かつ・串揚げ,低,串の店名,串かつ・串揚げ,中,「串」が店名に含まれる
unresolved,雷一茶,,花川戸1-15-9,不明,低,店名から判断不可,ラーメン,高,雷一茶は有名なラーメン店
unresolved,Meat,,亀戸5丁目13-2,焼肉・ホルモン,低,Meatの店名,焼肉・ホルモン,中,店名が「肉」、別分類がbar
unresolved,紙の月,,歌舞伎町2-38-11,バー,低,歌舞伎町の店名,不明,低,ファストフード分類だが詳細不明
unresolved,うまいもん 炙り道場,,新木場1丁目6-1,居酒屋,中,炙り道場は居酒屋,焼肉・ホルモン,中,別分類がbarbecue_restaurant、炙り道場は焼肉系
unresolved,麵屋正路,,東京都新宿区百人町１丁目２４−７,ラーメン,高,麺屋の店名,ラーメン,高,別分類がnoodles_restaurant、麵屋はラーメン店
unresolved,六本木小川,,"Roppongi, 4 Chome−4−3 協和ビル西館",和食・割烹,低,和食店名,海鮮・魚料理,高,別分類がseafood_restaurant、小川は料亭系
unresolved,いむ田,,"Kachidoki, 3 Chome−3−3 勝どき第３関根ビル",和食・割烹,低,和食店名,定食・食堂,低,別分類がasian_restaurant、詳細不明
unresolved,つぶつぶ料理教室 早稲田本校,,東京都新宿区弁天町１４３−５,対象外,中,料理教室,カフェ・喫茶,中,別分類がcafe、料理教室は飲食営業
unresolved,大観,,2 Chome-14-7 Kajicho,居酒屋,低,sake_bar分類,居酒屋,高,別分類がsake_bar、大観は日本酒居酒屋
unresolved,なんつッ亭池袋店,,西池袋1丁目43-9,ラーメン,高,なんつッ亭はラーメン店,ラーメン,高,別分類がnoodles_restaurant、なんつッ亭はラーメンチェーン
unresolved,坂内歌舞伎町店,,歌舞伎町1丁目24-6,ラーメン,高,喜多方ラーメン坂内,ラーメン,高,別分類がnoodles_restaurant、坂内はラーメン専門店
unresolved,10ZEN,,高輪3丁目25-29,和食・割烹,低,健康和食系,定食・食堂,低,別分類がhealth_food_restaurant、詳細不明
unresolved,てしごと料理 まる山,,南青山2丁目14-15,和食・割烹,中,てしごと料理,和食・割烹,中,「てしごと料理」は和食系
unresolved,Issho Ueno,,"Ueno, 7 Chome−2−4 FUNDES ８F",海鮮・魚料理,低,seafood分類,海鮮・魚料理,高,別分類がseafood_restaurant、Issho Uenoは海鮮系
unresolved,COMEL,,3 Chome-4-2 Hanedakuko,不明,低,店名から判断不可,イタリアン,中,COMELはイタリアンと推測
unresolved,まるしげ夢葉家,,赤坂2丁目14-8,居酒屋,低,居酒屋風店名,和食・割烹,中,別分類がjapanese_restaurant
unresolved,どん太瑞江店,,西瑞江3丁目6-70,牛丼・丼,低,どん名から丼推測,定食・食堂,低,別分類がasian_restaurant、詳細不明
unresolved,Mangekyo,,新宿1丁目23-5,不明,低,店名から判断不可,不明,低,ファストフードとbar、詳細不明
unresolved,本郷,,梅島1丁目13-15,不明,低,店名から判断不可,定食・食堂,低,別分類がasian_restaurant、詳細不明
unresolved,安ん座,,港区新橋4-15-2,不明,低,店名から判断不可,居酒屋,中,安ん座は居酒屋系の店名
unresolved,油麺にこにこ,,西早稲田1丁目8-8,ラーメン,高,油麺の店名,ラーメン,高,別分類がnoodles_restaurant、油麺はラーメン店
unresolved,Parlor Noon,,"Kamiosaki, 4 Chome−3−7 目黒駅前ビル 1F",カフェ・喫茶,中,Parlorとcafe分類,カフェ・喫茶,高,別分類がcafe、Parlor Noonはカフェ
unresolved,Jūjūkarubi Minamisuna,,南砂4-4-26,焼肉・ホルモン,高,焼肉チェーン牛角系じゅうじゅうカルビ,焼肉・ホルモン,高,Jūjūkarubi（獣々カルビ）は焼肉専門店
unresolved,谷渋、裏代官山テイクアウトとお弁当,,桜丘町15-19,惣菜・弁当,高,テイクアウトとお弁当,惣菜・弁当,高,店名に「テイクアウト」「お弁当」と明記
unresolved,とりすみ,,2 Chome-7-5 Dogenzaka,焼き鳥・やきとん,中,とり名の店,焼き鳥・やきとん,高,とりすみは鳥を焼く店、Dogenzokaは飲食街
unresolved,やさい家めい五反田店,,東五反田2丁目1-2,居酒屋,中,野菜巻き串居酒屋,定食・食堂,低,別分類がasian_restaurant、詳細不明
unresolved,天鳳,,六本木7丁目8-5,ラーメン,中,noodles分類,ラーメン,高,別分類がnoodles_restaurant、天鳳はラーメン店
unresolved,粕谷精米店本店,,中町3丁目6-1,対象外,中,精米店,対象外,高,精米店で飲食店ではない
unresolved,ぷくいち 都立大店,,平町1丁目26-6,すし,低,sushi分類,すし,高,別分類がsushi_restaurant、ぷくいちはすし店
unresolved,新時代 有楽町店,,3 Chome-6-18 Marunouchi,居酒屋,高,伝串の居酒屋チェーン,ファミリーレストラン,高,新時代は中華系ファミリーレストランチェーン
unresolved,神楽坂 富貴貫,,1-14 Nishigokencho,和食・割烹,低,和名店名,和食・割烹,高,「神楽坂」と「割烹」イメージの店名
unresolved,らくらくや,,東大井5丁目14-16,すし,低,sushi分類,すし,高,別分類がsushi_restaurant、らくらくやはすし店
unresolved,おの美,,東金町3丁目9-3,すし,低,sushi分類,すし,高,別分類がsushi_restaurant、おの美はすし店
unresolved,一心軒,,旭丘1丁目77-15,ラーメン,低,軒の町中華系名,定食・食堂,低,別分類がasian_restaurant、詳細不明
unresolved,大多福,,千束1丁目6-2,和食・割烹,中,千束の老舗おでん大多福,定食・食堂,低,店名からジャンルが読み取れない
unresolved,黒兵衛,,神楽坂2-10,居酒屋,低,和名店名,和食・割烹,中,黒兵衛は和食系の店名
unresolved,ガンコンヌードル,,中里1丁目3-3,ラーメン,中,ヌードル店名,ラーメン,高,別分類がnoodles_restaurant、ガンコンヌードルはラーメン店
unresolved,坂内四谷店,,四谷3-11,ラーメン,高,喜多方ラーメン坂内,ラーメン,高,別分類がnoodles_restaurant、坂内はラーメンチェーン
unresolved,汁や 東京駅店,,丸の内1丁目9-1,定食・食堂,中,汁物定食店,そば・うどん,中,別分類がsoup_restaurant、汁やは汁物系
unresolved,浜ふじ,,2 Chome-12-12 Jiyugaoka,海鮮・魚料理,低,seafood分類,海鮮・魚料理,高,別分類がseafood_restaurant、浜ふじは魚料理店
unresolved,だし茶漬けえん 有楽町イトシア店,,東京都千代田区有楽町２丁目７−１,定食・食堂,中,だし茶漬け専門店,和食・割烹,中,別分類がfast_food_restaurant、だし茶漬けは和食系
unresolved,フォッセ,,九段北4-2-25,カフェ・喫茶,低,朝食系分類,パン,低,別分類がbreakfast、詳細不明
unresolved,竹や,,湯島1丁目9-15,不明,低,店名から判断不可,和食・割烹,中,竹やは和食系の店名
unresolved,創作鉄板じゅうじゅう,,,お好み焼き・もんじゃ・たこ焼き,低,創作鉄板,お好み焼き・もんじゃ・たこ焼き,低,創作鉄板は鉄板焼き系、詳細不明
unresolved,ALMA,,"Higashi, 3 Chome−15−6 Mmy Momoyo Bldg., 1F",不明,低,店名から判断不可,定食・食堂,低,別分類がdiner、詳細不明
unresolved,チラナイサクラ,,上野5丁目10-14,不明,低,店名から判断不可,定食・食堂,低,別分類がdiner、詳細不明
unresolved,旬和膳 きゅう,,上大崎2ー24ー10島田ビルB 1,和食・割烹,中,旬和膳,和食・割烹,高,旬和膳は和食定食系
unresolved,Shop Stop南麻布(了聞),,5 Chome-1-4 Minamiazabu,不明,低,店名から判断不可,対象外,中,「Shop Stop」は商業施設、飲食区画不明
unresolved,初音家,,谷中3丁目13-4,スイーツ・和菓子,低,谷中の甘味系,そば・うどん,中,別分類がfood_stand、初音家は蕎麦店の可能性
unresolved,正駒,,赤坂3丁目15-6,不明,低,店名から判断不可,定食・食堂,低,別分類がasian_restaurant、詳細不明
unresolved,しんばし和寿,,東京都千代田区六番町１−７,和食・割烹,低,和名店名,すし,高,店名に「和寿」ですし店と判定
unresolved,Addis,,中根2丁目3-15,その他各国料理,高,エチオピア料理,その他各国料理,高,別分類がafrican_restaurant、エチオピア料理
unresolved,蕎肆遊粋 多摩川,,東京都大田区矢口2-17-1,そば・うどん,高,蕎の店名,そば・うどん,高,「蕎肆」は蕎麦屋を示す字
unresolved,揚物 うえむら,,"Minaminagasaki, 1 Chome−17−4 うえむらマンション",とんかつ・揚げ物,高,揚物の店名,とんかつ・揚げ物,高,「揚物」が店名、揚げ物専門
unresolved,くりこ庵,,神楽坂2丁目6,スイーツ・和菓子,中,神楽坂の鯛焼き店,定食・食堂,低,別分類がasian_restaurant、詳細不明
unresolved,木春堂,,関口2丁目10-8,不明,低,店名から判断不可,和食・割烹,低,店名からジャンルが読み取れない
unresolved,青華こばやし,,荒木町10-17,和食・割烹,低,荒木町の和食名,和食・割烹,中,別分類がjapanese_restaurant、青華はこばやし
unresolved,酒菜 加トちゃん,,駒込1丁目25-10,居酒屋,中,酒菜の店名,居酒屋,高,店名に「酒菜」で居酒屋と判定
unresolved,山笠ノ龍,,柳橋1丁目13-5,ラーメン,中,博多系麺分類,ラーメン,中,別分類がnoodles_restaurant、可能性高い
unresolved,とん太,,高田3丁目17-8,とんかつ・揚げ物,中,高田馬場のとんかつとん太,とんかつ・揚げ物,高,「とん太」は豚を揚げる店、とんかつ系
unresolved,日本背骨養生協会,,神楽坂6-58 神楽坂NHビル２階　201号,対象外,高,協会で飲食店でない,対象外,高,養生協会で飲食店ではない
unresolved,青山星のなる木,,神宮前5丁目51-8,不明,低,店名から判断不可,定食・食堂,低,別分類がdiner、詳細不明
unresolved,鶏喜鶏喜,,"Kanda Sakumacho, 2 Chome−13-3 Y’s Tower, B1F",焼き鳥・やきとん,中,鶏の店名,焼き鳥・やきとん,高,別分類がchicken_restaurant、鶏喜は焼き鳥店
unresolved,二合半,,芝5丁目24-7,居酒屋,中,酒量名とsake_bar,居酒屋,高,別分類がsake_bar、二合半は日本酒居酒屋
unresolved,Re Mare,,"Kanda Jinbocho, 1 Chome−２７−4 ワイズビル ２F",バー,低,bar分類,バー,高,別分類がbar、Re Mareはバー
unresolved,麺巧潮 神田淡路町本店,,神田淡路町2丁目4-4,ラーメン,高,麺巧潮はラーメン店,ラーメン,高,別分類がnoodles_restaurant、麺巧潮はラーメン店
unresolved,Red Pepper,,北青山3丁目5-25,不明,低,店名から判断不可,定食・食堂,低,別分類がdiner、詳細不明
unresolved,ねこ次郎,,松原2丁目42-5,居酒屋,低,bar分類の和名,居酒屋,中,別分類がbar、ねこ次郎は居酒屋系
unresolved,花道亀戸,,亀戸6丁目16-8,すし,低,分類にすし、店名からは不明瞭,すし,高,花道は寿司店。亀戸は立地から寿司屋の可能性高い。
unresolved,上昇気流,,5 Chome-13-17-8 Kamata,不明,低,店名からジャンル不明,不明,低,上昇気流は店名から業態が不明。アジア料理の可能性あり。
unresolved,百人町 近江家,,"Hyakunincho, 2 Chome−4−1 サン ビルディング 1階",そば・うどん,低,屋号「近江家」と麺分類,そば・うどん,中,百人町近江家は近江家という蕎麦店チェーン。
unresolved,ナンクルナイサ銀座店,,銀座3丁目8-10,沖縄・郷土料理,中,沖縄方言の店名,不明,低,ナンクルナイサは沖縄の言葉だが、銀座の店舗内容は不明。
unresolved,銀座 Alla Mano,,銀座7丁目15-5,イタリアン,中,イタリア語店名・分類,イタリアン,高,Alla Manoはイタリアンレストラン。
unresolved,あんろーざ,,船橋1丁目11-10,不明,低,店名から判断不可,不明,低,あんろーざは店名から業態不明。
unresolved,みよし 卯ノ方,,湯島3丁目38-5,和食・割烹,低,和風屋号,不明,低,卯ノ方は店名から業態が判断できない。
unresolved,Ferrous,,"Nishishinjuku, 1 Chome−6−1 Shinjuku L Tower, B2",ステーキ・ハンバーグ,中,分類にステーキハウス,ステーキ・ハンバーグ,高,Ferrousはステーキハウス。
unresolved,Chikuyotei Ginza,,5 Chome-8-3 Ginza,うなぎ,高,竹葉亭は老舗うなぎ店,すし,中,Chikuyoteiは築地系の寿司店の可能性。
unresolved,いちばん星,,白河1丁目4-18,不明,低,店名から判断不可,不明,低,いちばん星は店名から業態不明。
unresolved,和 いち膳,,東京都千代田区永田町１丁目１１−２８,和食・割烹,低,「和」「膳」の店名,すし,高,和いち膳は寿司店チェーン。
unresolved,鶏三和東京ミッドタウン店,,東京都港区赤坂９丁目７−３,焼き鳥・やきとん,中,鶏三和は名古屋コーチン店,焼き鳥・やきとん,高,鶏三和は焼き鳥チェーン。
unresolved,佳照庵,,台東2-3-7,不明,低,店名から判断不可,不明,低,佳照庵は店名から業態判定困難。
unresolved,食庵とんとん,,東京都杉並区高井戸東３丁目２８−１,とんかつ・揚げ物,低,「とんとん」から豚料理推定,とんかつ・揚げ物,中,食庵とんとんはとんかつ店の可能性。
unresolved,津久志,,浅草1丁目16-3,不明,低,店名から判断不可,不明,低,津久志は浅草の店だが業態不明。
unresolved,士士 sisi,,"Roppongi, 3 Chome−8−15 瀬里奈ヴィレッジ １F",不明,低,店名から判断不可,不明,低,sisは店名から業態判定困難。
unresolved,京城園,,自由が丘1丁目26-3,焼肉・ホルモン,中,京城園は焼肉店の典型名,焼肉・ホルモン,高,京城園は韓国料理・焼肉店。
unresolved,食事処 DO,,"Yoyogi, 1 Chome−10−8 B1",定食・食堂,中,食事処の店名,カフェ・喫茶,中,食事処DOはカフェの可能性あり。
unresolved,Kobe Beef Daia Teppan-Yaki Kaminarimon West Branch,,"Asakusa, 1 Chome−3−5 ＡＲＭビル 2F・3F",ステーキ・ハンバーグ,高,神戸牛鉄板焼,ステーキ・ハンバーグ,高,Kobe Beef Daia Teppan-Yakiはステーキ・鉄板焼き。
unresolved,天富士,,志茂2-40−10,天ぷら・天丼,低,「天」の屋号,天ぷら・天丼,中,天富士は天ぷら店の可能性。
unresolved,こうえんじ,,,対象外,中,地名のみ,不明,低,こうえんじは店名から業態不明。
unresolved,鳥良西新宿店,,西新宿1丁目10-2,居酒屋,高,鳥良は手羽先居酒屋チェーン,焼き鳥・やきとん,高,鳥良は焼き鳥チェーン。
unresolved,ニクノトリコ,,六本木4丁目5-11,焼肉・ホルモン,低,「ニク」の店名,焼肉・ホルモン,中,ニクノトリコは肉料理店。
unresolved,まめや,,新富1丁目7-12,不明,低,店名から判断不可,不明,低,まめやは店名から業態不明。
unresolved,ひとぼし,,南蒲田3丁目13-11,居酒屋,低,和名＋バー分類,不明,低,ひとぼしは店名から業態不明。
unresolved,南青山テラス常盤松フォレスト,,南青山7-1,対象外,中,施設・区画名,対象外,高,テラス・フォレストは施設全体。飲食店ではない。
unresolved,もつ家 大西 四谷三丁目店,,"Yotsuya Saneicho, 10−12 ボナフラワービル 1F",焼肉・ホルモン,中,もつ家大西はホルモン店,そば・うどん,中,もつ家は豚の内臓料理。とんかつ系に分類。
unresolved,鉄板焼花,,代官山町13-6,ステーキ・ハンバーグ,中,鉄板焼の店名,ステーキ・ハンバーグ,中,鉄板焼花は鉄板焼き店。
unresolved,Miraflores 渋谷,,桜丘町28-3,その他各国料理,高,ペルー料理分類・地名,その他各国料理,高,Miraflores 渋谷はペルー料理店。
unresolved,世界の山ちゃん 錦糸町南口店,,江東橋3丁目14-13,居酒屋,高,手羽先居酒屋チェーン,焼き鳥・やきとん,高,世界の山ちゃんは焼き鳥チェーン。
unresolved,お食事処 優,,8-10 本町3丁目,定食・食堂,中,お食事処の店名,定食・食堂,中,お食事処優は定食屋の可能性。
unresolved,丸屋,,喜多見8丁目16-8,不明,低,一般的屋号,不明,低,丸屋は東京に複数あり業態不明。
unresolved,nanca,,"Uehara, 1 Chome−32−32 18YYビル 1F",不明,低,店名から判断不可,不明,低,nancaは店名から業態不明。
unresolved,居残り 連,,北品川1丁目22-4,居酒屋,低,居残りの店名,居酒屋,中,居残りは居酒屋の可能性。
unresolved,地鶏小町 恵比寿店,,恵比寿南1丁目8-1,居酒屋,中,地鶏居酒屋チェーン,焼き鳥・やきとん,中,地鶏小町は地鶏焼き。
unresolved,味噌一常盤台店,,常盤台1丁目60-2,ラーメン,高,味噌ラーメンチェーン,ラーメン,中,味噌一はラーメン店チェーンの可能性。
unresolved,Nakamura,,4 Chome-14-26 Higashimizumoto,不明,低,人名のみ,その他各国料理,低,Nakamuraは欧州料理の可能性。
unresolved,むぎや,,立石1丁目11-4,そば・うどん,低,「むぎ」からうどん推定,不明,低,むぎやは店名から業態不明。
unresolved,茶の間,,竹の塚3丁目5-2,不明,低,店名から判断不可,定食・食堂,低,茶の間は定食屋の可能性。
unresolved,Uokushi,,,居酒屋,低,魚串の店名,海鮮・魚料理,中,Uokushiは魚と寿司の造語。
unresolved,牛禅神田店,,鍛冶町1-7-9,焼肉・ホルモン,低,「牛」の店名,牛丼・丼,中,牛禅は牛丼店の可能性。
unresolved,Kenちゃん,,築地7丁目12-10,すし,低,築地・すし分類,不明,低,Kenちゃんは築地の店だが業態不確定。
unresolved,おっ母さん,,日本橋大伝馬町2-8,居酒屋,低,おふくろ系屋号,不明,低,おっ母さんは店名から業態判定困難。
unresolved,はーびあんず,,道玄坂1-15-7,不明,低,ヴィーガン料理,洋食,低,はーびあんずはビーガン飲食店。
unresolved,居食房 しぶいち,,西瑞江2丁目22-12,居酒屋,中,居食房の店名,居酒屋,高,居食房は居酒屋。
unresolved,金田中庵,,銀座7-6-16,和食・割烹,高,金田中は料亭系,ラーメン,低,金田中庵は庵がつくが業態不確定。
unresolved,木曽路南千住店,,南千住5丁目6-15,鍋・しゃぶしゃぶ,高,しゃぶしゃぶチェーン,鍋・しゃぶしゃぶ,高,木曽路はしゃぶしゃぶチェーン。
unresolved,コナコナバスケット,,東京都中央区築地6丁目14-3,不明,低,店名から判断不可,カフェ・喫茶,中,コナコナバスケットはコーヒー専門店。
unresolved,深川茂吉,,2 Chome-10-5 Fukagawa,居酒屋,低,和名＋バー分類,不明,低,深川茂吉は店名から業態不明。
unresolved,たこやき元祖どないや池袋店,,池袋2丁目42-9 中川ビル 1階,お好み焼き・もんじゃ・たこ焼き,高,たこやき明記,お好み焼き・もんじゃ・たこ焼き,高,たこやき元祖どないやはたこ焼き。
unresolved,口中ズルムケbar お前まんまるやん,,東京都新宿区西早稲田３丁目２８−１,バー,高,bar明記,バー,低,barの店名だが詳細不明。
unresolved,串タロー,,新宿3丁目35-10,串かつ・串揚げ,低,串の店名,串かつ・串揚げ,高,串タローは串揚げ店。
unresolved,熟かつ亭,,"Nishikamata, 7 Chome−68−1 グランデュオ蒲田西館 7階",とんかつ・揚げ物,高,とんかつ店名,とんかつ・揚げ物,高,熟かつ亭はかつ（とんかつ）専門。
unresolved,日本橋だし場羽田空港店,,羽田空港2丁目6-5,そば・うどん,中,だし場はそば店,定食・食堂,中,だし場は出汁・定食店の可能性。
unresolved,両国駅西口店,,東京都墨田区両国２－１３－６,対象外,中,支店名のみ,対象外,高,駅名だけ。飲食店の具体内容不明。
unresolved,Kojiro,,新橋3丁目1-5 筑紫ビル,不明,低,店名から判断不可,不明,低,Kojiroは店名から業態判定困難。
unresolved,二代目げんこつ屋,,1 Chome-5-16 Seijo,ラーメン,中,げんこつ屋はラーメン,ラーメン,低,げんこつ屋はラーメン屋の可能性。
unresolved,サイゴン,,有楽町1丁目10-1,ベトナム料理,高,サイゴン・ベトナム分類,ベトナム料理,高,サイゴンはベトナムレストラン。
unresolved,月の市場,,赤坂3丁目10-4,居酒屋,低,居酒屋風店名,不明,低,月の市場は店名から業態不明。
unresolved,Aida,,板橋1丁目49-8,不明,低,店名から判断不可,不明,低,Aidaは店名から業態判定困難。
unresolved,銀のさら滝野川店,,西巣鴨2丁目21-8 101,すし,高,宅配すしチェーン,対象外,中,銀のさらは弁当・惣菜チェーンだが記載不足。
unresolved,和のねんりん家,,羽田空港3-3-2,スイーツ・和菓子,高,ねんりん家はバウム菓子,不明,低,ねんりん家は羽田の店舗内容不明。
unresolved,八十八楽 こめらく 有楽町店,,有楽町1丁目10-1,定食・食堂,中,米料理の食事店,定食・食堂,中,こめらくはご飯・定食系。
unresolved,炉ばた焼吾作,,和田1丁目20-3,居酒屋,中,炉ばた焼,焼肉・ホルモン,中,炉ばた焼は焼肉系可能性。
unresolved,しん,,恵比寿南1丁目16-5,居酒屋,低,日本酒バー分類,バー,高,しんは日本酒・バー。
unresolved,くるか菜,,町屋3丁目1-14,不明,低,店名から判断不可,不明,低,くるか菜は店名から業態不明。
unresolved,ふる里料理山猿,,銀座5丁目4-14,沖縄・郷土料理,中,ふる里料理,和食・割烹,中,ふる里料理は郷土料理・和食。
unresolved,鳥心,,西五反田2-6-12,焼き鳥・やきとん,低,鳥の店名,焼き鳥・やきとん,中,鳥心は鶏料理店の可能性。
unresolved,江戸玉川屋,,東京都北区豊島７丁目５−１２,そば・うどん,低,玉川屋はそば屋に多い,不明,低,江戸玉川屋は店名から業態判定困難。
unresolved,三六麻布十番店,,麻布十番2丁目9-5,不明,低,店名から判断不可,すし,低,三六は寿司の可能性。
unresolved,鶏吉,,八重洲1丁目3-7 八重洲ファーストフィナンシャルビルB1F,焼き鳥・やきとん,低,鶏の店名,焼き鳥・やきとん,高,鶏吉は焼き鳥店。
unresolved,鉄板ラッシュ! エチカフィット永田町店,,永田町1丁目11-28 東京メトロ永田町駅 B3F,お好み焼き・もんじゃ・たこ焼き,低,鉄板の店名,対象外,高,駅施設内の区画。飲食店区分が不明。
unresolved,串屋 月花,,"Tomioka, 1 Chome−5−11-102 門前ビル",串かつ・串揚げ,低,串屋の店名,串かつ・串揚げ,高,串屋月花は串揚げ店。
unresolved,Yamaya,,2 Chome-68-5 Ikebukuro,居酒屋,低,和名＋バー分類,不明,低,Yamayaは店名から業態不明。
unresolved,めいくわん,,南品川6丁目18-18,中華,中,中華分類・店名,不明,低,めいくわんは店名から業態判定困難。
unresolved,朧月,,上大崎3丁目3-4,不明,低,店名から判断不可,不明,低,朧月は店名から業態不明。
unresolved,たかし屋 錦糸町店,,"Kotobashi, 2 Chome−16−9 藤岡ビル 1F",焼き鳥・やきとん,低,たかし屋は串焼系推定,不明,低,たかし屋は店名から業態不明。
unresolved,笑壷 えつぼ,,"赤坂永谷シティプラザ 半地下, 1丁目-8-1",不明,低,店名から判断不可,すし,中,笑壷は寿司店。
unresolved,アグリグッドムーン,,上目黒1丁目5-10,不明,低,店名から判断不可,すし,中,アグリグッドムーンは寿司関連の可能性。
unresolved,かよひ路日比谷店,,有楽町2-1-18,居酒屋,低,和風屋号,不明,低,かよひ路は店名から業態判定困難。
unresolved,柚,,八丁堀2丁目21-9,不明,低,店名から判断不可,不明,低,柚は店名から業態不明。
unresolved,月海,,西麻布4丁目2-6,不明,低,店名から判断不可,バー,中,月海はbarの分類。
unresolved,赤津加,,外神田1丁目10-2,居酒屋,中,赤津加は老舗居酒屋,不明,低,赤津加は店名から業態不明。
unresolved,博多慶州銀座店,,銀座3丁目14-8,焼肉・ホルモン,低,慶州は焼肉系屋号,韓国料理,中,博多慶州は韓国料理の可能性。
unresolved,サカナズキ,,恵比寿南3丁目2-16,海鮮・魚料理,中,魚好きの店名,すし,低,サカナズキは寿司店の可能性。
unresolved,Ganjuuyaa,,東京都杉並区高円寺北３丁目２２−８,沖縄・郷土料理,中,沖縄方言の店名,不明,低,Ganjuuyaaは店名から業態判定困難。
unresolved,季節料理 あい川,,神田司町2丁目17-18,和食・割烹,中,季節料理,和食・割烹,中,季節料理あい川は割烹系。
unresolved,アボットチョイス,,西麻布1-12-5,バー,中,アイリッシュパブ,バー,高,アボットチョイスはアイリッシュパブ。
unresolved,FAMiRES,,"Jingumae, 6 Chome−31−21 東急プラザ原宿 ハラカド 5f",ファミリーレストラン,低,ファミレス名,ファミリーレストラン,高,FAMiRESはテーマレストラン・ファミリー系。
unresolved,肉屋 格之進,,六本木1丁目4-5,焼肉・ホルモン,中,格之進は肉料理店,ステーキ・ハンバーグ,中,肉屋格之進は肉料理店。
unresolved,Anrakutei Adachi Iriya,,1 Chome-22-9 Saranuma,焼肉・ホルモン,高,安楽亭は焼肉チェーン,焼肉・ホルモン,高,Anrakuteiは焼肉店。
unresolved,Incanto,,東京都千代田区六番町１−７,イタリアン,低,イタリア語店名,バー,中,Incantoはbarの分類。
unresolved,キッチン竹乃子,,台東1丁目11-12,洋食,低,キッチンの店名,定食・食堂,低,キッチン竹乃子は定食系の可能性。
unresolved,ファミリーマート 世田谷北沢三丁目店,,東京都世田谷区北沢３丁目１８−３,対象外,高,コンビニ,対象外,高,コンビニ。飲食店ではない。
unresolved,芳とも庵,,納戸町10,和食・割烹,低,庵の屋号,不明,低,芳とも庵は店名から業態判定困難。
unresolved,MONPAL,,富岡1丁目10-3,不明,低,店名から判断不可,不明,低,MONPALは店名から業態判定困難。
unresolved,座・グラン東京,,新橋2-8-5,対象外,低,施設名,対象外,高,座・グラン東京は施設・イベント会場。
unresolved,イクチャム,,東京都足立区千住３丁目１０,ベトナム料理,低,分類にベトナム,ベトナム料理,高,イクチャムはベトナムレストラン。
unresolved,伏音,,47-2 Oyamacho,居酒屋,低,和名＋バー分類,バー,中,伏音はbarの分類。
unresolved,築地十干京橋店,,京橋3丁目1-1,海鮮・魚料理,中,築地十干は海鮮丼,定食・食堂,中,だし場は出汁・定食系。
