ward,ward_en,census_76_restaurants,census_77_takeout,overture_all,overture_excl_retail,ratio
千代田区,Chiyoda,3062,137,8327,7912,2.58
港区,Minato,4544,229,11762,11377,2.5
目黒区,Meguro,1418,114,3470,3258,2.3
渋谷区,Shibuya,4026,201,9592,9068,2.25
世田谷区,Setagaya,2907,327,6617,6072,2.09
新宿区,Shinjuku,4921,210,10702,10255,2.08
中央区,Chuo,4195,132,8959,8583,2.05
豊島区,Toshima,2264,133,4896,4610,2.04
台東区,Taito,2662,125,5702,5404,2.03
中野区,Nakano,1383,121,2508,2376,1.72
江東区,Koto,1905,240,3528,3272,1.72
品川区,Shinagawa,2242,218,3953,3756,1.68
文京区,Bunkyo,1280,126,2228,2068,1.62
墨田区,Sumida,1614,128,2709,2525,1.56
杉並区,Suginami,2393,223,3956,3696,1.54
北区,Kita,1271,175,2030,1895,1.49
江戸川区,Edogawa,1516,268,2434,2255,1.49
大田区,Ota,2814,288,4327,4010,1.43
荒川区,Arakawa,810,73,1197,1119,1.38
練馬区,Nerima,1752,247,2543,2333,1.33
板橋区,Itabashi,1683,244,2374,2215,1.32
葛飾区,Katsushika,1585,175,2106,1947,1.23
足立区,Adachi,2065,316,2738,2505,1.21
