ward,code,census_category,census_count,overture_count,overture_estimated,weight
Adachi,all,飲食店全体（中分類不明・パンなどに使う）,2046,2447,,0.8361
Adachi,761,食堂・レストラン,97,188,228.0,0.4255
Adachi,762,専門料理店,677,899,1090.1,0.621
Adachi,763,そば・うどん店,139,93,112.8,1.2326
Adachi,764,すし店,104,120,145.5,0.7147
Adachi,765,酒場・ビヤホール,566,289,350.4,1.6151
Adachi,766,バー・キャバレー・ナイトクラブ,215,122,147.9,1.4533
Adachi,767,喫茶店,135,241,292.2,0.462
Adachi,769,その他の飲食店,113,66,80.0,1.412
Arakawa,all,飲食店全体（中分類不明・パンなどに使う）,802,1089,,0.7365
Arakawa,761,食堂・レストラン,41,67,83.3,0.4922
Arakawa,762,専門料理店,264,373,463.7,0.5693
Arakawa,763,そば・うどん店,66,36,44.8,1.4747
Arakawa,764,すし店,39,52,64.6,0.6033
Arakawa,765,酒場・ビヤホール,205,131,162.9,1.2588
Arakawa,766,バー・キャバレー・ナイトクラブ,62,51,63.4,0.9779
Arakawa,767,喫茶店,80,134,166.6,0.4802
Arakawa,769,その他の飲食店,45,32,39.8,1.1312
Bunkyo,all,飲食店全体（中分類不明・パンなどに使う）,1262,2029,,0.622
Bunkyo,761,食堂・レストラン,97,153,184.3,0.5262
Bunkyo,762,専門料理店,506,675,813.3,0.6222
Bunkyo,763,そば・うどん店,71,84,101.2,0.7015
Bunkyo,764,すし店,50,91,109.6,0.456
Bunkyo,765,酒場・ビヤホール,213,138,166.3,1.281
Bunkyo,766,バー・キャバレー・ナイトクラブ,158,167,201.2,0.7852
Bunkyo,767,喫茶店,128,335,403.6,0.3171
Bunkyo,769,その他の飲食店,39,41,49.4,0.7895
Chiyoda,all,飲食店全体（中分類不明・パンなどに使う）,3027,7637,,0.3964
Chiyoda,761,食堂・レストラン,222,595,695.1,0.3194
Chiyoda,762,専門料理店,1222,2627,3069.1,0.3982
Chiyoda,763,そば・うどん店,177,270,315.4,0.5611
Chiyoda,764,すし店,114,247,288.6,0.3951
Chiyoda,765,酒場・ビヤホール,698,916,1070.1,0.6523
Chiyoda,766,バー・キャバレー・ナイトクラブ,130,656,766.4,0.1696
Chiyoda,767,喫茶店,391,1120,1308.5,0.2988
Chiyoda,769,その他の飲食店,73,106,123.8,0.5895
Chuo,all,飲食店全体（中分類不明・パンなどに使う）,4117,8354,,0.4928
Chuo,761,食堂・レストラン,158,476,601.0,0.2629
Chuo,762,専門料理店,1592,2663,3362.6,0.4734
Chuo,763,そば・うどん店,179,222,280.3,0.6386
Chuo,764,すし店,262,600,757.6,0.3458
Chuo,765,酒場・ビヤホール,711,676,853.6,0.833
Chuo,766,バー・キャバレー・ナイトクラブ,788,949,1198.3,0.6576
Chuo,767,喫茶店,313,889,1122.5,0.2788
Chuo,769,その他の飲食店,114,141,178.0,0.6403
Edogawa,all,飲食店全体（中分類不明・パンなどに使う）,1509,2205,,0.6844
Edogawa,761,食堂・レストラン,77,168,202.4,0.3804
Edogawa,762,専門料理店,561,838,1009.7,0.5556
Edogawa,763,そば・うどん店,103,67,80.7,1.2759
Edogawa,764,すし店,88,118,142.2,0.6189
Edogawa,765,酒場・ビヤホール,390,251,302.4,1.2895
Edogawa,766,バー・キャバレー・ナイトクラブ,103,120,144.6,0.7124
Edogawa,767,喫茶店,111,195,235.0,0.4724
Edogawa,769,その他の飲食店,76,73,88.0,0.864
Itabashi,all,飲食店全体（中分類不明・パンなどに使う）,1675,2150,,0.7791
Itabashi,761,食堂・レストラン,121,183,223.7,0.541
Itabashi,762,専門料理店,590,747,913.0,0.6462
Itabashi,763,そば・うどん店,105,74,90.4,1.1609
Itabashi,764,すし店,76,80,97.8,0.7772
Itabashi,765,酒場・ビヤホール,419,292,356.9,1.174
Itabashi,766,バー・キャバレー・ナイトクラブ,153,103,125.9,1.2153
Itabashi,767,喫茶店,134,210,256.7,0.5221
Itabashi,769,その他の飲食店,77,70,85.6,0.9
Katsushika,all,飲食店全体（中分類不明・パンなどに使う）,1581,1912,,0.8269
Katsushika,761,食堂・レストラン,87,141,172.9,0.5031
Katsushika,762,専門料理店,501,650,797.2,0.6285
Katsushika,763,そば・うどん店,127,72,88.3,1.4382
Katsushika,764,すし店,68,85,104.2,0.6523
Katsushika,765,酒場・ビヤホール,457,264,323.8,1.4115
Katsushika,766,バー・キャバレー・ナイトクラブ,159,99,121.4,1.3095
Katsushika,767,喫茶店,115,185,226.9,0.5069
Katsushika,769,その他の飲食店,67,63,77.3,0.8671
Kita,all,飲食店全体（中分類不明・パンなどに使う）,1265,1854,,0.6823
Kita,761,食堂・レストラン,92,119,144.3,0.6376
Kita,762,専門料理店,422,652,790.6,0.5338
Kita,763,そば・うどん店,70,52,63.1,1.1102
Kita,764,すし店,53,66,80.0,0.6623
Kita,765,酒場・ビヤホール,353,262,317.7,1.1111
Kita,766,バー・キャバレー・ナイトクラブ,133,143,173.4,0.767
Kita,767,喫茶店,99,187,226.7,0.4366
Kita,769,その他の飲食店,43,48,58.2,0.7388
Koto,all,飲食店全体（中分類不明・パンなどに使う）,1897,3191,,0.5945
Koto,761,食堂・レストラン,169,233,282.0,0.5994
Koto,762,専門料理店,693,1128,1365.0,0.5077
Koto,763,そば・うどん店,111,103,124.6,0.8906
Koto,764,すし店,94,153,185.1,0.5077
Koto,765,酒場・ビヤホール,440,338,409.0,1.0758
Koto,766,バー・キャバレー・ナイトクラブ,110,183,221.4,0.4967
Koto,767,喫茶店,166,390,471.9,0.3517
Koto,769,その他の飲食店,114,109,131.9,0.8643
Meguro,all,飲食店全体（中分類不明・パンなどに使う）,1403,3184,,0.4406
Meguro,761,食堂・レストラン,78,185,232.8,0.335
Meguro,762,専門料理店,610,1056,1329.0,0.459
Meguro,763,そば・うどん店,66,71,89.4,0.7386
Meguro,764,すし店,65,106,133.4,0.4873
Meguro,765,酒場・ビヤホール,248,251,315.9,0.7851
Meguro,766,バー・キャバレー・ナイトクラブ,159,316,397.7,0.3998
Meguro,767,喫茶店,131,465,585.2,0.2239
Meguro,769,その他の飲食店,46,80,100.7,0.4569
Minato,all,飲食店全体（中分類不明・パンなどに使う）,4480,11133,,0.4024
Minato,761,食堂・レストラン,250,620,771.8,0.3239
Minato,762,専門料理店,1894,3734,4648.4,0.4075
Minato,763,そば・うどん店,197,274,341.1,0.5775
Minato,764,すし店,213,540,672.2,0.3169
Minato,765,酒場・ビヤホール,908,1056,1314.6,0.6907
Minato,766,バー・キャバレー・ナイトクラブ,541,1433,1783.9,0.3033
Minato,767,喫茶店,369,1108,1379.3,0.2675
Minato,769,その他の飲食店,108,178,221.6,0.4874
Nakano,all,飲食店全体（中分類不明・パンなどに使う）,1371,2326,,0.5894
Nakano,761,食堂・レストラン,78,155,193.2,0.4037
Nakano,762,専門料理店,481,770,959.8,0.5011
Nakano,763,そば・うどん店,70,58,72.3,0.9682
Nakano,764,すし店,51,86,107.2,0.4757
Nakano,765,酒場・ビヤホール,362,283,352.8,1.0262
Nakano,766,バー・キャバレー・ナイトクラブ,169,209,260.5,0.6487
Nakano,767,喫茶店,118,260,324.1,0.3641
Nakano,769,その他の飲食店,42,45,56.1,0.7488
Nerima,all,飲食店全体（中分類不明・パンなどに使う）,1746,2285,,0.7641
Nerima,761,食堂・レストラン,95,156,187.2,0.5074
Nerima,762,専門料理店,617,811,973.3,0.6339
Nerima,763,そば・うどん店,121,92,110.4,1.0959
Nerima,764,すし店,81,113,135.6,0.5973
Nerima,765,酒場・ビヤホール,423,255,306.0,1.3822
Nerima,766,バー・キャバレー・ナイトクラブ,204,130,156.0,1.3076
Nerima,767,喫茶店,134,275,330.0,0.406
Nerima,769,その他の飲食店,71,72,86.4,0.8217
Ota,all,飲食店全体（中分類不明・パンなどに使う）,2799,3915,,0.7149
Ota,761,食堂・レストラン,182,287,347.0,0.5245
Ota,762,専門料理店,997,1371,1657.6,0.6015
Ota,763,そば・うどん店,155,129,156.0,0.9938
Ota,764,すし店,130,176,212.8,0.6109
Ota,765,酒場・ビヤホール,665,436,527.2,1.2615
Ota,766,バー・キャバレー・ナイトクラブ,384,275,332.5,1.1549
Ota,767,喫茶店,195,449,542.9,0.3592
Ota,769,その他の飲食店,91,115,139.0,0.6545
Setagaya,all,飲食店全体（中分類不明・パンなどに使う）,2893,5919,,0.4888
Setagaya,761,食堂・レストラン,184,368,451.9,0.4072
Setagaya,762,専門料理店,1149,1787,2194.5,0.5236
Setagaya,763,そば・うどん店,148,154,189.1,0.7826
Setagaya,764,すし店,116,219,268.9,0.4313
Setagaya,765,酒場・ビヤホール,605,524,643.5,0.9402
Setagaya,766,バー・キャバレー・ナイトクラブ,286,562,690.1,0.4144
Setagaya,767,喫茶店,298,1071,1315.2,0.2266
Setagaya,769,その他の飲食店,107,135,165.8,0.6454
Shibuya,all,飲食店全体（中分類不明・パンなどに使う）,3970,8859,,0.4481
Shibuya,761,食堂・レストラン,162,502,611.2,0.265
Shibuya,762,専門料理店,1689,2882,3509.0,0.4813
Shibuya,763,そば・うどん店,135,165,200.9,0.672
Shibuya,764,すし店,118,266,323.9,0.3643
Shibuya,765,酒場・ビヤホール,793,692,842.6,0.9412
Shibuya,766,バー・キャバレー・ナイトクラブ,453,1106,1346.6,0.3364
Shibuya,767,喫茶店,472,1480,1802.0,0.2619
Shibuya,769,その他の飲食店,148,183,222.8,0.6642
Shinagawa,all,飲食店全体（中分類不明・パンなどに使う）,2204,3674,,0.5999
Shinagawa,761,食堂・レストラン,116,245,297.6,0.3898
Shinagawa,762,専門料理店,860,1282,1557.0,0.5523
Shinagawa,763,そば・うどん店,120,132,160.3,0.7485
Shinagawa,764,すし店,80,122,148.2,0.5399
Shinagawa,765,酒場・ビヤホール,543,452,549.0,0.9891
Shinagawa,766,バー・キャバレー・ナイトクラブ,242,333,404.4,0.5984
Shinagawa,767,喫茶店,156,373,453.0,0.3444
Shinagawa,769,その他の飲食店,87,86,104.5,0.8329
Shinjuku,all,飲食店全体（中分類不明・パンなどに使う）,4868,10052,,0.4843
Shinjuku,761,食堂・レストラン,196,563,676.0,0.29
Shinjuku,762,専門料理店,1856,3322,3988.6,0.4653
Shinjuku,763,そば・うどん店,174,248,297.8,0.5844
Shinjuku,764,すし店,137,321,385.4,0.3555
Shinjuku,765,酒場・ビヤホール,1036,1143,1372.4,0.7549
Shinjuku,766,バー・キャバレー・ナイトクラブ,905,1477,1773.4,0.5103
Shinjuku,767,喫茶店,448,1117,1341.1,0.334
Shinjuku,769,その他の飲食店,116,181,217.3,0.5338
Suginami,all,飲食店全体（中分類不明・パンなどに使う）,2379,3623,,0.6566
Suginami,761,食堂・レストラン,125,228,280.2,0.4461
Suginami,762,専門料理店,868,1122,1378.9,0.6295
Suginami,763,そば・うどん店,100,92,113.1,0.8844
Suginami,764,すし店,83,130,159.8,0.5195
Suginami,765,酒場・ビヤホール,538,386,474.4,1.1341
Suginami,766,バー・キャバレー・ナイトクラブ,338,371,455.9,0.7413
Suginami,767,喫茶店,272,558,685.8,0.3966
Suginami,769,その他の飲食店,55,61,75.0,0.7337
Sumida,all,飲食店全体（中分類不明・パンなどに使う）,1603,2459,,0.6519
Sumida,761,食堂・レストラン,70,163,199.2,0.3514
Sumida,762,専門料理店,557,775,947.2,0.5881
Sumida,763,そば・うどん店,101,97,118.6,0.852
Sumida,764,すし店,62,97,118.6,0.523
Sumida,765,酒場・ビヤホール,376,267,326.3,1.1522
Sumida,766,バー・キャバレー・ナイトクラブ,173,186,227.3,0.761
Sumida,767,喫茶店,174,349,426.5,0.4079
Sumida,769,その他の飲食店,90,78,95.3,0.9441
Taito,all,飲食店全体（中分類不明・パンなどに使う）,2640,5239,,0.5039
Taito,761,食堂・レストラン,111,295,367.0,0.3024
Taito,762,専門料理店,991,1629,2026.7,0.489
Taito,763,そば・うどん店,162,158,196.6,0.8241
Taito,764,すし店,105,212,263.8,0.3981
Taito,765,酒場・ビヤホール,583,616,766.4,0.7607
Taito,766,バー・キャバレー・ナイトクラブ,299,440,547.4,0.5462
Taito,767,喫茶店,283,734,913.2,0.3099
Taito,769,その他の飲食店,106,127,158.0,0.6709
Toshima,all,飲食店全体（中分類不明・パンなどに使う）,2234,4511,,0.4952
Toshima,761,食堂・レストラン,115,309,361.3,0.3183
Toshima,762,専門料理店,829,1588,1856.8,0.4465
Toshima,763,そば・うどん店,112,149,174.2,0.6429
Toshima,764,すし店,108,161,188.3,0.5737
Toshima,765,酒場・ビヤホール,513,517,604.5,0.8486
Toshima,766,バー・キャバレー・ナイトクラブ,251,408,477.1,0.5261
Toshima,767,喫茶店,224,609,712.1,0.3146
Toshima,769,その他の飲食店,82,117,136.8,0.5994
