key,name,lat,lng,passengers,operators,lines
003922,渋谷,35.658846,139.701713,2897703,京王電鉄|東京地下鉄|東急電鉄|東日本旅客鉄道,東急田園都市線|東急東横線|JR山手線|京王井の頭線|東京メトロ銀座線|東京メトロ半蔵門線|東京メトロ副都心線
003700,新宿,35.689805,139.700182,2713386,京王電鉄|小田急電鉄|東京地下鉄|東京都|東日本旅客鉄道,JR山手線|JR中央線|京王線|小田急小田原線|東京メトロ丸ノ内線|都営新宿線|都営大江戸線
003390,池袋,35.730046,139.710597,2364011,東京地下鉄|東日本旅客鉄道|東武鉄道|西武鉄道,JR山手線|JR赤羽線|東京メトロ丸ノ内線|東京メトロ有楽町線|東京メトロ副都心線|西武池袋線|東武東上本線
003260,北千住,35.749552,139.805153,1434911,東京地下鉄|東日本旅客鉄道|東武鉄道|首都圏新都市鉄道,東武伊勢崎線|JR常磐線|東京メトロ日比谷線|東京メトロ千代田線|つくばエクスプレス
003766,東京,35.680957,139.766671,1262604,東京地下鉄|東日本旅客鉄道|東海旅客鉄道,JR総武線|JR東海道線|東北新幹線|JR東北線|JR京葉線|東京メトロ丸ノ内線|東海道新幹線
004095,品川,35.628758,139.739217,892969,京浜急行電鉄|東日本旅客鉄道|東海旅客鉄道,JR山手線|JR東海道線|京急本線|東海道新幹線
003508,高田馬場,35.713029,139.704217,809212,東京地下鉄|東日本旅客鉄道|西武鉄道,JR山手線|西武新宿線|東京メトロ東西線
003872,新橋,35.666266,139.758696,787769,ゆりかもめ|東京地下鉄|東京都|東日本旅客鉄道,JR東海道線|東京メトロ銀座線|都営浅草線|ゆりかもめ
003624,秋葉原,35.69838,139.774036,678406,東京地下鉄|東日本旅客鉄道|首都圏新都市鉄道,JR総武線|JR東北線|つくばエクスプレス|東京メトロ日比谷線
004072,目黒,35.632981,139.715696,565824,東京地下鉄|東京都|東急電鉄|東日本旅客鉄道,東急目黒線|JR山手線|都営三田線|東京メトロ南北線
003505,上野,35.712746,139.776608,529457,東京地下鉄|東日本旅客鉄道,東北新幹線|JR東北線|東京メトロ日比谷線|東京メトロ銀座線
003526,押上,35.709067,139.81337,526053,京成電鉄|東京地下鉄|東京都|東武鉄道,京成押上線|東京メトロ半蔵門線|東武伊勢崎線|都営浅草線
004330,蒲田,35.561923,139.71504,408525,東急電鉄|東日本旅客鉄道,JR東海道線|東急池上線|東急多摩川線
003568,中野,35.705748,139.66572,406312,東京地下鉄|東日本旅客鉄道,JR中央線|東京メトロ東西線
003719,大手町,35.685551,139.764821,396194,東京地下鉄|東京都,東京メトロ丸ノ内線|東京メトロ東西線|東京メトロ千代田線|東京メトロ半蔵門線|都営三田線
003795,有楽町,35.675699,139.762604,392785,東京地下鉄|東日本旅客鉄道,JR東海道線|東京メトロ有楽町線
003214,綾瀬,35.762225,139.824913,384554,東京地下鉄|東日本旅客鉄道,東京メトロ千代田線|JR常磐線
004014,中目黒,35.644188,139.698928,381738,東京地下鉄|東急電鉄,東急東横線|東京メトロ日比谷線
004110,五反田,35.625973,139.723905,375542,東京都|東急電鉄|東日本旅客鉄道,JR山手線|東急池上線|都営浅草線
004197,大井町,35.607391,139.734473,366901,東京臨海高速鉄道|東急電鉄|東日本旅客鉄道,JR東海道線|東急大井町線|りんかい線
003991,恵比寿,35.646837,139.709082,356771,東京地下鉄|東日本旅客鉄道,JR山手線|東京メトロ日比谷線
003368,西日暮里,35.732534,139.767075,353501,東京地下鉄|東京都|東日本旅客鉄道,JR東北線|東京メトロ千代田線|日暮里・舎人ライナー
003417,日暮里,35.727868,139.771094,348027,京成電鉄|東京都|東日本旅客鉄道,JR常磐線|JR東北線|京成本線|日暮里・舎人ライナー
003294,小竹向原,35.743395,139.67952,317839,東京地下鉄|西武鉄道,東京メトロ有楽町線|東京メトロ副都心線|西武有楽町線
003595,飯田橋,35.701477,139.744742,314792,東京地下鉄|東京都|東日本旅客鉄道,東京メトロ東西線|東京メトロ南北線|東京メトロ有楽町線|JR中央線|都営大江戸線
003639,錦糸町,35.697218,139.814787,299028,東京地下鉄|東日本旅客鉄道,JR総武線|東京メトロ半蔵門線
003997,新木場,35.645868,139.826683,296274,東京地下鉄|東京臨海高速鉄道|東日本旅客鉄道,JR京葉線|東京メトロ有楽町線|りんかい線
003728,四ツ谷,35.685038,139.730132,295458,東京地下鉄|東日本旅客鉄道,JR中央線|東京メトロ丸ノ内線|東京メトロ南北線
004135,大崎,35.619847,139.72807,290388,東京臨海高速鉄道|東日本旅客鉄道,JR山手線|りんかい線
003671,市ヶ谷,35.692363,139.736608,279416,東京地下鉄|東京都|東日本旅客鉄道,東京メトロ南北線|東京メトロ有楽町線|JR中央線|都営新宿線
003847,代々木上原,35.668897,139.679632,269075,小田急電鉄|東京地下鉄,小田急小田原線|東京メトロ千代田線
003949,浜松町,35.65541,139.757125,267804,東日本旅客鉄道,JR東海道線
004000,田町,35.64574,139.747605,251710,東日本旅客鉄道,JR東海道線
003575,荻窪,35.704302,139.620002,250115,東京地下鉄|東日本旅客鉄道,JR中央線|東京メトロ丸ノ内線
003951,豊洲,35.654772,139.795874,246184,ゆりかもめ|東京地下鉄,東京メトロ有楽町線|ゆりかもめ
003677,神田,35.692418,139.77088,237297,東京地下鉄|東日本旅客鉄道,JR中央線|JR東北線|東京メトロ銀座線
003615,御茶ノ水,35.69988,139.764822,231276,東京地下鉄|東日本旅客鉄道,JR総武線|JR中央線|東京メトロ丸ノ内線
003823,銀座,35.672258,139.764269,230271,東京地下鉄,東京メトロ日比谷線|東京メトロ銀座線|東京メトロ丸ノ内線
003908,下北沢,35.661525,139.666957,229107,京王電鉄|小田急電鉄,小田急小田原線|京王井の頭線
003756,日本橋,35.68194,139.774509,216753,東京地下鉄|東京都,東京メトロ銀座線|東京メトロ東西線|都営浅草線
003651,神保町,35.695724,139.758011,203106,東京地下鉄|東京都,都営三田線|都営新宿線|東京メトロ半蔵門線
003657,九段下,35.695746,139.751232,201105,東京地下鉄|東京都,東京メトロ東西線|東京メトロ半蔵門線|都営新宿線
003689,新宿三丁目,35.690607,139.704936,199171,東京地下鉄|東京都,東京メトロ丸ノ内線|東京メトロ副都心線|都営新宿線
003522,浅草,35.710874,139.797767,197745,東京地下鉄|東京都|東武鉄道,東京メトロ銀座線|都営浅草線|東武伊勢崎線
003155,赤羽,35.777538,139.721095,188334,東日本旅客鉄道,JR赤羽線|JR東北線
003354,巣鴨,35.73375,139.739193,188319,東京都|東日本旅客鉄道,JR山手線|都営三田線
003892,六本木,35.663432,139.731215,183792,東京地下鉄|東京都,東京メトロ日比谷線|都営大江戸線
003580,水道橋,35.703217,139.754714,182490,東京都|東日本旅客鉄道,JR中央線|都営三田線
003236,王子,35.754012,139.737556,178128,東京地下鉄|東日本旅客鉄道,JR東北線|東京メトロ南北線
003883,表参道,35.665283,139.712098,176901,東京地下鉄,東京メトロ銀座線|東京メトロ千代田線|東京メトロ半蔵門線
003328,練馬,35.73778,139.654473,173987,東京都|西武鉄道,西武有楽町線|西武池袋線|西武豊島線|都営大江戸線
003797,八丁堀,35.675176,139.777709,166605,東京地下鉄|東日本旅客鉄道,東京メトロ日比谷線|JR京葉線
004264,大森,35.58885,139.728107,165460,東日本旅客鉄道,JR東海道線
003636,浅草橋,35.697497,139.785472,147750,東京都|東日本旅客鉄道,JR総武線|都営浅草線
003648,西武新宿,35.69613,139.700067,147390,西武鉄道,西武新宿線
003486,新小岩,35.716845,139.857735,146776,東日本旅客鉄道,JR総武線
003818,門前仲町,35.67229,139.795677,143409,東京地下鉄|東京都,東京メトロ東西線|都営大江戸線
004177,二子玉川,35.611515,139.626494,140353,東急電鉄,東急大井町線|東急田園都市線
003838,東銀座,35.669487,139.767282,140168,東京地下鉄|東京都,東京メトロ日比谷線|都営浅草線
003743,代々木,35.68379,139.701982,136902,東京都|東日本旅客鉄道,JR山手線|JR中央線|都営大江戸線
004196,自由が丘,35.60733,139.668798,136588,東急電鉄,東急大井町線|東急東横線
004016,三軒茶屋,35.643534,139.670665,136375,東急電鉄,東急世田谷線|東急田園都市線
003635,亀戸,35.697492,139.826678,135911,東日本旅客鉄道|東武鉄道,JR総武線|東武亀戸線
003828,原宿,35.67132,139.702712,134814,東日本旅客鉄道,JR山手線
003805,霞ヶ関,35.673557,139.751837,132884,東京地下鉄,東京メトロ日比谷線|東京メトロ丸ノ内線|東京メトロ千代田線
003802,日比谷,35.674748,139.760074,132278,東京地下鉄|東京都,東京メトロ日比谷線|東京メトロ千代田線|都営三田線
003555,御徒町,35.707195,139.774715,125968,東日本旅客鉄道,JR東北線
003343,駒込,35.736518,139.747627,124751,東京地下鉄|東日本旅客鉄道,JR山手線|東京メトロ南北線
003812,青山一丁目,35.672864,139.724057,124550,東京地下鉄|東京都,東京メトロ銀座線|東京メトロ半蔵門線|都営大江戸線
003360,小岩,35.73333,139.88185,120166,東日本旅客鉄道,JR総武線
003716,三越前,35.686008,139.773515,117531,東京地下鉄,東京メトロ銀座線|東京メトロ半蔵門線
003839,東陽町,35.66959,139.81768,114708,東京地下鉄,東京メトロ東西線
003773,茅場町,35.679646,139.779521,112343,東京地下鉄,東京メトロ日比谷線|東京メトロ東西線
004368,羽田空港第1・第2ターミナル,35.5498,139.786025,111697,京浜急行電鉄,京急空港線
003375,大塚,35.731785,139.72794,108702,東日本旅客鉄道,JR山手線
003900,神谷町,35.662625,139.744725,107982,東京地下鉄,東京メトロ日比谷線
003986,三田,35.647791,139.748957,107560,東京都,都営浅草線|都営三田線
003844,明治神宮前,35.668631,139.704627,105665,東京地下鉄,東京メトロ千代田線|東京メトロ副都心線
003542,後楽園,35.707791,139.751371,104894,東京地下鉄,東京メトロ丸ノ内線|東京メトロ南北線
003646,両国,35.696394,139.795796,104604,東京都|東日本旅客鉄道,JR総武線|都営大江戸線
003248,京成高砂,35.75087,139.86659,102056,京成電鉄|北総鉄道,京成金町線|京成本線|京成成田空港線|北総線
003939,大門,35.656701,139.755144,101853,東京都,都営浅草線|都営大江戸線
003889,月島,35.664098,139.784187,100940,東京地下鉄|東京都,東京メトロ有楽町線|都営大江戸線
003191,金町,35.76951,139.87039,99396,東日本旅客鉄道,JR常磐線
003721,人形町,35.68616,139.7823,99358,東京地下鉄|東京都,東京メトロ日比谷線|都営浅草線
003894,葛西,35.66363,139.872309,99258,東京地下鉄,東京メトロ東西線
003601,新大久保,35.70093,139.700255,98492,東日本旅客鉄道,JR山手線
003643,中野坂上,35.697348,139.682457,97406,東京地下鉄|東京都,東京メトロ丸ノ内線|都営大江戸線
003890,西葛西,35.664583,139.859355,96546,東京地下鉄,東京メトロ東西線
003835,虎ノ門,35.67016,139.75012,96029,東京地下鉄,東京メトロ銀座線
003573,高円寺,35.705325,139.649718,95432,東日本旅客鉄道,JR中央線
003946,モノレール浜松町,35.655745,139.75667,94252,東京モノレール,東京モノレール
003141,赤羽岩淵,35.783355,139.72211,94035,埼玉高速鉄道|東京地下鉄,東京メトロ南北線|埼玉高速鉄道線
003549,東中野,35.70681,139.684165,92396,東京都|東日本旅客鉄道,JR中央線|都営大江戸線
003927,勝どき,35.658933,139.777133,91189,東京都,都営大江戸線
003846,明大前,35.6686,139.650493,91172,京王電鉄,京王井の頭線|京王線
003788,赤坂見附,35.676833,139.737365,89214,東京地下鉄,東京メトロ銀座線|東京メトロ丸ノ内線
003645,新御茶ノ水,35.696925,139.76545,87057,東京地下鉄,東京メトロ千代田線
003662,西新宿,35.694515,139.69256,85481,東京地下鉄,東京メトロ丸ノ内線
003579,西荻窪,35.703798,139.599705,85340,東日本旅客鉄道,JR中央線
003556,新御徒町,35.706971,139.782004,84215,東京都|首都圏新都市鉄道,つくばエクスプレス|都営大江戸線
003574,阿佐ヶ谷,35.704887,139.636257,84048,東日本旅客鉄道,JR中央線
003810,溜池山王,35.67224,139.74159,82631,東京地下鉄,東京メトロ銀座線|東京メトロ南北線
003970,経堂,35.651308,139.637082,82232,小田急電鉄,小田急小田原線
003335,田端,35.737475,139.761575,80958,東日本旅客鉄道,JR山手線|JR東北線
003754,清澄白河,35.682525,139.799247,80796,東京地下鉄|東京都,東京メトロ半蔵門線|都営大江戸線
004036,成城学園前,35.640135,139.59908,80513,小田急電鉄,小田急小田原線
003263,大泉学園,35.749407,139.586652,80236,西武鉄道,西武池袋線
003302,町屋,35.742229,139.780656,80085,京成電鉄|東京地下鉄,東京メトロ千代田線|京成本線
003570,早稲田,35.70568,139.72219,79978,東京地下鉄,東京メトロ東西線
003199,亀有,35.76654,139.84756,79818,東日本旅客鉄道,JR常磐線
003861,千歳烏山,35.667835,139.600375,79689,京王電鉄,京王線
003363,南千住,35.733647,139.799336,79673,東京地下鉄|東日本旅客鉄道|首都圏新都市鉄道,JR常磐線|東京メトロ日比谷線|つくばエクスプレス
003484,茗荷谷,35.7172,139.736895,78606,東京地下鉄,東京メトロ丸ノ内線
003822,赤坂,35.672113,139.73644,77718,東京地下鉄,東京メトロ千代田線
003292,石神井公園,35.74364,139.606555,76732,西武鉄道,西武池袋線
003782,永田町,35.67816,139.74032,75272,東京地下鉄,東京メトロ南北線|東京メトロ有楽町線|東京メトロ半蔵門線
003704,住吉,35.68878,139.815777,74853,東京地下鉄|東京都,東京メトロ半蔵門線|都営新宿線
003834,外苑前,35.670375,139.717825,74637,東京地下鉄,東京メトロ銀座線
003753,水天宮前,35.683048,139.785128,74355,東京地下鉄,東京メトロ半蔵門線
003884,六本木一丁目,35.665075,139.7389,74305,東京地下鉄,東京メトロ南北線
004069,駒沢大学,35.633035,139.660965,74266,東急電鉄,東急田園都市線
003711,森下,35.688012,139.7981,74094,東京都,都営新宿線|都営大江戸線
003729,半蔵門,35.68538,139.741695,73487,東京地下鉄,東京メトロ半蔵門線
003806,笹塚,35.67366,139.667175,73199,京王電鉄,京王線
004094,学芸大学,35.62877,139.68524,72696,東急電鉄,東急東横線
003840,木場,35.669353,139.807123,72289,東京地下鉄,東京メトロ東西線
003941,麻布十番,35.65565,139.736575,70951,東京地下鉄|東京都,東京メトロ南北線|都営大江戸線
004065,国際展示場,35.63441,139.791695,70461,東京臨海高速鉄道,りんかい線
003546,本郷三丁目,35.70722,139.760459,70357,東京地下鉄|東京都,東京メトロ丸ノ内線|都営大江戸線
003612,東新宿,35.699222,139.707814,68375,東京地下鉄|東京都,東京メトロ副都心線|都営大江戸線
004078,桜新町,35.6317,139.645367,68296,東急電鉄,東急田園都市線
003101,竹ノ塚,35.79437,139.79072,67699,東武鉄道,東武伊勢崎線
003218,十条,35.76039,139.72225,67506,東日本旅客鉄道,JR赤羽線
003470,目白,35.72039,139.70628,67082,東日本旅客鉄道,JR山手線
003529,春日,35.709435,139.752784,65361,東京都,都営三田線|都営大江戸線
003286,板橋,35.745027,139.719197,65264,東日本旅客鉄道,JR赤羽線
004109,用賀,35.62658,139.634247,65061,東急電鉄,東急田園都市線
003972,池尻大橋,35.65071,139.68471,63191,東急電鉄,東急田園都市線
003159,西新井,35.77728,139.790365,62984,東武鉄道,東武伊勢崎線|東武大師線
003561,平井,35.706573,139.842582,62126,東日本旅客鉄道,JR総武線
004331,京急蒲田,35.561699,139.724329,61303,京浜急行電鉄,京急空港線|京急本線
003854,南砂町,35.668415,139.831695,59562,東京地下鉄,東京メトロ東西線
003860,築地,35.667985,139.772548,59492,東京地下鉄,東京メトロ日比谷線
003764,初台,35.68142,139.68827,59407,京王電鉄,京王線
003969,広尾,35.651783,139.722193,58660,東京地下鉄,東京メトロ日比谷線
003745,船堀,35.683785,139.863855,58409,東京都,都営新宿線
003661,淡路町,35.69487,139.767455,57894,東京地下鉄,東京メトロ丸ノ内線
003225,光が丘,35.75847,139.62924,56838,東京都,都営大江戸線
003866,虎ノ門ヒルズ,35.66733,139.747775,56595,東京地下鉄,東京メトロ日比谷線
003737,麹町,35.684785,139.73735,56238,東京地下鉄,東京メトロ有楽町線
003194,東武練馬,35.76865,139.66254,56181,東武鉄道,東武東上本線
003792,京橋,35.676797,139.77017,56104,東京地下鉄,東京メトロ銀座線
003988,千歳船橋,35.647675,139.62453,55873,小田急電鉄,小田急小田原線
003874,下高井戸,35.666069,139.641941,55782,京王電鉄|東急電鉄,京王線|東急世田谷線
003667,瑞江,35.69339,139.89781,55028,東京都,都営新宿線
004123,天王洲アイル,35.621795,139.750895,54707,東京モノレール|東京臨海高速鉄道,りんかい線|東京モノレール
004133,武蔵小山,35.62051,139.70447,54004,東急電鉄,東急目黒線
003156,成増,35.777593,139.632897,53301,東武鉄道,東武東上本線
003604,大久保,35.700635,139.697445,51544,東日本旅客鉄道,JR中央線
003212,上板橋,35.763615,139.676205,51233,東武鉄道,東武東上本線
003163,地下鉄成増,35.77674,139.63117,50698,東京地下鉄,東京メトロ有楽町線
003668,馬喰町,35.693337,139.782385,50414,東日本旅客鉄道,JR総武線
003534,江戸川橋,35.709295,139.73413,49844,東京地下鉄,東京メトロ有楽町線
003690,都庁前,35.69059,139.692625,49779,東京都,都営大江戸線
004215,中延,35.605448,139.71307,49338,東京都|東急電鉄,都営浅草線|東急大井町線
003460,鶯谷,35.721455,139.77803,48920,東日本旅客鉄道,JR東北線
003707,新宿御苑前,35.688525,139.710915,48832,東京地下鉄,東京メトロ丸ノ内線
003280,青砥,35.74587,139.85627,48727,京成電鉄,京成押上線|京成本線
003269,大山,35.74841,139.702623,48683,東武鉄道,東武東上本線
003521,京成上野,35.71131,139.77351,48475,京成電鉄,京成本線
003461,白山,35.72155,139.752297,48388,東京都,都営三田線
004024,祖師ヶ谷大蔵,35.643265,139.609795,47616,小田急電鉄,小田急小田原線
004200,大岡山,35.607135,139.684842,47370,東急電鉄,東急大井町線|東急目黒線
004382,羽田空港第3ターミナル,35.544268,139.768078,47320,京浜急行電鉄|東京モノレール,京急空港線|東京モノレール
003399,三ノ輪,35.729285,139.791165,46924,東京地下鉄,東京メトロ日比谷線
004143,都立大学,35.61785,139.67644,46393,東急電鉄,東急東横線
003675,馬喰横山,35.692075,139.782845,46299,東京都,都営新宿線
003210,東十条,35.76383,139.726745,45690,東日本旅客鉄道,JR東北線
003887,汐留,35.664322,139.760913,45681,ゆりかもめ|東京都,都営大江戸線|ゆりかもめ
004108,東京テレポート,35.627085,139.77806,45645,東京臨海高速鉄道,りんかい線
003432,東池袋,35.72595,139.718865,45348,東京地下鉄,東京メトロ有楽町線
003495,中井,35.714467,139.686478,45031,東京都|西武鉄道,西武新宿線|都営大江戸線
004294,平和島,35.578654,139.734934,44102,京浜急行電鉄,京急本線
003774,信濃町,35.679937,139.721293,43682,東日本旅客鉄道,JR中央線
004270,西馬込,35.587305,139.70632,43636,東京都,都営浅草線
003107,浮間舟渡,35.791264,139.691491,43438,東日本旅客鉄道,JR東北線
003162,北綾瀬,35.77689,139.832095,43371,東京地下鉄,東京メトロ千代田線
003223,ときわ台,35.758905,139.68876,43271,東武鉄道,東武東上本線
003911,御成門,35.660977,139.751487,43230,東京都,都営三田線
003724,一之江,35.68594,139.88289,43043,東京都,都営新宿線
003228,平和台,35.757555,139.6543,42893,東京地下鉄,東京メトロ有楽町線
003713,四谷三丁目,35.687835,139.719325,42890,東京地下鉄,東京メトロ丸ノ内線
003691,竹橋,35.69044,139.75767,42156,東京地下鉄,東京メトロ東西線
003427,上石神井,35.726195,139.59229,41728,西武鉄道,西武新宿線
003560,仲御徒町,35.706655,139.77619,41623,東京地下鉄,東京メトロ日比谷線
003799,国会議事堂前,35.674411,139.744579,40907,東京地下鉄,東京メトロ丸ノ内線|東京メトロ千代田線
003361,要町,35.733215,139.69848,40890,東京地下鉄,東京メトロ有楽町線|東京メトロ副都心線
003474,護国寺,35.71918,139.72745,40640,東京地下鉄,東京メトロ有楽町線
003751,方南町,35.683515,139.657935,40171,東京地下鉄,東京メトロ丸ノ内線
003186,地下鉄赤塚,35.770217,139.643597,40077,東京地下鉄,東京メトロ有楽町線
003578,神楽坂,35.703865,139.73452,40020,東京地下鉄,東京メトロ東西線
003565,篠崎,35.70612,139.903885,39512,東京都,都営新宿線
004219,旗の台,35.605033,139.702763,39338,東急電鉄,東急大井町線|東急池上線
004235,西大井,35.601766,139.721636,39232,東日本旅客鉄道,JR東海道線
003868,乃木坂,35.666593,139.726215,39194,東京地下鉄,東京メトロ千代田線
003655,岩本町,35.695568,139.775288,39177,東京都,都営新宿線
003324,千川,35.738175,139.6894,39136,東京地下鉄,東京メトロ有楽町線|東京メトロ副都心線
003469,入谷,35.720675,139.78455,38480,東京地下鉄,東京メトロ日比谷線
003345,中村橋,35.73667,139.63717,38455,西武鉄道,西武池袋線
003710,久我山,35.68814,139.599325,38168,京王電鉄,京王井の頭線
003842,内幸町,35.669322,139.75541,38025,東京都,都営三田線
003261,氷川台,35.74962,139.66547,37978,東京地下鉄,東京メトロ有楽町線
003558,湯島,35.706787,139.76998,37913,東京地下鉄,東京メトロ千代田線
003752,高井戸,35.68326,139.61523,37789,京王電鉄,京王井の頭線
003836,八幡山,35.670075,139.61448,37716,京王電鉄,京王線
003216,板橋本町,35.7611,139.705605,37555,東京都,都営三田線
003954,赤羽橋,35.65497,139.744195,37465,東京都,都営大江戸線
003544,西早稲田,35.707993,139.70916,37411,東京地下鉄,東京メトロ副都心線
004182,品川シーサイド,35.60979,139.749795,37378,東京臨海高速鉄道,りんかい線
003659,小川町,35.695168,139.766742,37295,東京都,都営新宿線
003130,北赤羽,35.786974,139.705834,36982,東日本旅客鉄道,JR東北線
004025,白金高輪,35.643145,139.734285,36926,東京地下鉄|東京都,東京メトロ南北線|都営三田線
003669,新宿西口,35.69316,139.69916,36754,東京都,都営大江戸線
003200,五反野,35.765905,139.80963,36724,東武鉄道,東武伊勢崎線
003530,田原町,35.709907,139.790347,36681,東京地下鉄,東京メトロ銀座線
003833,新富町,35.670457,139.773773,36625,東京地下鉄,東京メトロ有楽町線
003703,新日本橋,35.688995,139.774162,36522,東日本旅客鉄道,JR総武線
003673,曙橋,35.69233,139.72258,36403,東京都,都営新宿線
003207,王子神谷,35.76509,139.7357,36275,東京地下鉄,東京メトロ南北線
003862,桜上水,35.66764,139.631465,36224,京王電鉄,京王線
003692,小伝馬町,35.690364,139.778808,36068,東京地下鉄,東京メトロ日比谷線
004184,青物横丁,35.60919,139.743135,35970,京浜急行電鉄,京急本線
003176,梅島,35.772345,139.798075,35416,東武鉄道,東武伊勢崎線
003772,二重橋前,35.680505,139.76178,35289,東京地下鉄,東京メトロ千代田線
003632,新高円寺,35.69786,139.64851,35288,東京地下鉄,東京メトロ丸ノ内線
003929,駒場東大前,35.65867,139.684075,35206,京王電鉄,京王井の頭線
004309,池上,35.571945,139.702842,35181,東急電鉄,東急池上線
003323,京成立石,35.73819,139.84816,34621,京成電鉄,京成押上線
003767,千駄ヶ谷,35.681207,139.711453,34572,東日本旅客鉄道,JR中央線
003245,板橋区役所前,35.751305,139.710055,34519,東京都,都営三田線
003543,上野御徒町,35.707974,139.772914,34438,東京都,都営大江戸線
003133,六町,35.78478,139.821805,34213,首都圏新都市鉄道,つくばエクスプレス
003801,銀座一丁目,35.674498,139.766815,33805,東京地下鉄,東京メトロ有楽町線
004042,泉岳寺,35.63813,139.73973,33601,京浜急行電鉄|東京都,都営浅草線|京急本線
003638,新中野,35.697475,139.66951,33550,東京地下鉄,東京メトロ丸ノ内線
003628,東高円寺,35.697965,139.658295,33021,東京地下鉄,東京メトロ丸ノ内線
004157,西小山,35.615435,139.69871,33007,東急電鉄,東急目黒線
003696,西新宿五丁目,35.6899,139.684665,32776,東京都,都営大江戸線
003274,お花茶屋,35.747615,139.839885,32727,京成電鉄,京成本線
003945,梅ヶ丘,35.65602,139.65355,32280,小田急電鉄,小田急小田原線
003337,江古田,35.737465,139.672785,32177,西武鉄道,西武池袋線
003698,大島,35.689766,139.834384,31661,東京都,都営新宿線
004310,下丸子,35.571325,139.68549,31438,東急電鉄,東急多摩川線
003415,千石,35.727965,139.744745,31304,東京都,都営三田線
003796,宝町,35.675666,139.772092,31022,東京都,都営浅草線
004205,尾山台,35.606935,139.65412,30971,東急電鉄,東急大井町線
004367,雑色,35.549775,139.715035,30842,京浜急行電鉄,京急本線
004053,喜多見,35.636487,139.586743,30793,小田急電鉄,小田急小田原線
003928,潮見,35.658865,139.81717,30732,東日本旅客鉄道,JR京葉線
004356,大鳥居,35.55232,139.740225,30660,京浜急行電鉄,京急空港線
004373,天空橋,35.548234,139.754612,30427,京浜急行電鉄|東京モノレール,京急空港線|東京モノレール
003695,東大島,35.689864,139.84728,30424,東京都,都営新宿線
003451,鷺ノ宮,35.72262,139.639845,30388,西武鉄道,西武新宿線
004245,田園調布,35.59729,139.667285,30210,東急電鉄,東急東横線|東急目黒線
003165,志村坂上,35.77634,139.69473,30150,東京都,都営三田線
003158,志村三丁目,35.777465,139.68586,30055,東京都,都営三田線
003794,永福町,35.676225,139.64267,30039,京王電鉄,京王井の頭線
003791,幡ヶ谷,35.67676,139.67772,29965,京王電鉄,京王線
004050,祐天寺,35.63717,139.69075,29907,東急電鉄,東急東横線
003479,曳舟,35.71851,139.816673,29890,東武鉄道,東武伊勢崎線|東武亀戸線
003293,西巣鴨,35.743415,139.728725,29560,東京都,都営三田線
003305,豊島園,35.741822,139.648613,29508,東京都|西武鉄道,西武豊島線|都営大江戸線
003419,武蔵関,35.727615,139.576365,29438,西武鉄道,西武新宿線
004012,葛西臨海公園,35.64417,139.861485,29022,東日本旅客鉄道,JR京葉線
004114,不動前,35.625423,139.71315,29015,東急電鉄,東急目黒線
003367,新江古田,35.73249,139.670567,28904,東京都,都営大江戸線
003845,代々木公園,35.669123,139.68965,28862,東京地下鉄,東京メトロ千代田線
003623,若松河田,35.699165,139.718185,28849,東京都,都営大江戸線
003985,代官山,35.64825,139.70349,28772,東急電鉄,東急東横線
003571,蔵前,35.704624,139.791802,28718,東京都,都営浅草線|都営大江戸線
003434,千駄木,35.725988,139.763375,28507,東京地下鉄,東京メトロ千代田線
004061,高輪ゲートウェイ,35.635379,139.740644,28418,東日本旅客鉄道,JR東海道線
004349,糀谷,35.55445,139.72959,28346,京浜急行電鉄,京急空港線
003962,芝公園,35.653747,139.749765,28023,東京都,都営三田線
003483,根津,35.717325,139.76575,27937,東京地下鉄,東京メトロ千代田線
003586,末広町,35.70284,139.77177,27833,東京地下鉄,東京メトロ銀座線
003117,高島平,35.788935,139.661295,27789,東京都,都営三田線
003233,中板橋,35.75628,139.694385,27781,東武鉄道,東武東上本線
003999,辰巳,35.645775,139.81033,27776,東京地下鉄,東京メトロ有楽町線
003349,富士見台,35.73585,139.629815,27732,西武鉄道,西武池袋線
003702,西大島,35.689343,139.826297,27698,東京都,都営新宿線
003619,南阿佐ヶ谷,35.699455,139.635575,27693,東京地下鉄,東京メトロ丸ノ内線
003763,浜田山,35.681575,139.627575,27565,京王電鉄,京王井の頭線
003960,豪徳寺,35.653703,139.646997,27512,小田急電鉄,小田急小田原線
003481,東大前,35.718112,139.757832,27311,東京地下鉄,東京メトロ南北線
003448,落合南長崎,35.723435,139.683458,27118,東京都,都営大江戸線
004191,等々力,35.60837,139.64796,27098,東急電鉄,東急大井町線
003523,落合,35.710635,139.685965,26664,東京地下鉄,東京メトロ東西線
003314,練馬高野台,35.740615,139.616835,26372,西武鉄道,西武池袋線
004248,馬込,35.596367,139.711837,26346,東京都,都営浅草線
003431,新大塚,35.726093,139.729407,25769,東京地下鉄,東京メトロ丸ノ内線
004317,武蔵新田,35.567755,139.692435,25710,東急電鉄,東急多摩川線
003545,上野広小路,35.7076,139.772967,25666,東京地下鉄,東京メトロ銀座線
003128,西台,35.78708,139.67268,25605,東京都,都営三田線
003393,東長崎,35.72997,139.683185,25544,西武鉄道,西武池袋線
004329,矢口渡,35.56245,139.70034,25506,東急電鉄,東急多摩川線
003676,東日本橋,35.69171,139.784779,25398,東京都,都営浅草線
003193,本蓮沼,35.768985,139.70211,25190,東京都,都営三田線
003268,新板橋,35.74884,139.719365,24762,東京都,都営三田線
003709,菊川,35.688407,139.806103,24573,東京都,都営新宿線
003502,浅草,35.71393,139.792455,24412,首都圏新都市鉄道,つくばエクスプレス
004361,羽田空港第2ターミナル,35.550795,139.7882,24342,東京モノレール,東京モノレール
003359,三河島,35.733353,139.777287,24202,東日本旅客鉄道,JR常磐線
003780,北参道,35.678237,139.705643,23768,東京地下鉄,東京メトロ副都心線
004273,御嶽山,35.585153,139.68242,23587,東急電鉄,東急池上線
003195,京成金町,35.76845,139.87035,23574,京成電鉄,京成金町線
003473,野方,35.719587,139.653493,23415,西武鉄道,西武新宿線
003290,京成関屋,35.743965,139.81185,23344,京成電鉄,京成本線
003886,築地市場,35.66496,139.76675,23281,東京都,都営大江戸線
003243,練馬春日町,35.75136,139.64076,22655,東京都,都営大江戸線
003444,下井草,35.72387,139.624735,22499,西武鉄道,西武新宿線
004259,雪が谷大塚,35.591965,139.681125,22365,東急電鉄,東急池上線
004175,上野毛,35.61199,139.638913,22230,東急電鉄,東急大井町線
003273,堀切菖蒲園,35.74765,139.82754,22096,京成電鉄,京成本線
004307,大森町,35.5725,139.73201,21817,京浜急行電鉄,京急本線
004261,多摩川,35.589469,139.66874,21510,東急電鉄,東急東横線|東急多摩川線
003538,本所吾妻橋,35.708593,139.804473,21482,東京都,都営浅草線
003706,浜町,35.68859,139.788125,21447,東京都,都営新宿線
004161,戸越,35.614425,139.716375,21299,東京都,都営浅草線
004372,羽田空港第1ターミナル,35.54914,139.78461,21124,東京モノレール,東京モノレール
003441,本駒込,35.724413,139.753803,21070,東京地下鉄,東京メトロ南北線
003278,尾久,35.74687,139.753725,20858,東日本旅客鉄道,JR東北線
003288,牛田,35.744545,139.81177,20820,東武鉄道,東武伊勢崎線
004364,穴守稲荷,35.550333,139.746717,20698,京浜急行電鉄,京急空港線
003426,椎名町,35.726495,139.694315,20617,西武鉄道,西武池袋線
003679,中野新橋,35.691697,139.674005,20570,東京地下鉄,東京メトロ丸ノ内線
003618,牛込柳町,35.69946,139.72519,19954,東京都,都営大江戸線
004112,台場,35.62587,139.771375,19936,ゆりかもめ,ゆりかもめ
003477,京成曳舟,35.71864,139.82028,19929,京成電鉄,京成押上線
003489,新井薬師前,35.715802,139.672497,19709,西武鉄道,西武新宿線
004299,鵜の木,35.575385,139.68055,19463,東急電鉄,東急多摩川線
003471,雑司が谷,35.7202,139.714715,19401,東京地下鉄,東京メトロ副都心線
004155,戸越銀座,35.61601,139.715,19370,東急電鉄,東急池上線
003140,蓮根,35.784055,139.67906,19363,東京都,都営三田線
003688,中野富士見町,35.69082,139.668155,19307,東京地下鉄,東京メトロ丸ノ内線
004087,東京ビッグサイト,35.63021,139.7913,19291,ゆりかもめ,ゆりかもめ
003442,東向島,35.724355,139.819335,19220,東武鉄道,東武伊勢崎線
003519,稲荷町,35.711403,139.78212,18891,東京地下鉄,東京メトロ銀座線
003437,上井草,35.725255,139.602955,18819,西武鉄道,西武新宿線
003440,井荻,35.724663,139.615547,18679,西武鉄道,西武新宿線
003837,代々木八幡,35.669716,139.689044,18567,小田急電鉄,小田急小田原線
003376,四ツ木,35.731715,139.834655,18180,京成電鉄,京成押上線
003303,京成小岩,35.742215,139.883615,18036,京成電鉄,京成本線
003475,沼袋,35.71916,139.66484,18003,西武鉄道,西武新宿線
003453,都立家政,35.72219,139.64543,17816,西武鉄道,西武新宿線
004244,立会川,35.598505,139.738945,17669,京浜急行電鉄,京急本線
003777,西永福,35.678875,139.635155,17596,京王電鉄,京王井の頭線
003830,代田橋,35.671075,139.659395,17148,京王電鉄,京王線
004239,洗足池,35.599675,139.690925,17037,東急電鉄,東急池上線
004044,白金台,35.63777,139.72586,16791,東京地下鉄|東京都,東京メトロ南北線|都営三田線
003301,千住大橋,35.74241,139.79705,16762,京成電鉄,京成本線
004001,市場前,35.64569,139.78565,16534,ゆりかもめ,ゆりかもめ
004319,梅屋敷,35.566785,139.72817,16426,京浜急行電鉄,京急本線
004399,六郷土手,35.54053,139.707565,16205,京浜急行電鉄,京急本線
003285,下板橋,35.745068,139.715615,16048,東武鉄道,東武東上本線
004285,流通センター,35.581445,139.749185,15693,東京モノレール,東京モノレール
004292,久が原,35.579455,139.68567,15640,東急電鉄,東急池上線
003899,東松原,35.662636,139.655758,15426,京王電鉄,京王井の頭線
004305,千鳥町,35.573,139.69142,15216,東急電鉄,東急池上線
003153,志茂,35.778025,139.7325,15187,東京地下鉄,東京メトロ南北線
004225,荏原町,35.60381,139.707545,15179,東急電鉄,東急大井町線
004153,新馬場,35.616662,139.741498,15099,京浜急行電鉄,京急本線
003321,桜台,35.738745,139.6624,15032,西武鉄道,西武池袋線
004232,長原,35.60223,139.69797,14880,東急電鉄,東急池上線
004247,石川台,35.59686,139.68509,14877,東急電鉄,東急池上線
003184,下赤塚,35.770485,139.64485,14727,東武鉄道,東武東上本線
004034,東雲,35.64082,139.80416,14700,東京臨海高速鉄道,りんかい線
003849,上北沢,35.668845,139.623415,14678,京王電鉄,京王線
003422,八広,35.727197,139.828317,14618,京成電鉄,京成押上線
003277,上中里,35.746888,139.746286,14482,東日本旅客鉄道,JR東北線
004180,洗足,35.61009,139.694105,14288,東急電鉄,東急目黒線
003832,芦花公園,35.670547,139.608403,14016,京王電鉄,京王線
004079,高輪台,35.631545,139.730192,13969,東京都,都営浅草線
003060,見沼代親水公園,35.814605,139.7707,13889,東京都,日暮里・舎人ライナー
003775,国立競技場,35.679893,139.71472,13711,東京都,都営大江戸線
003602,牛込神楽坂,35.700915,139.73604,13686,東京都,都営大江戸線
004268,大森海岸,35.58741,139.735308,13644,京浜急行電鉄,京急本線
004186,戸越公園,35.60893,139.71839,13597,東急電鉄,東急大井町線
004091,お台場海浜公園,35.629805,139.77853,13435,ゆりかもめ,ゆりかもめ
003177,青井,35.772,139.820245,13288,首都圏新都市鉄道,つくばエクスプレス
003778,参宮橋,35.678605,139.693585,13182,小田急電鉄,小田急小田原線
003787,桜田門,35.677442,139.751814,13129,東京地下鉄,東京メトロ有楽町線
003736,富士見ヶ丘,35.684805,139.607233,13091,京王電鉄,京王井の頭線
003104,西高島平,35.791895,139.645685,12970,東京都,都営三田線
003171,江北,35.773785,139.770345,12958,東京都,日暮里・舎人ライナー
003355,鐘ヶ淵,35.73376,139.82037,12929,東武鉄道,東武伊勢崎線
004181,荏原中延,35.6099,139.71203,12777,東急電鉄,東急池上線
004216,九品仏,35.605375,139.66101,12729,東急電鉄,東急大井町線
003150,大師前,35.77895,139.781655,12621,東武鉄道,東武大師線
003144,西新井大師西,35.78116,139.77014,12405,東京都,日暮里・舎人ライナー
004223,奥沢,35.603945,139.67241,12146,東急電鉄,東急目黒線
003491,下落合,35.715695,139.69529,11882,西武鉄道,西武新宿線
003525,小村井,35.71032,139.82761,11154,東武鉄道,東武亀戸線
003120,谷在家,35.78868,139.7701,11064,東京都,日暮里・舎人ライナー
003938,神泉,35.65718,139.693252,10963,京王電鉄,京王井の頭線
003859,越中島,35.668,139.792495,10880,東日本旅客鉄道,JR京葉線
003209,扇大橋,35.764135,139.77085,10663,東京都,日暮里・舎人ライナー
003981,新豊洲,35.64871,139.790115,10511,ゆりかもめ,ゆりかもめ
003315,北池袋,35.740335,139.716395,10356,東武鉄道,東武東上本線
004279,沼部,35.58249,139.67317,10289,東急電鉄,東急多摩川線
004210,緑が丘,35.606475,139.67915,10090,東急電鉄,東急大井町線
003311,新桜台,35.74098,139.668573,9867,西武鉄道,西武有楽町線
004220,鮫洲,35.60507,139.742445,9677,京浜急行電鉄,京急本線
003931,世田谷代田,35.658355,139.6616,9582,小田急電鉄,小田急小田原線
003078,舎人,35.80572,139.770135,9542,東京都,日暮里・舎人ライナー
003112,新高島平,35.79022,139.65433,9534,東京都,都営三田線
004017,松陰神社前,35.643885,139.65499,9531,東急電鉄,東急世田谷線
003266,熊野前,35.748712,139.769603,9390,東京都,都電荒川線|日暮里・舎人ライナー
004188,下神明,35.60871,139.72631,9364,東急電鉄,東急大井町線
004144,テレコムセンター,35.617725,139.779665,9267,ゆりかもめ,ゆりかもめ
003239,王子駅前,35.75273,139.738227,9239,東京都,都電荒川線
003914,池ノ上,35.66037,139.673455,9179,京王電鉄,京王井の頭線
004064,有明,35.63455,139.79334,9102,ゆりかもめ,ゆりかもめ
004125,北品川,35.622426,139.73931,8977,京浜急行電鉄,京急本線
003279,西ヶ原,35.745945,139.74226,8976,東京地下鉄,東京メトロ南北線
004037,有明テニスの森,35.63998,139.788895,8868,ゆりかもめ,ゆりかもめ
004020,上町,35.6436,139.646377,8814,東急電鉄,東急世田谷線
003901,新代田,35.662495,139.66139,8765,京王電鉄,京王井の頭線
003232,柴又,35.75643,139.875283,8624,京成電鉄,京成金町線
003299,町屋駅前,35.742775,139.780775,8555,東京都,都電荒川線
004323,蓮沼,35.56396,139.7086,8254,東急電鉄,東急池上線
003880,東北沢,35.66544,139.67304,8030,小田急電鉄,小田急小田原線
003378,大塚駅前,35.73162,139.729455,7990,東京都,都電荒川線
003548,東あずま,35.707375,139.831595,7938,東武鉄道,東武亀戸線
003957,山下,35.654246,139.646437,7784,東急電鉄,東急世田谷線
004127,大崎広小路,35.622305,139.722355,7648,東急電鉄,東急池上線
003996,若林,35.645925,139.65991,7606,東急電鉄,東急世田谷線
004021,世田谷,35.643495,139.65084,7592,東急電鉄,東急世田谷線
004212,北千束,35.60628,139.69327,7266,東急電鉄,東急大井町線
003196,高野,35.768255,139.77072,6635,東京都,日暮里・舎人ライナー
003224,小菅,35.758685,139.81265,6261,東武鉄道,東武伊勢崎線
003331,江戸川,35.737835,139.895872,6229,京成電鉄,京成本線
003339,新三河島,35.737342,139.774168,5882,京成電鉄,京成本線
004312,昭和島,35.57067,139.749927,5862,東京モノレール,東京モノレール
003098,舎人公園,35.796665,139.77012,5729,東京都,日暮里・舎人ライナー
003298,赤土小学校前,35.74306,139.76913,5630,東京都,日暮里・舎人ライナー
003244,新柴又,35.75135,139.87982,5520,北総鉄道,北総線
003958,竹芝,35.654065,139.762015,5132,ゆりかもめ,ゆりかもめ
004030,芝浦ふ頭,35.64222,139.75787,5032,ゆりかもめ,ゆりかもめ
003610,亀戸水神,35.699945,139.83339,4434,東武鉄道,東武亀戸線
004393,新整備場,35.542793,139.786798,4366,東京モノレール,東京モノレール
003297,堀切,35.743345,139.81738,4217,東武鉄道,東武伊勢崎線
003989,宮の坂,35.64755,139.64492,4002,東急電鉄,東急世田谷線
003750,南新宿,35.68361,139.698717,3926,小田急電鉄,小田急小田原線
003436,東池袋四丁目,35.7255,139.720735,3743,東京都,都電荒川線
003235,足立小台,35.754635,139.770205,3685,東京都,日暮里・舎人ライナー
004128,東京国際クルーズターミナル,35.621357,139.773103,3503,ゆりかもめ,ゆりかもめ
003252,荒川車庫前,35.75086,139.752805,3350,東京都,都電荒川線
003370,三ノ輪橋,35.73222,139.791505,3266,東京都,都電荒川線
003255,小台,35.75049,139.761735,3186,東京都,都電荒川線
003514,早稲田,35.711875,139.719055,3179,東京都,都電荒川線
003915,松原,35.6602,139.641895,3113,東急電鉄,東急世田谷線
003259,宮ノ前,35.749885,139.765765,3101,東京都,都電荒川線
003310,新庚申塚,35.741105,139.73035,2649,東京都,都電荒川線
003246,梶原,35.75107,139.7473,2628,東京都,都電荒川線
003468,鬼子母神前,35.72058,139.715155,2564,東京都,都電荒川線
003289,西ヶ原四丁目,35.744235,139.732685,2515,東京都,都電荒川線
004119,青海,35.6248,139.781315,2455,ゆりかもめ,ゆりかもめ
003319,庚申塚,35.739125,139.729555,2450,東京都,都電荒川線
003979,日の出,35.64926,139.75916,2441,ゆりかもめ,ゆりかもめ
003254,荒川遊園地前,35.75065,139.757453,2207,東京都,都電荒川線
004348,整備場,35.5551,139.75336,1749,東京モノレール,東京モノレール
003490,学習院下,35.71575,139.71231,1716,東京都,都電荒川線
003350,荒川区役所前,35.735365,139.78601,1689,東京都,都電荒川線
003276,滝野川一丁目,35.7473,139.735415,1610,東京都,都電荒川線
003284,東尾久三丁目,35.745647,139.773817,1563,東京都,都電荒川線
003407,向原,35.728765,139.724805,1460,東京都,都電荒川線
003351,巣鴨新田,35.73516,139.72791,1180,東京都,都電荒川線
003443,都電雑司ヶ谷,35.724067,139.717817,1067,東京都,都電荒川線
003256,飛鳥山,35.750065,139.73732,993,東京都,都電荒川線
003322,荒川二丁目,35.7386,139.78469,845,東京都,都電荒川線
003509,面影橋,35.712855,139.714675,822,東京都,都電荒川線
003253,栄町,35.75084,139.74222,789,東京都,都電荒川線
003291,町屋二丁目,35.743915,139.776425,775,東京都,都電荒川線
004006,西太子堂,35.64452,139.66635,734,東急電鉄,東急世田谷線
003357,荒川一中前,35.73369,139.788805,699,東京都,都電荒川線
003306,荒川七丁目,35.742,139.784045,473,東京都,都電荒川線
003524,とうきょうスカイツリー,35.710465,139.809395,,東武鉄道,東武伊勢崎線
003488,上野動物園東園,35.715753,139.770082,,東京都,都営上野懸垂線
003497,上野動物園西園,35.714315,139.76969,,東京都,都営上野懸垂線
