name,note,reason
羽田空港第1・第2ターミナル,羽田空港の第1・第2ターミナルに直結する京急の駅。利用者の多くは空港の旅客と空港で働く人で、飲食店の多くはターミナルビルの中にある。駅のまわりに住宅はない。,空港。乗降客・飲食店とも空港の旅客と従業員が中心で、周辺の人口・従業者のデータが当てはまらない
羽田空港第3ターミナル,羽田空港の国際線ターミナル（第3ターミナル）に直結する駅。利用者の多くは空港の旅客と空港で働く人で、飲食店の多くはターミナルビルの中にある。駅のまわりに住宅はない。,空港
羽田空港第1ターミナル,羽田空港の第1ターミナルに直結する東京モノレールの駅。利用者の多くは空港の旅客と空港で働く人で、飲食店の多くはターミナルビルの中にある。駅のまわりに住宅はない。,空港
羽田空港第2ターミナル,羽田空港の第2ターミナルに直結する東京モノレールの駅。利用者の多くは空港の旅客と空港で働く人で、飲食店の多くはターミナルビルの中にある。駅のまわりに住宅はない。,空港
新整備場,羽田空港の整備場地区にある駅。航空会社の格納庫・整備施設や事務所が集まり、利用者の多くは空港で働く人。駅のまわりに住宅はない。,空港の業務地区
整備場,羽田空港の整備場地区にある駅。航空会社の格納庫・整備施設や事務所が集まり、利用者の多くは空港で働く人。駅のまわりに住宅はほとんどない。,空港の業務地区
東京ビッグサイト,東京ビッグサイト（東京国際展示場）の最寄り駅。利用者は展示会・イベントの来場者が中心で、開催日とそうでない日で人の流れが大きく変わる。駅のまわりに住宅はほとんどない。,展示場。需要が開催日に大きく左右される
国際展示場,東京ビッグサイト（東京国際展示場）の最寄り駅の一つ（りんかい線）。展示会・イベントの来場者が多く、開催日とそうでない日で人の流れが大きく変わる。駅の近くには有明地区のオフィスやマンションもある。,展示場。需要が開催日に大きく左右される
市場前,豊洲市場の最寄り駅。利用者は市場で働く人と、市場の見学・飲食店を目当てに訪れる人が中心で、市場の営業日・時間帯（早朝）に人の流れが偏る。,市場。需要が市場の営業日・早朝に偏る
流通センター,東京流通センターなどの物流施設が集まる地区の駅。利用者の多くは物流施設や事務所で働く人で、駅のまわりに住宅はほとんどない。,物流地区
新木場,木材・物流の倉庫や工場が集まる埋め立て地の駅。JR京葉線・りんかい線・東京メトロ有楽町線の乗り換え駅で、乗降客数には乗り換えの利用が多く含まれる。駅のまわりに住宅はほとんどない。,倉庫・工場地区と乗り換え。乗降客数が駅まわりの需要を表さない
昭和島,京浜運河の埋め立て地にある、工場・倉庫が集まる地区の駅。利用者の多くは地区内で働く人で、駅のまわりに住宅はない。,工場・倉庫地区（半径の円に運河の対岸の住宅地が入り、人口のデータが当てはまらない）
葛西臨海公園,都立葛西臨海公園の最寄り駅。駅のまわりは公園と海で、利用者は休日の行楽客（公園・水族園）が中心。飲食店は公園の中と駅の近くにわずかにある。,大きな公園。需要が休日の行楽に偏る
東京国際クルーズターミナル,大型客船が発着する東京国際クルーズターミナルの最寄り駅。臨海副都心の青海地区にあり、まわりはオフィス・研究施設や物流施設が中心で、住宅は少ない。,客船ターミナル
