station,name,radius,人口,世帯数,0〜14歳,15〜19歳,20〜34歳,35〜49歳,50〜64歳,65歳以上,1人世帯,外国人
003922,渋谷,250,242,192,9,2,51,35,20,36,157,7
003922,渋谷,500,4628,3183,313,73,843,969,663,727,2335,171
003922,渋谷,1000,31632,20084,2767,684,5566,7297,5176,5461,13496,1416
003700,新宿,250,67,51,1,1,4,10,9,16,39,1
003700,新宿,500,1068,777,29,62,198,218,172,190,578,36
003700,新宿,1000,25572,18626,1420,521,5997,6206,3708,3853,14184,1714
003390,池袋,250,645,407,59,23,172,206,94,74,259,84
003390,池袋,500,6965,4757,488,162,2101,1985,1076,996,3384,1011
003390,池袋,1000,59082,38624,4365,1529,17011,14963,9761,10186,26706,7578
003260,北千住,250,2219,1317,146,45,376,441,428,620,772,73
003260,北千住,500,13762,8148,955,367,2664,2942,2500,3404,4880,454
003260,北千住,1000,52966,29913,4482,1564,10339,11628,9306,12508,16955,1664
003766,東京,250,9,6,0,0,1,2,2,5,6,1
003766,東京,500,112,76,5,2,11,27,20,43,58,9
003766,東京,1000,4245,2740,330,117,1138,1223,797,685,1869,123
004095,品川,250,408,274,34,9,42,81,82,61,195,21
004095,品川,500,4157,2502,385,125,490,876,871,858,1492,174
004095,品川,1000,40057,21923,5219,1130,5923,10153,7464,7579,11922,1462
003508,高田馬場,250,2512,1721,165,56,606,570,381,436,1239,312
003508,高田馬場,500,14259,9400,1060,397,3457,3176,2226,2624,6501,1724
003508,高田馬場,1000,59815,36662,5362,2039,13572,12986,9701,11362,23712,5860
003872,新橋,250,214,147,14,7,39,49,31,76,102,20
003872,新橋,500,2084,1503,114,34,537,537,351,436,1119,123
003872,新橋,1000,13788,9425,1080,234,3496,3459,2276,2089,6807,750
003624,秋葉原,250,1148,710,105,24,262,342,184,226,456,60
003624,秋葉原,500,8453,5187,872,177,2185,2557,1271,1366,3329,452
003624,秋葉原,1000,48973,30939,4497,1009,13390,14050,7489,7615,20253,3125
004072,目黒,250,3770,2318,362,90,702,972,622,608,1482,223
004072,目黒,500,17648,10366,1956,374,3438,5041,3003,2681,6099,1004
004072,目黒,1000,65590,38063,7091,1569,13286,18147,11228,10752,22380,3116
003505,上野,250,707,454,41,12,154,147,136,193,302,78
003505,上野,500,5014,3074,387,112,1167,1226,902,1088,1912,587
003505,上野,1000,44650,26491,4003,1128,10011,11465,8161,8862,15870,3761
003526,押上,250,3857,2318,323,105,972,1004,728,707,1416,99
003526,押上,500,17259,9547,1647,500,3981,4237,3220,3615,5194,456
003526,押上,1000,76232,41320,7584,2248,16463,18313,13993,17383,21683,2630
004330,蒲田,250,3102,2242,149,63,717,670,533,546,1679,282
004330,蒲田,500,16975,11541,1007,377,3909,3744,3057,2935,8194,1290
004330,蒲田,1000,76102,46157,5857,2252,16755,16587,13775,15323,29278,4027
003568,中野,250,2118,1414,153,32,499,542,362,369,952,81
003568,中野,500,13926,8798,1144,295,3334,3582,2429,2307,5627,668
003568,中野,1000,74877,47186,5789,2172,19131,18089,12422,12796,31073,3558
003719,大手町,250,7,6,0,0,2,1,0,1,3,0
003719,大手町,500,292,215,20,13,178,62,33,49,231,7
003719,大手町,1000,5238,3430,460,107,1656,1430,826,853,2443,214
003795,有楽町,250,5,5,1,0,0,3,0,5,5,0
003795,有楽町,500,74,48,9,2,4,19,11,29,31,3
003795,有楽町,1000,4131,2740,267,91,855,1189,894,810,1827,138
003214,綾瀬,250,4150,2526,362,98,1108,1002,768,545,1563,242
003214,綾瀬,500,15669,9360,1401,426,4065,3576,2871,2448,5767,779
003214,綾瀬,1000,57530,30666,5485,1929,13456,12906,10831,10775,16905,2970
004014,中目黒,250,3746,2384,314,63,803,1172,615,646,1529,144
004014,中目黒,500,15082,9157,1427,309,3179,4436,2625,2666,5618,583
004014,中目黒,1000,58844,33649,6313,1535,12129,16035,10287,10329,19453,2121
004110,五反田,250,3095,2065,279,50,595,792,528,417,1445,139
004110,五反田,500,16840,10415,1759,320,3243,4456,2958,2367,6618,740
004110,五反田,1000,68663,39832,7869,1676,13186,18124,11861,10884,23637,2619
004197,大井町,250,3101,2013,258,57,701,754,547,464,1349,94
004197,大井町,500,17002,10336,1730,374,3716,4253,2900,2679,6503,467
004197,大井町,1000,70400,40412,7644,2076,14973,17187,11854,12455,23870,1799
003991,恵比寿,250,2656,1854,175,35,472,682,413,410,1360,71
003991,恵比寿,500,14606,9670,1151,247,2602,3755,2461,2346,6681,490
003991,恵比寿,1000,57812,35938,5303,1298,10797,14847,10036,9578,23250,2252
003368,西日暮里,250,2599,1513,252,79,613,649,458,506,880,248
003368,西日暮里,500,16904,9721,1700,510,3958,4290,2963,3147,5567,1579
003368,西日暮里,1000,74506,42121,7696,2280,17659,18262,12770,14136,24093,7031
003417,日暮里,250,3229,1864,323,93,690,820,641,586,1056,325
003417,日暮里,500,14563,8452,1419,402,3395,3657,2646,2751,4860,1653
003417,日暮里,1000,66104,37825,6435,2029,14777,15831,11805,13521,21942,6905
003294,小竹向原,250,3430,2016,310,102,866,747,586,594,1216,118
003294,小竹向原,500,15237,8651,1380,457,3895,3466,2453,2697,5189,433
003294,小竹向原,1000,60577,34324,5460,2042,14347,13219,10588,11793,20230,1748
003595,飯田橋,250,2568,1326,384,90,351,633,516,494,658,64
003595,飯田橋,500,9092,5071,1184,268,1532,2234,1706,1558,2884,311
003595,飯田橋,1000,45421,26093,5126,1266,8573,11258,8474,7676,15439,1671
003639,錦糸町,250,2099,1334,164,43,523,589,398,380,843,236
003639,錦糸町,500,15713,9578,1432,386,3831,4358,2921,2745,5782,1675
003639,錦糸町,1000,75695,43914,7350,2052,18917,19634,13448,13931,25367,5904
003997,新木場,250,0,0,0,0,0,0,0,0,0,0
003997,新木場,500,3,3,0,0,0,0,0,0,0,0
003997,新木場,1000,382,202,50,13,114,99,84,33,117,23
003728,四ツ谷,250,706,371,90,26,114,148,127,151,204,28
003728,四ツ谷,500,5992,3156,785,214,943,1335,1104,1246,1664,201
003728,四ツ谷,1000,33903,19013,4156,1090,6050,8225,6160,6121,11008,1224
004135,大崎,250,2670,1498,312,60,425,656,544,514,800,99
004135,大崎,500,18307,9721,2476,470,2858,4902,3473,3152,4846,648
004135,大崎,1000,65385,37413,7377,1720,12423,16548,11493,11417,21666,2159
003671,市ヶ谷,250,2147,1014,331,126,341,533,399,348,473,54
003671,市ヶ谷,500,10073,4848,1593,486,1549,2555,1896,1713,2242,326
003671,市ヶ谷,1000,43108,21952,6155,1662,7256,11029,8190,7122,11240,1580
003847,代々木上原,250,3590,2168,323,90,665,881,638,613,1349,94
003847,代々木上原,500,14131,7975,1565,396,2491,3489,2556,2435,4605,433
003847,代々木上原,1000,60217,35397,6211,1624,12316,15423,10394,10233,21486,1904
003949,浜松町,250,1481,875,174,27,306,434,279,222,514,96
003949,浜松町,500,6801,4184,728,145,1547,1934,1193,876,2627,419
003949,浜松町,1000,24474,15654,2515,495,6046,6760,4138,3175,10515,1382
004000,田町,250,1009,612,115,21,207,267,158,176,376,47
004000,田町,500,9786,6102,1082,191,2103,2489,1555,1902,3927,489
004000,田町,1000,55935,31756,7618,1328,11367,16059,9840,8141,18181,3213
003575,荻窪,250,4408,2839,413,86,915,1148,748,692,1896,124
003575,荻窪,500,18091,11761,1509,337,4121,4488,3093,3023,7941,540
003575,荻窪,1000,62566,37371,5774,1610,13673,14596,11149,11739,22873,1766
003951,豊洲,250,3060,1377,531,126,462,872,563,496,480,161
003951,豊洲,500,16519,6857,3333,752,2170,5186,3228,1819,1890,928
003951,豊洲,1000,59122,24979,11335,2465,8385,18222,11160,7405,7195,3741
003677,神田,250,1830,1179,173,28,537,496,291,300,794,81
003677,神田,500,7907,5003,773,148,2232,2298,1203,1239,3289,322
003677,神田,1000,28720,17991,3006,588,7908,8807,4500,3905,11768,1245
003615,御茶ノ水,250,799,504,77,17,200,227,111,124,331,16
003615,御茶ノ水,500,7142,4597,627,178,2052,1709,940,1110,3172,197
003615,御茶ノ水,1000,39345,24899,3684,850,10314,9613,5896,6444,16512,1552
003823,銀座,250,36,18,4,1,3,6,8,11,7,0
003823,銀座,500,895,598,58,19,152,243,199,223,402,28
003823,銀座,1000,10704,7215,762,216,2482,3135,2208,1830,5001,377
003908,下北沢,250,2980,1969,169,67,841,763,544,585,1348,100
003908,下北沢,500,13628,8650,922,346,3773,3483,2460,2594,5700,491
003908,下北沢,1000,56809,34190,4743,1742,14626,14078,10260,10902,21194,1962
003756,日本橋,250,448,323,32,5,133,147,83,48,244,14
003756,日本橋,500,2248,1526,200,29,591,746,400,275,1067,71
003756,日本橋,1000,25450,15487,2749,472,5820,8168,4784,3396,9468,834
003651,神保町,250,2042,1287,185,40,503,450,390,431,836,69
003651,神保町,500,6212,3743,688,153,1503,1591,1090,1133,2324,221
003651,神保町,1000,21210,12965,2217,582,5474,5259,3484,3538,8307,740
003657,九段下,250,1384,876,140,45,313,391,242,233,591,70
003657,九段下,500,6305,3601,753,206,1309,1654,1201,1135,2113,232
003657,九段下,1000,21879,12272,2864,680,4469,5582,4001,3733,6879,833
003689,新宿三丁目,250,523,401,10,5,104,124,84,112,347,28
003689,新宿三丁目,500,3989,3196,112,43,962,955,588,642,2677,271
003689,新宿三丁目,1000,31956,22788,2004,679,7073,7781,4915,4864,17226,2470
003522,浅草,250,2200,1311,163,56,382,530,484,552,771,58
003522,浅草,500,11860,7100,895,287,2344,2972,2467,2772,4197,456
003522,浅草,1000,65877,37938,6019,1629,13561,16919,12979,14303,21630,2773
003155,赤羽,250,3331,1869,335,86,621,897,658,719,993,162
003155,赤羽,500,15333,8781,1449,379,3280,3862,2918,3372,4941,821
003155,赤羽,1000,58975,32615,5591,1697,12100,13594,10583,15024,17655,2727
003354,巣鴨,250,3708,2295,347,100,929,923,641,673,1472,305
003354,巣鴨,500,17486,10067,1831,549,4070,4263,3172,3091,5927,1211
003354,巣鴨,1000,75069,43098,7674,2467,17403,17630,12936,14806,25400,5092
003892,六本木,250,1562,986,165,34,320,439,268,329,651,128
003892,六本木,500,8340,5204,985,195,1555,2310,1512,1371,3443,916
003892,六本木,1000,42092,24789,5289,1113,7894,11651,8094,6772,15116,4526
003580,水道橋,250,1592,1007,158,35,356,348,242,240,671,46
003580,水道橋,500,9568,5534,1121,266,2072,2170,1615,1540,3283,344
003580,水道橋,1000,43321,25348,4841,1185,9458,9990,7388,7359,15450,1622
003236,王子,250,2533,1421,240,79,617,595,448,552,791,180
003236,王子,500,13482,7554,1375,427,3310,3387,2263,2701,4273,838
003236,王子,1000,56686,30788,5558,1956,12034,12794,9644,14548,16550,2840
003883,表参道,250,943,501,100,30,105,190,196,284,235,36
003883,表参道,500,5786,3041,713,187,690,1253,1207,1418,1500,268
003883,表参道,1000,29127,16206,3399,840,4069,6846,5846,5968,9010,1270
003328,練馬,250,4554,3051,298,92,1191,1137,735,680,2131,159
003328,練馬,500,19865,12759,1501,462,5122,4598,3303,3343,8510,691
003328,練馬,1000,68501,40764,6394,1978,16506,15687,11477,12353,25108,2220
003797,八丁堀,250,3721,2188,395,65,816,1211,682,533,1243,171
003797,八丁堀,500,16021,9518,1760,267,3873,5017,2936,2121,5580,740
003797,八丁堀,1000,46147,27230,5109,919,9982,13949,9126,6963,15907,2148
004264,大森,250,3477,2040,345,78,607,837,641,735,1189,97
004264,大森,500,18244,10928,1740,468,3566,4384,3272,3508,6652,613
004264,大森,1000,80367,45516,8316,2467,16234,18805,14368,15683,26059,2449
003636,浅草橋,250,3569,2231,323,77,960,1026,567,590,1429,237
003636,浅草橋,500,15958,10037,1444,322,4538,4744,2511,2318,6484,1006
003636,浅草橋,1000,68175,41214,6916,1470,18097,20502,11058,9859,25382,4326
003648,西武新宿,250,959,811,25,14,276,204,89,119,705,102
003648,西武新宿,500,6775,5397,232,121,1898,1355,898,967,4441,987
003648,西武新宿,1000,44619,32334,2524,947,11603,9743,6584,6940,24769,6931
003486,新小岩,250,3499,1958,336,96,692,890,640,814,1033,393
003486,新小岩,500,16056,8877,1551,487,3294,3768,2989,3760,4695,1673
003486,新小岩,1000,51597,27345,5179,1720,10802,11576,9692,11882,13998,4930
003818,門前仲町,250,3717,2436,262,77,876,883,776,721,1668,98
003818,門前仲町,500,15661,9826,1240,361,3698,3761,2986,3170,6456,448
003818,門前仲町,1000,55039,30828,5999,1656,11636,14086,10529,10096,17369,1856
004177,二子玉川,250,1528,774,195,49,189,350,377,359,346,40
004177,二子玉川,500,6378,3313,808,190,991,1603,1380,1315,1596,227
004177,二子玉川,1000,37426,19409,4768,1255,7184,9401,7175,6819,9793,1310
003838,東銀座,250,553,375,36,6,105,163,128,115,251,27
003838,東銀座,500,4495,3209,284,66,1071,1321,940,777,2351,169
003838,東銀座,1000,20598,13035,1860,430,4503,6032,4083,3581,8415,704
003743,代々木,250,1950,1298,156,49,356,518,275,293,900,65
003743,代々木,500,8226,5543,610,228,1696,2088,1149,1261,3929,297
003743,代々木,1000,25027,16347,2060,650,4898,6352,3864,3833,11214,1011
004196,自由が丘,250,2266,1409,157,98,464,559,467,511,896,61
004196,自由が丘,500,11815,6930,971,377,2424,2952,2437,2602,4106,326
004196,自由が丘,1000,50710,27416,5005,1695,9948,12258,10595,11007,14304,1449
004016,三軒茶屋,250,4246,2800,268,90,1208,1075,717,762,1978,110
004016,三軒茶屋,500,18524,11897,1246,443,5251,4709,3043,3476,8275,517
004016,三軒茶屋,1000,75502,45407,6796,2029,19052,19644,13310,14012,28478,2004
003635,亀戸,250,4119,2654,308,120,1054,1055,789,751,1777,390
003635,亀戸,500,18754,11449,1678,555,4580,4872,3399,3479,7218,1840
003635,亀戸,1000,75584,42666,7436,2370,16069,18331,13480,17390,23962,7344
003828,原宿,250,471,275,39,15,54,78,90,117,158,22
003828,原宿,500,2872,1692,279,87,370,572,556,602,1015,96
003828,原宿,1000,20020,11987,1987,564,2984,4550,3722,3568,7408,839
003805,霞ヶ関,250,4,4,0,0,1,1,0,0,0,0
003805,霞ヶ関,500,135,103,8,2,29,21,16,27,69,3
003805,霞ヶ関,1000,2669,1810,177,48,544,566,450,587,1291,142
003802,日比谷,250,11,9,3,0,0,6,1,12,11,1
003802,日比谷,500,34,23,4,0,0,9,2,16,15,1
003802,日比谷,1000,2292,1540,140,57,424,608,497,538,1048,85
003555,御徒町,250,1176,764,60,23,322,280,199,270,506,240
003555,御徒町,500,8967,5861,579,173,2371,2271,1453,1769,3947,1122
003555,御徒町,1000,49298,30471,4202,1065,12091,12808,8012,9254,19289,3921
003343,駒込,250,4857,3036,354,126,1203,1135,859,1094,1915,339
003343,駒込,500,19317,11359,1732,545,4583,4610,3391,4103,6694,1189
003343,駒込,1000,68589,38002,7407,2111,14899,16252,11892,14422,20999,3655
003812,青山一丁目,250,1355,754,164,41,168,356,292,334,406,84
003812,青山一丁目,500,6140,3184,794,210,740,1526,1296,1568,1510,295
003812,青山一丁目,1000,23706,13328,2845,708,3802,5988,4792,4906,7437,1432
003360,小岩,250,4368,2382,488,134,807,1089,836,862,1243,586
003360,小岩,500,17348,10004,1541,522,3641,3911,3190,3809,5847,1810
003360,小岩,1000,60408,32715,5647,2129,12042,12743,11491,14401,17548,4537
003716,三越前,250,346,211,40,6,67,104,74,55,125,12
003716,三越前,500,2887,1877,284,41,761,935,502,362,1246,90
003716,三越前,1000,26718,16496,3016,473,6551,8650,4646,3360,10414,957
003839,東陽町,250,4299,2192,490,126,531,986,844,1296,934,156
003839,東陽町,500,17734,8996,2067,569,2482,4197,3324,4936,3904,929
003839,東陽町,1000,58296,29648,7122,1985,9357,14275,10719,14130,13556,3119
003773,茅場町,250,1382,890,122,21,354,432,269,184,583,49
003773,茅場町,500,9632,5863,1043,158,2321,3052,1818,1217,3576,351
003773,茅場町,1000,45684,27183,5205,856,10264,14343,8582,6311,16169,1766
004368,羽田空港第1・第2ターミナル,250,0,0,0,0,0,0,0,0,0,0
004368,羽田空港第1・第2ターミナル,500,0,0,0,0,0,0,0,0,0,0
004368,羽田空港第1・第2ターミナル,1000,0,0,0,0,0,0,0,0,0,0
003375,大塚,250,5074,3543,329,121,1651,1179,816,863,2575,811
003375,大塚,500,24047,15909,1774,650,7118,5701,3966,4375,10932,3229
003375,大塚,1000,88400,54677,7625,2549,23591,21014,15053,16384,35308,9053
003900,神谷町,250,1808,1127,200,30,330,425,370,257,737,155
003900,神谷町,500,7009,4405,796,139,1313,1788,1334,912,2890,695
003900,神谷町,1000,31531,20434,3152,646,6890,8480,5514,4295,14050,2976
003986,三田,250,2801,1826,218,44,467,585,450,894,1167,106
003986,三田,500,13149,8304,1398,255,2934,3491,2137,2303,5420,623
003986,三田,1000,51773,30050,6895,1205,10886,14917,8935,7195,17811,3074
003844,明治神宮前,250,798,450,50,26,86,105,168,269,255,13
003844,明治神宮前,500,4183,2398,368,124,555,777,859,992,1389,180
003844,明治神宮前,1000,20489,12071,2008,555,2832,4457,3936,4095,7280,802
003542,後楽園,250,2257,1267,302,62,419,553,365,361,736,66
003542,後楽園,500,13370,7454,1609,358,2528,3069,2450,2291,4260,475
003542,後楽園,1000,61209,34370,7349,1840,12227,14379,10654,10195,19888,2105
003646,両国,250,2258,1383,196,56,657,625,352,371,866,112
003646,両国,500,14165,8371,1383,370,4139,3822,2238,2206,5074,657
003646,両国,1000,71601,41603,7307,1852,19586,19611,11920,11050,24502,2862
003248,京成高砂,250,3359,1844,262,89,686,686,679,925,960,81
003248,京成高砂,500,11632,6183,1015,342,2333,2468,2293,3060,3112,288
003248,京成高砂,1000,43490,21189,4885,1556,8036,9512,8210,10901,9411,1080
003939,大門,250,1750,1099,167,34,391,482,316,305,711,93
003939,大門,500,7849,4962,789,159,1779,2161,1335,1088,3271,466
003939,大門,1000,26279,17251,2478,510,6591,7133,4376,3528,11937,1581
003889,月島,250,8023,4138,1050,230,1335,2217,1711,1477,1952,260
003889,月島,500,21690,11055,2821,676,3568,5773,4556,4293,5167,664
003889,月島,1000,71423,36373,10194,2044,11952,19926,14318,12888,16739,3385
003191,金町,250,3787,2135,366,86,708,887,745,988,1150,452
003191,金町,500,14945,8124,1482,428,2815,3324,2912,3922,4273,1064
003191,金町,1000,48316,23769,5933,1829,8175,11020,9355,11762,10708,2618
003721,人形町,250,4535,2594,582,107,830,1438,911,667,1465,116
003721,人形町,500,18351,10741,2344,364,3636,6132,3428,2446,6286,522
003721,人形町,1000,56437,33261,6887,1130,12581,18330,10338,7112,19564,1879
003894,葛西,250,5699,3392,547,199,1430,1401,1070,750,2093,300
003894,葛西,500,22730,13872,2206,884,6259,5441,3998,2574,9029,1256
003894,葛西,1000,77902,43707,8544,3320,19297,18225,13621,11310,25856,3982
003601,新大久保,250,3320,2541,137,79,902,625,452,574,2044,859
003601,新大久保,500,14999,10942,840,380,4007,2959,2131,2356,8506,3300
003601,新大久保,1000,62292,42135,4490,1688,14558,13274,9409,11616,30190,9391
003643,中野坂上,250,4218,2761,318,83,1002,1115,692,658,1874,164
003643,中野坂上,500,19856,12873,1583,389,4942,5117,3161,3117,8654,886
003643,中野坂上,1000,83367,54458,6366,1811,20679,20668,13306,13652,37239,4915
003890,西葛西,250,6833,3923,778,240,1580,1575,1256,975,2318,853
003890,西葛西,500,25125,13309,3098,950,5231,5787,4543,4423,6975,2770
003890,西葛西,1000,80541,39652,10741,3508,15523,18814,14471,14915,18492,7385
003835,虎ノ門,250,299,220,17,5,61,61,44,61,170,9
003835,虎ノ門,500,1388,1004,77,20,295,306,210,265,772,58
003835,虎ノ門,1000,10414,6962,895,169,2469,2529,1801,1651,4923,938
003573,高円寺,250,4946,3523,271,85,1211,1333,764,795,2599,244
003573,高円寺,500,20495,14334,1210,353,5377,5288,3083,3337,10477,895
003573,高円寺,1000,75131,49454,5072,2018,20102,18052,11624,12750,34469,3236
003946,モノレール浜松町,250,1625,965,186,31,334,470,309,257,575,101
003946,モノレール浜松町,500,7179,4440,763,153,1623,2021,1248,931,2816,435
003946,モノレール浜松町,1000,24744,15955,2479,496,6179,6801,4161,3235,10821,1411
003141,赤羽岩淵,250,4960,2933,433,130,1187,1311,890,996,1743,278
003141,赤羽岩淵,500,15424,8885,1365,424,3794,3843,2812,3132,5070,898
003141,赤羽岩淵,1000,44268,24712,4139,1243,9716,10425,8144,10402,13547,2141
003549,東中野,250,5522,3644,429,93,1377,1535,804,861,2471,302
003549,東中野,500,20129,12979,1500,421,5041,5138,3159,3417,8651,1259
003549,東中野,1000,81118,51818,6210,2056,20118,19022,13127,14794,34563,5836
003927,勝どき,250,7337,3986,1049,198,1379,2162,1334,1161,2071,281
003927,勝どき,500,27095,14020,4254,732,5028,8141,4964,3920,6702,1347
003927,勝どき,1000,68409,34179,10932,1954,11624,20413,12964,10456,15331,3361
003846,明大前,250,3690,2461,212,95,1160,871,618,692,1694,148
003846,明大前,500,13664,8797,937,415,4173,3205,2185,2459,5900,491
003846,明大前,1000,56008,33747,4750,1811,14765,13185,9560,10428,21126,1583
003788,赤坂見附,250,599,393,59,19,158,161,123,85,271,80
003788,赤坂見附,500,3220,1969,352,94,764,874,679,452,1230,319
003788,赤坂見附,1000,19443,11513,2270,537,4118,5239,4019,3135,6976,1751
003645,新御茶ノ水,250,1716,1011,173,82,431,417,292,311,630,42
003645,新御茶ノ水,500,6168,3780,629,187,1638,1669,976,1007,2421,202
003645,新御茶ノ水,1000,30413,19381,2852,648,8377,7814,4538,4943,13003,1153
003662,西新宿,250,2609,1891,154,32,696,669,382,350,1433,162
003662,西新宿,500,11721,8123,848,193,3017,2992,1835,1523,5869,985
003662,西新宿,1000,51279,35597,3442,1054,12846,12216,8084,7834,25957,4930
003579,西荻窪,250,5380,3548,401,107,1133,1395,989,848,2417,127
003579,西荻窪,500,18469,11713,1422,461,3893,4521,3444,3258,7692,427
003579,西荻窪,1000,58797,33909,5456,1859,11570,13605,11163,11606,19976,1132
003556,新御徒町,250,4783,2845,386,118,1103,1300,865,969,1690,432
003556,新御徒町,500,21288,12807,1830,501,5120,5796,3704,4109,7752,2098
003556,新御徒町,1000,68018,40765,6089,1599,16236,18762,11792,12782,24682,5628
003574,阿佐ヶ谷,250,3808,2523,268,59,850,957,656,677,1744,138
003574,阿佐ヶ谷,500,17354,11397,1219,342,4050,4296,2926,3117,7811,671
003574,阿佐ヶ谷,1000,70049,43739,5798,1732,15827,16805,12107,13080,28425,2492
003810,溜池山王,250,845,590,67,12,222,255,153,109,443,146
003810,溜池山王,500,4224,2642,415,78,978,1162,855,654,1738,592
003810,溜池山王,1000,20001,12444,2158,466,4265,5407,3969,2992,8020,2369
003970,経堂,250,3530,2227,244,76,903,859,649,779,1460,72
003970,経堂,500,15189,9169,1232,432,3742,3706,2846,3172,5645,342
003970,経堂,1000,58036,31497,6373,2024,12742,13892,11011,11768,16884,1129
003335,田端,250,2688,1549,268,66,767,687,434,459,899,258
003335,田端,500,14231,8213,1341,422,4057,3466,2366,2506,4839,1181
003335,田端,1000,71424,40258,7086,2102,17597,17251,11893,14305,22769,5379
003754,清澄白河,250,4908,2688,476,164,952,1226,971,1018,1433,83
003754,清澄白河,500,17531,9580,1769,579,3411,4448,3307,3673,5189,308
003754,清澄白河,1000,75313,41962,8400,2225,16265,20375,13632,13292,23414,1762
004036,成城学園前,250,1925,1015,193,73,274,400,435,542,509,41
004036,成城学園前,500,7568,3608,815,320,1092,1495,1737,2069,1468,133
004036,成城学園前,1000,34376,16587,4005,1522,5657,7355,7544,8102,7027,638
003263,大泉学園,250,3703,2133,399,92,683,869,724,719,1253,65
003263,大泉学園,500,12902,7099,1338,446,2431,2831,2489,2717,4008,224
003263,大泉学園,1000,47244,23464,5419,2045,8079,10069,9409,10554,11117,754
003302,町屋,250,5526,2971,500,178,1141,1176,1077,1425,1505,332
003302,町屋,500,18907,10290,1696,613,4001,4007,3508,4946,5479,1029
003302,町屋,1000,70248,36837,7041,2433,14491,15270,12954,17515,18732,4589
003570,早稲田,250,4029,2718,287,113,1077,785,578,680,1966,271
003570,早稲田,500,15851,10401,1232,442,4235,3252,2344,2689,7304,1034
003570,早稲田,1000,68336,42384,5883,2180,15821,14765,10865,12895,28020,4458
003199,亀有,250,3873,2050,486,101,803,985,700,756,1020,129
003199,亀有,500,17133,9015,2044,541,3497,4169,3165,3402,4593,573
003199,亀有,1000,53625,26894,5982,2164,9963,11875,10273,12149,12980,1747
003861,千歳烏山,250,3436,2252,246,73,894,839,620,720,1511,90
003861,千歳烏山,500,14868,9291,1205,422,3748,3648,2785,2835,5933,372
003861,千歳烏山,1000,57464,31464,6093,2003,12054,13834,11048,11817,17021,1352
003363,南千住,250,2233,1209,231,67,394,526,394,613,626,126
003363,南千住,500,14274,7567,1544,433,2784,3438,2492,3525,3805,952
003363,南千住,1000,65566,34630,7760,2258,11278,15701,11731,16331,15704,4048
003484,茗荷谷,250,3725,1878,500,177,720,902,634,577,1000,92
003484,茗荷谷,500,14929,7754,2106,592,2940,3645,2458,2325,4241,367
003484,茗荷谷,1000,65425,35116,8343,2384,12962,15880,11074,10817,19572,2096
003822,赤坂,250,2218,1491,199,34,570,671,416,305,1046,326
003822,赤坂,500,9641,6047,975,212,2261,2706,1910,1496,3927,1185
003822,赤坂,1000,27413,16395,3262,700,5370,7550,5491,4377,10069,2955
003292,石神井公園,250,3893,2263,385,127,753,949,776,658,1328,57
003292,石神井公園,500,13221,7172,1486,497,2303,3115,2471,2749,3785,333
003292,石神井公園,1000,45550,22971,5402,1822,7671,10203,8602,10307,10868,1070
003782,永田町,250,617,342,87,22,126,184,130,69,181,53
003782,永田町,500,2758,1622,342,94,611,718,573,417,961,194
003782,永田町,1000,15617,8930,1982,480,3180,4103,3248,2549,5259,1237
003704,住吉,250,3554,2116,292,82,923,810,621,771,1291,111
003704,住吉,500,15387,8641,1506,415,3860,3602,2744,3065,4879,677
003704,住吉,1000,73744,40554,8079,2124,16975,18613,12955,14355,21882,3893
003834,外苑前,250,968,521,100,24,123,234,217,244,269,30
003834,外苑前,500,5730,3148,621,167,717,1298,1175,1507,1667,174
003834,外苑前,1000,24468,13477,2900,762,3224,5828,4913,5449,7287,1022
003753,水天宮前,250,5145,3099,552,105,1053,1611,1033,791,1893,128
003753,水天宮前,500,19478,11143,2455,420,3721,6187,3748,2944,6284,512
003753,水天宮前,1000,59422,34781,7239,1227,13078,18893,11016,7743,20316,1965
003884,六本木一丁目,250,2805,1749,328,70,507,783,536,334,1134,446
003884,六本木一丁目,500,10247,6399,1152,242,1937,2768,1979,1355,4143,1363
003884,六本木一丁目,1000,35606,22100,4051,805,7019,9822,6689,5198,14374,3948
004069,駒沢大学,250,4221,2576,364,112,1190,1108,730,691,1622,122
004069,駒沢大学,500,16481,9417,1721,529,4204,4200,2870,2859,5496,494
004069,駒沢大学,1000,59264,33034,6295,2039,14008,14797,10958,10808,18657,1535
003711,森下,250,5816,3628,475,136,1549,1587,954,973,2334,137
003711,森下,500,21822,13183,1924,573,5800,5808,3712,3659,8248,514
003711,森下,1000,79840,45975,8205,2230,19747,21607,14127,13183,26579,2283
003729,半蔵門,250,2601,1293,418,94,348,672,533,523,651,107
003729,半蔵門,500,10277,4965,1644,427,1491,2512,2228,1944,2234,364
003729,半蔵門,1000,24227,11596,4068,1072,3608,6234,4940,4187,5200,874
003806,笹塚,250,5456,3780,367,102,1386,1456,883,796,2755,137
003806,笹塚,500,21380,14242,1539,442,5387,5430,3521,3560,9938,541
003806,笹塚,1000,76877,48496,6395,1920,19376,18980,12517,13370,32078,2037
004094,学芸大学,250,4328,2795,264,78,1074,1091,739,914,1828,95
004094,学芸大学,500,16698,9936,1327,401,3734,4231,2967,3517,5990,347
004094,学芸大学,1000,66367,36497,6907,1935,13630,17112,12423,13063,19782,1458
003840,木場,250,4115,2465,419,116,958,1081,783,638,1526,149
003840,木場,500,14377,8668,1509,383,3494,3722,2640,2240,5475,588
003840,木場,1000,62715,32805,7707,2137,12009,15906,11838,11693,16878,2766
003941,麻布十番,250,5528,3603,553,103,1311,1672,972,768,2466,359
003941,麻布十番,500,18035,10992,2098,443,3702,5200,3357,2656,6980,1368
003941,麻布十番,1000,52496,30705,6875,1324,9916,14892,9554,7745,18776,4898
004065,国際展示場,250,482,207,107,10,112,174,63,12,57,55
004065,国際展示場,500,2896,1350,602,62,569,1091,434,139,511,225
004065,国際展示場,1000,11079,4858,2465,249,1774,4291,1685,606,1521,840
003546,本郷三丁目,250,3651,2320,330,93,909,799,546,554,1539,122
003546,本郷三丁目,500,16340,9733,1742,452,3684,3594,2649,2634,6059,592
003546,本郷三丁目,1000,50474,30289,5328,1276,11601,11436,8030,8303,19066,1999
003612,東新宿,250,5889,4089,363,121,1318,1263,928,1088,3001,874
003612,東新宿,500,19561,13643,1152,430,4388,4056,2985,4017,9967,3046
003612,東新宿,1000,56862,38119,4073,1498,12530,12144,8767,11434,26908,7006
004078,桜新町,250,3439,1898,340,114,716,789,728,734,1038,80
004078,桜新町,500,15404,8145,1758,542,3016,3763,3132,3117,4117,368
004078,桜新町,1000,59252,29944,7367,2340,10824,14635,11912,11696,14190,1422
003101,竹ノ塚,250,3251,1941,212,84,561,630,719,854,1135,256
003101,竹ノ塚,500,11961,6833,927,394,2142,2264,2498,3131,3845,786
003101,竹ノ塚,1000,46809,24134,4443,1885,8151,9005,9278,12278,12003,2506
003218,十条,250,4163,2503,266,117,974,843,787,1152,1541,172
003218,十条,500,13649,8085,973,413,3175,2866,2534,3597,4896,612
003218,十条,1000,59456,32058,6063,2180,12803,13368,10429,13913,17841,2777
003470,目白,250,2358,1311,250,80,499,543,418,462,748,134
003470,目白,500,11610,6570,1173,448,2530,2639,2091,2203,3862,718
003470,目白,1000,59704,36346,5327,1915,14680,14054,10018,10903,23380,4799
003529,春日,250,4994,2812,632,129,891,1157,892,869,1626,136
003529,春日,500,18620,10267,2336,545,3470,4301,3482,3137,5727,568
003529,春日,1000,60351,33823,7154,1811,12283,13890,10348,10179,19630,2106
003286,板橋,250,7877,4350,941,229,1688,2048,1494,1247,2396,456
003286,板橋,500,26470,15142,2592,827,6122,6292,4922,4894,8856,1651
003286,板橋,1000,84202,49139,8029,2625,20721,19282,14536,16495,29887,5940
004109,用賀,250,3276,1883,330,103,682,841,692,609,1083,93
004109,用賀,500,14191,7599,1606,543,2695,3601,3047,2574,3933,367
004109,用賀,1000,53266,26300,6754,2216,9374,13220,10795,10430,12151,1433
003972,池尻大橋,250,4219,2668,422,96,1220,1173,672,591,1774,108
003972,池尻大橋,500,18047,10301,2167,535,4487,4987,3052,2674,6118,460
003972,池尻大橋,1000,65572,36322,7754,2094,15056,18074,11323,10596,20771,1830
003159,西新井,250,3102,1692,348,120,537,746,556,601,938,143
003159,西新井,500,15393,8050,1926,566,2833,3790,2821,2696,4124,605
003159,西新井,1000,59201,30334,6542,2128,10638,13012,11374,13075,14959,2527
003561,平井,250,4542,2728,360,145,1151,932,763,998,1695,493
003561,平井,500,16657,9670,1455,576,3713,3423,2802,4016,5734,1377
003561,平井,1000,50562,26030,5499,1925,9102,10904,8915,13028,12877,3109
004331,京急蒲田,250,5240,3113,480,123,1182,1281,969,873,1881,241
004331,京急蒲田,500,19948,12756,1442,457,4873,4454,3577,3497,8610,872
004331,京急蒲田,1000,74964,45775,5645,1923,17669,15790,13118,15692,29200,3197
003854,南砂町,250,2978,1308,419,157,358,753,644,607,429,81
003854,南砂町,500,10870,5015,1257,543,1614,2433,2216,2438,2060,269
003854,南砂町,1000,46529,22584,5443,1887,6519,10707,8672,12746,9413,1954
003860,築地,250,3071,1954,290,58,636,945,640,502,1269,93
003860,築地,500,12937,8019,1256,256,2613,3816,2611,2371,5046,434
003860,築地,1000,44153,25525,5262,997,8859,13111,8535,7289,14590,1713
003764,初台,250,4014,2483,393,92,803,1059,716,533,1604,153
003764,初台,500,18130,11251,1690,403,3846,4875,3022,2664,7278,732
003764,初台,1000,64340,40312,5796,1513,13754,16525,10651,10342,26472,2585
003969,広尾,250,2638,1405,420,85,352,601,452,556,781,224
003969,広尾,500,12596,6448,1739,419,1589,2789,2138,3201,3392,906
003969,広尾,1000,60110,33396,7809,1739,10107,15416,10776,10861,19304,4429
003745,船堀,250,4750,2343,567,209,912,1091,1003,842,1057,226
003745,船堀,500,18985,9054,2515,848,3365,4530,3733,3618,3873,1150
003745,船堀,1000,50960,23672,6737,2400,8942,12056,10013,9779,9817,2159
003661,淡路町,250,2697,1698,258,77,769,746,438,397,1127,82
003661,淡路町,500,7678,4765,773,207,2160,2112,1205,1201,3084,286
003661,淡路町,1000,25604,16232,2441,535,7179,7081,3888,4079,10878,996
003225,光が丘,250,5962,2606,776,220,744,1201,1248,1710,753,379
003225,光が丘,500,18654,8183,2259,713,2418,3705,3771,5573,2368,1043
003225,光が丘,1000,52167,22827,6902,2222,8248,11192,9953,12759,7383,1970
003866,虎ノ門ヒルズ,250,907,644,59,12,170,194,149,160,483,41
003866,虎ノ門ヒルズ,500,4455,3022,392,70,972,1049,749,654,2171,348
003866,虎ノ門ヒルズ,1000,17475,11431,1630,305,4013,4450,3110,2604,7919,1745
003737,麹町,250,2427,1165,420,95,329,635,534,400,530,87
003737,麹町,500,9313,4475,1573,376,1326,2330,1962,1708,2032,328
003737,麹町,1000,26973,13372,4235,1122,4203,6786,5397,4757,6405,972
003194,東武練馬,250,4283,2700,319,126,1050,902,713,853,1799,158
003194,東武練馬,500,16569,9353,1646,582,3563,3627,2959,3295,5441,506
003194,東武練馬,1000,60193,30936,6094,2330,12553,12604,11081,12967,16200,1955
003792,京橋,250,378,230,28,10,94,105,73,60,144,14
003792,京橋,500,2788,1741,206,83,652,802,557,466,1092,76
003792,京橋,1000,19785,12434,1819,349,4534,6172,3826,3025,7862,745
003988,千歳船橋,250,3852,2209,327,123,899,842,733,823,1305,106
003988,千歳船橋,500,16117,8672,1724,585,3517,3737,3081,3268,4716,374
003988,千歳船橋,1000,61902,31415,7993,2521,12530,15030,11903,11577,15392,1296
003874,下高井戸,250,4046,2588,304,117,1038,996,756,775,1728,128
003874,下高井戸,500,14268,8664,1143,462,3608,3355,2661,2806,5448,441
003874,下高井戸,1000,52080,30089,4852,1851,12355,12044,9466,10298,17840,1379
003667,瑞江,250,3755,2045,409,131,871,912,714,526,1130,72
003667,瑞江,500,14851,7424,1784,605,3281,3561,2772,2323,3619,252
003667,瑞江,1000,55776,25648,6887,2705,10472,12713,10741,11086,10750,1055
004123,天王洲アイル,250,843,505,82,15,168,235,174,114,295,33
004123,天王洲アイル,500,5939,3206,746,164,1089,1561,1110,874,1670,230
004123,天王洲アイル,1000,34826,18316,4634,1177,5224,9001,6454,6505,9387,1149
004133,武蔵小山,250,6247,3439,614,144,1197,1542,1067,1362,1943,149
004133,武蔵小山,500,22380,12698,2206,571,4526,5640,3875,4596,7370,444
004133,武蔵小山,1000,83431,46818,8735,2326,17408,20999,14135,16544,26872,1918
003156,成増,250,3883,2378,310,104,895,985,704,649,1477,143
003156,成増,500,17189,10240,1585,502,4238,4130,3010,2815,6253,666
003156,成増,1000,60595,33226,6299,2046,13522,14225,10978,11173,18490,2193
003604,大久保,250,3777,2901,160,90,1069,753,505,593,2371,788
003604,大久保,500,16296,11863,938,403,4509,3427,2316,2417,9198,3121
003604,大久保,1000,62908,42492,4595,1659,15172,13614,9550,11135,30519,9144
003212,上板橋,250,3984,2474,276,110,845,842,686,988,1573,161
003212,上板橋,500,16893,9941,1368,554,3596,3518,3017,3951,6022,665
003212,上板橋,1000,61697,33063,5898,2223,12336,12774,11044,14894,17943,2215
003163,地下鉄成増,250,4499,2653,417,132,1054,1151,778,721,1550,158
003163,地下鉄成増,500,17675,10137,1744,580,4019,4247,3251,2960,5864,618
003163,地下鉄成増,1000,58524,32023,6108,1993,12953,13841,10661,10828,17702,2125
003668,馬喰町,250,4332,2639,499,81,1266,1462,651,367,1613,229
003668,馬喰町,500,19546,11911,2338,350,5248,6551,3158,1870,7349,938
003668,馬喰町,1000,62614,37852,6870,1299,15858,19600,10421,8419,23253,2991
003534,江戸川橋,250,5814,3495,607,118,1342,1549,926,877,2205,198
003534,江戸川橋,500,20912,12488,2117,466,4715,5315,3432,3261,7856,707
003534,江戸川橋,1000,74872,43962,7798,2121,15733,17953,12800,12439,27187,2477
003690,都庁前,250,152,116,9,2,33,28,17,19,60,11
003690,都庁前,500,4908,3471,341,88,1178,1247,771,727,2480,450
003690,都庁前,1000,47770,32669,3499,902,11695,12090,7405,6855,23407,3089
004215,中延,250,5270,3103,538,148,1117,1316,848,1040,1922,72
004215,中延,500,21500,12473,2140,600,4465,5182,3701,4392,7512,335
004215,中延,1000,81922,46860,8255,2244,16992,19050,14084,17210,27708,1453
003460,鶯谷,250,1514,956,119,51,309,365,295,344,623,195
003460,鶯谷,500,10562,6096,1017,347,2172,2635,2044,2207,3586,1035
003460,鶯谷,1000,58634,33778,5470,1782,12825,14571,11041,12098,19557,5398
003707,新宿御苑前,250,2729,2060,110,37,560,672,431,456,1622,153
003707,新宿御苑前,500,10160,7365,590,167,2117,2584,1612,1574,5659,571
003707,新宿御苑前,1000,43316,29140,3285,902,9252,10710,6925,7282,20764,2351
003280,青砥,250,2822,1618,231,65,657,609,582,642,924,90
003280,青砥,500,12165,6417,1231,340,2539,2725,2423,2809,3204,429
003280,青砥,1000,44422,21981,4996,1496,8232,10004,8635,10738,9893,1518
003269,大山,250,5042,3139,380,125,1152,1200,918,1011,2008,292
003269,大山,500,18852,11121,1534,553,4285,4342,3263,4042,6827,1149
003269,大山,1000,78253,45952,7102,2430,18381,17490,12846,16653,28018,4564
003521,京成上野,250,203,130,7,6,38,38,39,58,86,39
003521,京成上野,500,2650,1659,193,57,587,587,450,624,1076,332
003521,京成上野,1000,40430,24436,3540,952,9212,10118,6977,7937,15115,3135
003461,白山,250,4921,2882,533,159,1042,1076,850,860,1747,182
003461,白山,500,18553,10610,2018,598,4098,4013,3157,3261,6306,684
003461,白山,1000,69594,37656,8395,2346,13753,15630,12049,12992,20945,2373
004024,祖師ヶ谷大蔵,250,3520,1986,313,162,821,785,721,694,1138,63
004024,祖師ヶ谷大蔵,500,14445,7656,1543,630,2963,3371,2929,2926,3983,264
004024,祖師ヶ谷大蔵,1000,51969,26046,6568,2190,9374,12261,10441,10913,12267,1000
004200,大岡山,250,3134,1903,224,91,760,612,536,726,1232,98
004200,大岡山,500,12818,7237,1136,451,2883,2602,2359,2833,4182,372
004200,大岡山,1000,55332,29440,5717,1972,11294,12414,10761,11736,15240,1485
004382,羽田空港第3ターミナル,250,0,0,0,0,0,0,0,0,0,0
004382,羽田空港第3ターミナル,500,0,0,0,0,0,0,0,0,0,0
004382,羽田空港第3ターミナル,1000,0,0,0,0,0,0,0,0,0,0
003399,三ノ輪,250,5636,3384,420,151,1265,1389,1046,1312,2044,460
003399,三ノ輪,500,23001,13311,2013,694,5033,5645,4218,5190,7742,1710
003399,三ノ輪,1000,84674,48224,7887,2510,17090,19749,15688,21041,26145,6348
004143,都立大学,250,4389,2620,388,109,965,1179,800,881,1581,127
004143,都立大学,500,15758,8836,1574,448,3292,4095,2914,3223,4885,432
004143,都立大学,1000,57800,30000,6386,2070,11115,14398,11584,11640,14763,1514
003675,馬喰横山,250,5683,3300,766,96,1453,1993,922,451,1872,233
003675,馬喰横山,500,20269,12181,2515,364,5145,6897,3415,1912,7339,907
003675,馬喰横山,1000,63515,38192,7130,1325,15668,20011,10780,8455,23278,2790
003210,東十条,250,3511,2183,253,95,933,853,581,786,1393,240
003210,東十条,500,18171,10834,1485,536,4553,4288,2995,4261,6643,1202
003210,東十条,1000,67078,37377,6366,2012,15355,15514,11423,16191,21098,3853
003887,汐留,250,450,317,32,10,90,118,87,81,228,25
003887,汐留,500,3500,2419,255,70,752,870,671,580,1723,183
003887,汐留,1000,13935,9392,1098,248,3549,3552,2387,2188,6656,706
004108,東京テレポート,250,42,19,6,2,5,10,11,5,7,2
004108,東京テレポート,500,2142,983,320,104,276,529,576,270,351,133
004108,東京テレポート,1000,6268,3093,914,268,1350,1535,1462,649,1431,1039
003432,東池袋,250,4423,2623,431,117,961,1139,942,760,1554,282
003432,東池袋,500,13938,8386,1356,348,3257,3590,2553,2545,5111,900
003432,東池袋,1000,61683,38470,5441,1688,15878,15206,10617,11179,25110,5140
003495,中井,250,4607,3144,291,105,1132,955,762,978,2283,215
003495,中井,500,19241,12633,1405,517,4793,4189,3077,3630,8801,1027
003495,中井,1000,73910,46444,6132,2021,17724,16795,11888,13784,30823,4383
004294,平和島,250,5227,3368,409,115,1298,1141,868,1001,2291,188
004294,平和島,500,20686,12436,1738,560,4696,4490,3593,4325,7829,692
004294,平和島,1000,65222,37897,5882,1949,14113,14355,11513,13761,22693,2038
003774,信濃町,250,1237,757,144,55,217,264,197,201,495,57
003774,信濃町,500,5484,3230,612,168,991,1252,936,987,1968,214
003774,信濃町,1000,24826,14888,2430,653,4522,5740,4253,4968,9192,939
004270,西馬込,250,4217,2332,467,87,967,1017,679,770,1315,65
004270,西馬込,500,14284,7719,1681,410,3201,3502,2455,2340,4164,235
004270,西馬込,1000,59802,30166,7453,2164,12134,14357,10648,10863,14650,1029
003107,浮間舟渡,250,1789,973,173,82,468,427,355,275,532,94
003107,浮間舟渡,500,9154,4495,1205,358,2030,2191,1646,1674,2160,488
003107,浮間舟渡,1000,33543,15766,4416,1333,6396,7873,5833,7317,6889,1784
003162,北綾瀬,250,2664,1484,251,82,581,596,593,475,818,95
003162,北綾瀬,500,12331,6660,1255,422,2865,2784,2529,2063,3515,516
003162,北綾瀬,1000,51982,26763,5679,2110,10432,11441,10133,10279,13337,2208
003223,ときわ台,250,3895,2437,316,97,926,935,630,729,1593,154
003223,ときわ台,500,15953,9255,1456,513,3510,3564,2805,3291,5586,622
003223,ときわ台,1000,69535,38139,6949,2373,14177,15030,12151,15895,21440,2645
003911,御成門,250,1181,901,58,7,454,277,149,166,745,62
003911,御成門,500,6176,4335,466,75,1771,1611,895,849,3279,401
003911,御成門,1000,25436,16750,2367,470,5873,6602,4321,3638,11662,1778
003724,一之江,250,3550,1879,471,114,730,902,622,597,975,118
003724,一之江,500,11924,6085,1459,479,2457,2794,2188,2290,2987,336
003724,一之江,1000,48859,22578,6117,2137,8937,11030,9331,10419,9454,1135
003228,平和台,250,2896,1494,332,95,697,618,528,513,699,47
003228,平和台,500,11515,5961,1173,450,2783,2331,2170,2150,2929,251
003228,平和台,1000,50283,24297,5520,2215,10987,10355,9646,9822,11063,1019
003713,四谷三丁目,250,4532,2969,352,81,998,1109,743,796,2057,182
003713,四谷三丁目,500,17932,11627,1485,341,3779,4359,2928,3216,7918,777
003713,四谷三丁目,1000,56254,35532,5111,1338,11272,13938,9312,9559,23798,3095
003691,竹橋,250,105,79,9,2,26,15,7,2,26,1
003691,竹橋,500,1869,1175,230,41,615,477,271,199,796,34
003691,竹橋,1000,10944,6802,1128,282,2950,2844,1826,1818,4401,397
003427,上石神井,250,2889,1781,207,80,714,625,512,564,1133,117
003427,上石神井,500,11889,6970,970,396,2804,2457,2150,2431,4171,461
003427,上石神井,1000,44711,23156,4805,1733,8975,9476,8196,9613,11723,1374
003560,仲御徒町,250,2137,1390,121,45,575,541,370,459,923,401
003560,仲御徒町,500,10804,6925,726,224,2838,2835,1809,2144,4544,1415
003560,仲御徒町,1000,52924,32526,4538,1172,12998,14053,8682,9851,20425,4435
003799,国会議事堂前,250,39,20,5,2,4,7,9,10,8,2
003799,国会議事堂前,500,536,353,47,13,123,136,109,84,235,84
003799,国会議事堂前,1000,11595,7379,1151,262,2688,3022,2264,1781,4891,1230
003361,要町,250,5138,3420,322,114,1479,1346,818,957,2387,422
003361,要町,500,18997,12148,1432,470,5124,4804,3188,3550,8085,1493
003361,要町,1000,74532,46591,6053,2097,19745,18146,12436,14387,30578,6179
003474,護国寺,250,3354,1908,391,183,714,768,551,463,1143,176
003474,護国寺,500,13836,7791,1584,605,2915,3128,2348,2265,4620,478
003474,護国寺,1000,60840,34813,6339,2254,13744,13789,10208,11158,20985,2733
003751,方南町,250,5574,3422,519,129,1310,1385,914,1007,2125,149
003751,方南町,500,18065,10964,1624,425,4064,4384,2994,3538,6782,432
003751,方南町,1000,67529,39144,6577,1983,15066,15620,11165,13249,23593,1534
003186,地下鉄赤塚,250,4301,2537,374,116,1127,932,743,801,1519,148
003186,地下鉄赤塚,500,16448,9150,1469,478,3824,3494,2912,3667,5061,603
003186,地下鉄赤塚,1000,59729,31450,6208,2180,12711,13000,10867,12685,16159,1862
003578,神楽坂,250,4936,3061,370,104,919,1109,915,1041,2006,140
003578,神楽坂,500,21524,13133,2010,475,4305,5121,3960,3744,8420,604
003578,神楽坂,1000,74358,44371,7529,1939,15251,18047,12963,12487,27745,2686
003565,篠崎,250,5282,2557,709,201,1115,1415,1094,635,1122,91
003565,篠崎,500,14721,7071,1915,615,3096,3688,2839,2274,3105,272
003565,篠崎,1000,44198,20190,5813,2115,8455,10512,8499,8058,8207,900
004219,旗の台,250,4994,3004,493,151,1123,1118,873,935,1914,101
004219,旗の台,500,17936,10539,1756,540,3877,3954,3161,3631,6504,377
004219,旗の台,1000,73749,41108,7861,2287,14793,17125,13263,14882,23369,1397
004235,西大井,250,5053,2851,469,159,1144,1090,887,1079,1612,100
004235,西大井,500,19447,10618,1946,577,4066,4188,3276,4612,5775,362
004235,西大井,1000,79944,43411,8784,2568,15981,18386,13841,16848,23738,1615
003868,乃木坂,250,1585,950,182,44,274,416,292,336,590,102
003868,乃木坂,500,6805,3822,852,189,1119,1798,1356,1387,2177,453
003868,乃木坂,1000,35106,20120,4442,985,6097,9552,6914,6539,11739,3012
003655,岩本町,250,2598,1617,287,53,633,858,381,383,1067,120
003655,岩本町,500,10931,6937,1136,205,3132,3434,1528,1479,4637,589
003655,岩本町,1000,47602,29590,4914,949,12810,14725,7492,6495,18930,2563
003324,千川,250,3699,2223,281,103,909,818,666,858,1384,137
003324,千川,500,14986,8761,1299,449,3645,3373,2627,3239,5241,512
003324,千川,1000,66734,38365,6162,2043,15405,15057,11565,14609,22778,2596
003469,入谷,250,7033,4122,630,188,1439,1829,1381,1496,2406,479
003469,入谷,500,24127,14147,2164,684,5231,6205,4613,4996,8331,1952
003469,入谷,1000,81518,46954,7669,2387,17078,20676,15736,17101,27377,6476
003345,中村橋,250,4458,2585,446,131,914,1146,772,807,1543,112
003345,中村橋,500,17549,9928,1850,564,3632,4283,3069,3290,5712,392
003345,中村橋,1000,63362,33507,7306,2269,12812,14660,11324,12303,17691,1479
003710,久我山,250,2973,1683,273,83,572,634,547,704,945,37
003710,久我山,500,11417,6327,1148,380,2276,2389,2159,2443,3509,156
003710,久我山,1000,44095,23362,4697,1677,8291,9334,8387,9720,12156,654
003842,内幸町,250,115,73,7,2,20,16,23,40,48,3
003842,内幸町,500,1026,703,48,18,217,207,163,297,506,41
003842,内幸町,1000,9016,6375,624,122,2366,2280,1421,1461,4770,569
003261,氷川台,250,3774,2084,352,125,890,812,754,615,1124,81
003261,氷川台,500,15296,8077,1536,575,3325,3294,3105,2738,4138,311
003261,氷川台,1000,54628,28339,5972,2162,12004,11788,10301,9964,14571,1263
003558,湯島,250,3712,2443,292,59,917,862,511,634,1702,198
003558,湯島,500,11905,7667,967,233,2945,2816,1715,2109,5176,647
003558,湯島,1000,39389,24888,3336,812,9958,9655,6070,7020,16364,2655
003752,高井戸,250,2546,1420,265,80,380,541,501,675,749,49
003752,高井戸,500,12518,6452,1367,417,2173,2597,2280,3118,3363,207
003752,高井戸,1000,46346,23482,5164,1743,8246,9745,8548,10917,11846,759
003836,八幡山,250,3908,2532,271,110,1035,901,653,673,1719,140
003836,八幡山,500,15238,9154,1213,472,3730,3557,2796,2903,5754,453
003836,八幡山,1000,55339,30560,5600,2024,12218,12719,10393,11059,16946,1519
003216,板橋本町,250,6053,3785,489,163,1669,1255,925,1129,2541,232
003216,板橋本町,500,21521,12811,2018,688,5450,4583,3395,4190,8116,795
003216,板橋本町,1000,73548,41686,7470,2788,16747,15503,11863,15946,24798,2721
003954,赤羽橋,250,3197,2157,321,60,800,975,474,352,1558,219
003954,赤羽橋,500,11422,7290,1235,253,2523,3321,1874,1471,4939,820
003954,赤羽橋,1000,48184,29921,5355,1092,10130,13312,8504,7433,19443,3303
003544,西早稲田,250,3253,2007,304,102,745,722,519,605,1281,294
003544,西早稲田,500,14202,8840,1232,478,3286,3034,2263,2690,5770,1427
003544,西早稲田,1000,63826,39974,5177,2095,14448,13066,10271,13254,26197,7633
004182,品川シーサイド,250,2010,989,319,52,388,611,372,184,397,112
004182,品川シーサイド,500,12917,6221,2060,354,2438,3801,2056,1782,2495,589
004182,品川シーサイド,1000,45979,23122,6101,1561,8050,12030,8051,8380,10690,1584
003659,小川町,250,2542,1576,244,86,694,676,428,403,1032,76
003659,小川町,500,7327,4557,731,199,2078,2010,1152,1136,2959,264
003659,小川町,1000,25625,16290,2430,534,7226,6953,3863,4116,10968,976
003130,北赤羽,250,3736,1806,429,179,675,845,762,836,769,294
003130,北赤羽,500,13412,6707,1400,587,2488,2851,2507,3528,3005,1161
003130,北赤羽,1000,41626,20147,4943,1848,7158,9058,7573,10738,8942,2673
004025,白金高輪,250,4894,2716,661,135,825,1333,1019,887,1504,211
004025,白金高輪,500,18121,10121,2354,493,3248,5000,3622,3295,5640,816
004025,白金高輪,1000,59937,32798,8310,1644,10435,16604,11630,10476,17950,3210
003669,新宿西口,250,135,108,3,1,16,13,11,26,45,2
003669,新宿西口,500,2715,2189,88,36,740,570,356,373,1759,187
003669,新宿西口,1000,31871,23559,1677,642,8185,7318,4666,4601,18312,3915
003200,五反野,250,3976,2226,352,133,823,821,730,912,1245,127
003200,五反野,500,16395,8972,1465,625,3346,3356,3183,3696,4842,629
003200,五反野,1000,53339,28191,4906,1979,10838,10966,10038,12498,14850,2215
003530,田原町,250,4675,2685,409,118,860,1216,892,1120,1549,216
003530,田原町,500,20501,11972,1851,514,4092,5521,3964,4331,6976,1164
003530,田原町,1000,76452,44653,7177,1860,16311,20706,14436,15260,26072,4836
003833,新富町,250,4778,3061,427,77,1031,1503,958,782,2002,160
003833,新富町,500,15196,9487,1441,287,3319,4644,3015,2482,5997,533
003833,新富町,1000,44882,26132,5145,956,9330,13410,8737,7196,15022,1891
003703,新日本橋,250,1239,830,101,13,393,393,190,148,569,32
003703,新日本橋,500,6668,4251,657,95,1769,2148,1117,879,2777,253
003703,新日本橋,1000,34676,21433,3956,625,8880,11295,5738,4146,13577,1392
003673,曙橋,250,4986,3247,440,117,1005,1260,862,794,2231,296
003673,曙橋,500,19465,11923,1897,515,4048,5131,3209,2906,7921,1485
003673,曙橋,1000,68690,41877,6673,1828,14168,17395,11298,11495,27282,4109
003207,王子神谷,250,6731,3625,718,165,1352,1603,1163,1713,1818,581
003207,王子神谷,500,24493,12400,3172,747,4966,6221,4133,5200,5769,1728
003207,王子神谷,1000,68901,36536,7498,2377,14970,16433,11784,15634,18955,4321
003862,桜上水,250,3226,2079,222,79,889,700,590,626,1386,114
003862,桜上水,500,15000,8983,1376,454,3620,3422,2640,2869,5603,436
003862,桜上水,1000,50485,28322,5022,1816,11193,11217,9189,10431,16249,1285
003692,小伝馬町,250,4369,2650,528,68,1047,1513,783,429,1626,155
003692,小伝馬町,500,16657,10274,1980,275,4382,5675,2758,1582,6466,698
003692,小伝馬町,1000,50314,30407,5916,944,12230,16435,8462,6265,18653,2036
004184,青物横丁,250,6077,3195,867,171,1187,1644,925,964,1594,162
004184,青物横丁,500,22353,12051,2868,679,4428,5917,3772,3517,6318,671
004184,青物横丁,1000,62954,33992,7889,1900,12331,16454,10661,10538,18167,1973
003176,梅島,250,4438,2365,532,144,842,1044,796,893,1234,193
003176,梅島,500,18440,9397,2271,668,3329,4356,3385,3767,4620,733
003176,梅島,1000,62835,32130,6897,2369,11332,13879,12008,13930,15854,2478
003772,二重橋前,250,0,0,0,0,0,0,0,0,0,0
003772,二重橋前,500,5,5,0,0,1,2,1,3,6,1
003772,二重橋前,1000,604,397,44,28,260,136,102,143,393,18
003632,新高円寺,250,4799,3321,255,87,1358,1149,748,806,2379,147
003632,新高円寺,500,17664,11716,1169,362,4643,4238,2817,3130,8100,575
003632,新高円寺,1000,70580,45525,5248,1700,17257,16864,11550,12905,30804,2357
003929,駒場東大前,250,1735,1025,169,61,491,403,269,331,634,73
003929,駒場東大前,500,8527,4516,969,308,1836,2048,1389,1797,2526,335
003929,駒場東大前,1000,52779,30326,5697,1571,11599,13521,9133,9101,18045,1939
004309,池上,250,5083,2943,442,141,1110,1130,937,1054,1726,114
004309,池上,500,19351,10686,1956,627,3930,4358,3578,3984,5950,452
004309,池上,1000,66655,35927,6687,2305,13088,14508,12382,14887,19472,1791
003323,京成立石,250,3345,1760,296,97,562,697,681,963,905,66
003323,京成立石,500,13394,6789,1320,464,2295,2843,2724,3597,3250,304
003323,京成立石,1000,50284,24663,5277,1887,8707,10810,10273,12907,11120,1617
003767,千駄ヶ谷,250,658,400,68,27,138,175,104,91,256,22
003767,千駄ヶ谷,500,4785,2862,517,155,871,1209,784,737,1774,182
003767,千駄ヶ谷,1000,30252,19379,2647,782,5602,7291,4948,4955,13028,1150
003245,板橋区役所前,250,5705,3522,538,147,1401,1329,851,1073,2250,281
003245,板橋区役所前,500,20572,12654,1822,590,5163,4607,3173,3970,8092,1074
003245,板橋区役所前,1000,81448,46686,8167,2793,18400,18270,13788,16118,27841,4235
003543,上野御徒町,250,1051,693,68,18,254,225,153,220,481,101
003543,上野御徒町,500,7257,4725,496,136,1812,1734,1128,1444,3197,778
003543,上野御徒町,1000,44387,27592,3777,939,10860,11218,7167,8320,17647,3338
003133,六町,250,2350,1338,263,44,732,604,262,294,750,40
003133,六町,500,8636,4391,1098,237,2139,2110,1156,1480,2141,201
003133,六町,1000,38408,18814,4724,1474,7594,8724,6376,8165,8752,1216
003801,銀座一丁目,250,190,95,20,13,18,47,44,42,36,1
003801,銀座一丁目,500,2002,1317,122,59,368,567,462,422,882,51
003801,銀座一丁目,1000,13948,9134,1088,260,3250,4225,2784,2285,6096,468
004042,泉岳寺,250,2697,1590,324,59,475,750,540,529,942,94
004042,泉岳寺,500,9681,5135,1324,271,1448,2494,1989,2079,2570,354
004042,泉岳寺,1000,46589,24710,6802,1343,7666,12913,9165,7850,12676,2085
003638,新中野,250,6091,4011,437,115,1531,1499,999,1090,2719,267
003638,新中野,500,23718,15281,1795,526,5773,5740,3945,4352,10180,1026
003638,新中野,1000,80423,51366,6421,1867,20047,19527,12918,14101,34172,3289
003628,東高円寺,250,4195,2762,307,83,1024,1019,700,749,1918,127
003628,東高円寺,500,18404,12103,1343,427,4671,4366,3034,3193,8421,680
003628,東高円寺,1000,73740,47435,5708,1721,18388,17450,12088,13236,32099,2773
004157,西小山,250,5728,3486,498,130,1380,1437,951,1110,2189,160
004157,西小山,500,21131,12243,2031,540,4696,5166,3635,4319,7253,486
004157,西小山,1000,78008,42945,8145,2284,15845,18978,13914,16102,23749,1626
003696,西新宿五丁目,250,6446,4576,396,101,1561,1524,1077,1017,3484,358
003696,西新宿五丁目,500,21930,14922,1559,383,5424,5524,3467,3339,10724,1258
003696,西新宿五丁目,1000,72055,47467,5546,1430,17518,18177,11471,11372,32786,3442
003274,お花茶屋,250,3429,1842,274,110,620,685,763,951,941,134
003274,お花茶屋,500,14015,6800,1475,552,2477,2888,2926,3608,3042,598
003274,お花茶屋,1000,55299,26386,6314,2175,9584,11648,11130,14102,11358,2275
003945,梅ヶ丘,250,3217,1962,269,95,783,853,541,650,1256,77
003945,梅ヶ丘,500,13579,7902,1248,439,3237,3395,2524,2655,4718,357
003945,梅ヶ丘,1000,56231,31812,5503,1966,13176,13761,10545,11012,18179,1385
003337,江古田,250,4471,2994,304,136,1066,1018,798,689,2121,124
003337,江古田,500,16495,10928,1088,471,4209,3728,2783,2779,7619,532
003337,江古田,1000,63801,39250,5084,1942,15989,14164,10814,11614,25397,2086
003698,大島,250,7057,3923,683,187,1477,1538,1313,1800,2084,674
003698,大島,500,25068,13477,2489,759,4610,5324,4606,7126,6767,2513
003698,大島,1000,90773,47840,9685,2988,16370,20500,16855,23765,23819,7963
004310,下丸子,250,3356,2095,253,103,725,788,579,681,1366,57
004310,下丸子,500,14739,8279,1394,524,2992,3354,2734,3050,4792,246
004310,下丸子,1000,59623,31055,6503,2446,10869,13230,11889,12533,15884,1055
003415,千石,250,5004,2707,624,197,1003,1223,862,792,1484,118
003415,千石,500,18754,10008,2379,754,3654,4484,3221,3205,5442,568
003415,千石,1000,71688,39276,8364,2496,14450,16775,12762,13321,21858,3097
003796,宝町,250,1225,750,95,38,328,347,232,167,459,30
003796,宝町,500,6119,3889,452,136,1425,1837,1237,1004,2481,192
003796,宝町,1000,30010,18284,3091,538,6797,9341,5744,4435,11149,1241
004205,尾山台,250,3746,2116,354,148,758,946,783,751,1190,86
004205,尾山台,500,13194,7028,1426,513,2466,3251,2770,2749,3601,271
004205,尾山台,1000,45030,22641,5260,1735,7764,10729,9670,9560,10581,1023
004367,雑色,250,4320,2489,361,152,971,901,778,949,1481,115
004367,雑色,500,17432,9713,1517,644,3807,3542,3180,3986,5576,431
004367,雑色,1000,69289,35425,7445,2760,12991,14691,12437,16697,17652,2179
004053,喜多見,250,3108,1801,290,98,788,691,562,572,1052,57
004053,喜多見,500,12143,6574,1257,419,2659,2728,2285,2423,3496,219
004053,喜多見,1000,45214,23055,5177,1732,8468,10139,8948,9626,11154,773
003928,潮見,250,2479,1217,256,148,445,633,683,317,531,99
003928,潮見,500,6482,3219,679,318,1228,1553,1551,913,1537,353
003928,潮見,1000,28327,12925,3882,1232,4433,7125,5640,5282,5023,1730
004356,大鳥居,250,4042,2407,327,160,1154,785,707,672,1537,79
004356,大鳥居,500,14652,8468,1253,600,3932,2909,2496,2681,5229,323
004356,大鳥居,1000,53486,29301,4764,1965,12225,10534,9290,12463,16561,1274
004373,天空橋,250,507,297,32,18,132,84,84,130,188,12
004373,天空橋,500,3341,2173,177,123,989,533,541,762,1543,66
004373,天空橋,1000,12391,7596,765,413,2990,2230,2162,3106,4945,332
003695,東大島,250,3946,1756,459,168,526,820,898,1060,529,325
003695,東大島,500,13220,6325,1376,514,1819,2728,2752,3843,2541,1269
003695,東大島,1000,50825,24531,5842,2136,7380,11120,10240,13591,10339,3125
003451,鷺ノ宮,250,3300,2040,267,94,825,698,537,705,1329,172
003451,鷺ノ宮,500,15029,8986,1376,464,3825,3269,2363,3046,5543,903
003451,鷺ノ宮,1000,62064,34023,6421,2237,14013,13556,10621,12806,18978,2832
004245,田園調布,250,1585,766,153,65,222,290,363,451,311,64
004245,田園調布,500,7810,3904,772,309,1363,1573,1710,1940,1739,306
004245,田園調布,1000,37890,19004,4009,1447,6609,8250,8241,8861,8708,1093
003165,志村坂上,250,2806,1712,199,89,623,552,488,670,1042,122
003165,志村坂上,500,12294,6909,1198,393,2529,2596,2134,2849,3915,421
003165,志村坂上,1000,59298,29731,7092,2518,10367,13183,10608,13546,14425,2251
003158,志村三丁目,250,3835,2013,368,165,606,738,839,1022,961,89
003158,志村三丁目,500,15291,8133,1562,628,2773,3130,2930,3665,4139,484
003158,志村三丁目,1000,59522,30063,6566,2479,10175,12466,10653,14871,14377,1956
003794,永福町,250,3277,1917,298,112,794,657,551,611,1154,66
003794,永福町,500,12734,7352,1234,436,2865,2686,2145,2469,4341,223
003794,永福町,1000,44188,25019,4376,1538,9509,9692,7644,8824,14476,954
003791,幡ヶ谷,250,5032,3267,382,98,1083,1242,818,963,2267,115
003791,幡ヶ谷,500,20148,12474,1717,551,4113,4961,3476,3733,8226,455
003791,幡ヶ谷,1000,77614,47522,6958,2024,16613,19274,13083,13901,30505,2080
004050,祐天寺,250,4095,2568,288,82,1140,1033,710,813,1639,115
004050,祐天寺,500,16759,9877,1473,402,4115,4205,2995,3408,5898,476
004050,祐天寺,1000,69095,38632,7014,1994,15384,17690,12313,13702,21782,1854
003479,曳舟,250,4888,2538,548,164,882,1166,931,1187,1228,116
003479,曳舟,500,20394,10421,2263,632,3730,4955,3866,4915,4995,452
003479,曳舟,1000,66750,34468,6957,2065,13215,15501,12357,16558,17030,1474
003293,西巣鴨,250,4714,2760,441,136,1137,1123,883,955,1603,208
003293,西巣鴨,500,20234,11445,1923,651,4882,4595,3647,4353,6568,1018
003293,西巣鴨,1000,82207,46034,8043,2768,19219,18683,14425,17959,26230,5209
003305,豊島園,250,3551,2080,301,125,719,733,699,720,1261,89
003305,豊島園,500,11652,6713,1070,383,2559,2463,2067,2379,3998,281
003305,豊島園,1000,58412,32736,5993,1924,12763,13296,10337,10934,18717,1564
003419,武蔵関,250,3995,2602,251,125,1060,729,764,730,1772,198
003419,武蔵関,500,14726,8738,1202,515,3536,2976,2775,2735,5363,598
003419,武蔵関,1000,52908,26906,5537,2339,10354,10855,10292,11042,13438,1471
004012,葛西臨海公園,250,16,14,0,0,3,4,5,1,13,1
004012,葛西臨海公園,500,262,175,23,14,41,49,74,31,132,10
004012,葛西臨海公園,1000,10656,4526,1469,611,1772,2394,2377,1952,1444,310
004114,不動前,250,5174,3310,450,98,1206,1437,808,825,2249,175
004114,不動前,500,22615,13339,2545,558,5016,6551,3581,3234,8220,764
004114,不動前,1000,78301,46231,8147,1902,17031,21070,12694,13018,28282,2863
003367,新江古田,250,4260,2569,317,121,933,1032,723,835,1555,148
003367,新江古田,500,16142,9932,1270,461,3787,3794,2676,2975,6312,566
003367,新江古田,1000,64642,38525,5631,1838,15465,14561,10784,12585,24068,2377
003845,代々木公園,250,3676,2269,385,58,651,1149,580,508,1432,123
003845,代々木公園,500,12208,7471,1285,251,2312,3486,1988,1787,4737,426
003845,代々木公園,1000,42101,24367,4776,1092,7621,11175,7313,6569,14525,1541
003623,若松河田,250,4443,2622,534,125,957,1136,712,690,1637,327
003623,若松河田,500,18622,11131,1949,578,3960,4435,2959,3444,7076,1472
003623,若松河田,1000,75254,46417,6843,2149,15864,17692,12136,14254,30431,5665
003985,代官山,250,3674,2246,361,70,538,947,685,625,1397,159
003985,代官山,500,14156,8746,1362,246,2288,3872,2488,2428,5525,583
003985,代官山,1000,52099,32123,4847,1146,9769,13667,8978,8827,20445,2016
003571,蔵前,250,5701,3318,617,111,1360,1747,960,875,1906,340
003571,蔵前,500,18659,10758,1954,427,4355,5423,3252,3120,6192,1088
003571,蔵前,1000,70207,41169,6451,1694,16660,19046,12478,13380,24270,4116
003434,千駄木,250,5788,3334,569,158,1090,1332,1039,1244,2001,195
003434,千駄木,500,19166,10733,1990,571,3523,4433,3510,4092,6214,719
003434,千駄木,1000,66599,37370,6983,1981,13356,15453,12088,13494,21345,3278
004061,高輪ゲートウェイ,250,1212,645,176,36,187,347,230,234,315,38
004061,高輪ゲートウェイ,500,5605,3068,747,147,888,1492,1089,1113,1634,192
004061,高輪ゲートウェイ,1000,43579,22570,6705,1300,6448,12078,8507,7383,11124,1863
004349,糀谷,250,5228,3113,423,124,1344,1087,889,1030,1890,140
004349,糀谷,500,20682,11804,1802,598,4953,4145,3582,4590,6908,515
004349,糀谷,1000,73677,40629,6853,2486,16752,15124,12842,16306,23146,2000
003962,芝公園,250,1871,1234,184,49,445,500,347,261,866,138
003962,芝公園,500,10331,6541,1087,244,2371,2868,1768,1552,4365,658
003962,芝公園,1000,39206,24720,4241,817,8950,10934,6503,5660,16363,2349
003483,根津,250,5169,2978,510,140,974,1181,970,1071,1750,173
003483,根津,500,14018,8052,1383,382,2642,3219,2686,3007,4695,505
003483,根津,1000,42971,24227,4514,1233,8449,9621,7641,8997,14102,1746
003586,末広町,250,2587,1642,219,42,651,694,444,486,1067,137
003586,末広町,500,11534,7532,916,197,3150,3023,1735,1890,5090,707
003586,末広町,1000,45376,28631,3940,985,11746,11893,6881,7838,18824,3073
003117,高島平,250,4495,2660,337,114,653,874,800,1519,1492,230
003117,高島平,500,16648,10251,1141,426,2642,3133,2807,5786,6153,991
003117,高島平,1000,47436,26665,4326,1670,7804,9450,8143,14500,14566,2431
003233,中板橋,250,5108,3074,484,156,1115,1129,840,1061,1939,266
003233,中板橋,500,18522,11177,1660,552,4247,4023,3062,4000,7054,845
003233,中板橋,1000,68822,39085,6469,2329,14879,14624,11699,15626,23040,2966
003999,辰巳,250,514,315,21,13,37,80,92,270,169,31
003999,辰巳,500,6700,3352,817,237,757,1671,1417,1787,1323,469
003999,辰巳,1000,32210,14625,5570,1160,4513,9790,6132,4961,5108,2001
003349,富士見台,250,4656,2672,460,136,1015,1067,820,931,1516,109
003349,富士見台,500,16529,8919,1825,544,3247,3682,3012,3474,4672,410
003349,富士見台,1000,57767,30082,6537,2163,11472,12789,10516,11932,15206,1324
003702,西大島,250,5378,3087,487,145,1223,1225,989,1288,1766,440
003702,西大島,500,21302,11264,2480,644,4235,5210,3800,4858,5637,2023
003702,西大島,1000,78247,41520,8491,2607,15013,18377,14381,18883,20819,7272
003619,南阿佐ヶ谷,250,4417,2781,332,95,912,1066,843,888,1767,125
003619,南阿佐ヶ谷,500,17496,10633,1524,412,3665,4317,3199,3345,6568,497
003619,南阿佐ヶ谷,1000,65413,39466,5848,1717,14207,15677,11496,12491,24585,2210
003763,浜田山,250,3200,1856,321,104,632,693,585,623,1100,44
003763,浜田山,500,12271,6593,1334,481,2129,2656,2486,2530,3407,156
003763,浜田山,1000,44457,22664,5069,1830,7370,9449,9054,9633,10826,583
003960,豪徳寺,250,3907,2316,323,104,923,912,770,844,1383,83
003960,豪徳寺,500,14383,8378,1304,412,3293,3470,2727,3111,4939,309
003960,豪徳寺,1000,53867,30019,5354,1841,11577,13106,10416,11360,16654,1101
003481,東大前,250,3879,2046,486,110,824,800,537,817,1191,187
003481,東大前,500,15001,8340,1770,461,3240,3160,2339,2805,4962,699
003481,東大前,1000,69898,39171,7827,2106,14110,15584,12326,13244,22693,2546
003448,落合南長崎,250,4193,2561,398,130,1086,968,698,676,1623,140
003448,落合南長崎,500,17967,10825,1642,563,4300,4063,3121,3393,6848,680
003448,落合南長崎,1000,66898,39803,6389,2081,15446,15155,11620,13374,24991,2798
004191,等々力,250,2815,1550,270,105,572,697,564,599,835,56
004191,等々力,500,10989,5814,1155,394,2011,2691,2344,2378,2909,228
004191,等々力,1000,44031,21759,5389,1817,7486,10622,9490,9053,9744,1058
003523,落合,250,5773,3861,375,142,1593,1403,868,919,2693,381
003523,落合,500,21646,14319,1455,484,5590,5143,3435,3847,9871,1280
003523,落合,1000,75845,48176,6042,2024,18424,17421,12061,14300,32108,5349
003314,練馬高野台,250,3240,1689,307,114,492,687,615,933,763,78
003314,練馬高野台,500,11430,5927,1105,452,1930,2278,2148,3155,2845,286
003314,練馬高野台,1000,47733,23861,5489,1962,8544,10277,8815,10958,11067,1227
004248,馬込,250,4197,2465,380,121,922,925,743,814,1490,113
004248,馬込,500,18288,10261,1927,571,4137,4246,3054,3346,5906,423
004248,馬込,1000,73413,39913,8128,2340,15553,17177,12552,14358,21924,1385
003431,新大塚,250,6424,3962,498,201,1576,1416,1119,1347,2518,444
003431,新大塚,500,21980,13509,1883,646,5590,4954,3711,4394,8637,1581
003431,新大塚,1000,77355,46955,7328,2348,19406,18366,13110,13907,29700,6130
004317,武蔵新田,250,4429,2590,418,127,1021,982,774,883,1584,117
004317,武蔵新田,500,17429,9877,1646,553,3819,3905,3160,3566,5816,386
004317,武蔵新田,1000,65719,35463,6394,2558,12958,14446,12410,14418,19315,1354
003545,上野広小路,250,1216,801,80,20,309,270,176,245,552,122
003545,上野広小路,500,7845,5128,533,145,1985,1893,1220,1544,3485,829
003545,上野広小路,1000,44759,27844,3796,948,10992,11328,7195,8385,17831,3364
003128,西台,250,5361,3078,455,159,839,1026,890,1822,1562,193
003128,西台,500,18889,10384,1839,636,3348,3807,3178,5484,5322,767
003128,西台,1000,58618,31789,5963,2037,10214,12168,9883,16520,16697,2783
003393,東長崎,250,5129,3158,455,129,1231,1173,900,1146,2052,239
003393,東長崎,500,19181,11647,1751,549,4647,4390,3374,4114,7475,775
003393,東長崎,1000,69084,41223,6177,2108,16348,15677,12047,14642,25760,2763
004329,矢口渡,250,4529,2670,375,131,1125,1005,785,888,1629,149
004329,矢口渡,500,17408,9782,1524,549,3896,3778,3076,3785,5704,483
004329,矢口渡,1000,66371,36342,6254,2191,13559,14590,11985,14648,20235,2025
003676,東日本橋,250,6516,3709,888,109,1512,2279,1138,588,2021,245
003676,東日本橋,500,18550,10946,2354,346,4487,6283,3199,1863,6407,772
003676,東日本橋,1000,68588,41126,7708,1476,16961,21528,11774,8954,25028,2886
003193,本蓮沼,250,4445,2598,363,152,1108,901,703,979,1616,161
003193,本蓮沼,500,17697,9844,1641,692,3988,3612,2985,3990,5760,596
003193,本蓮沼,1000,66708,35385,7568,2683,13597,14613,10812,14859,19284,2491
003268,新板橋,250,6137,3839,493,151,1440,1449,1043,1095,2480,432
003268,新板橋,500,21644,12783,2043,575,5182,5118,3590,3946,7898,1417
003268,新板橋,1000,76483,42580,7879,2542,17273,17414,13319,15593,24440,4295
003709,菊川,250,6006,3592,477,165,1548,1470,1195,1112,2148,167
003709,菊川,500,22287,13019,2024,589,5851,5610,4018,3997,7676,660
003709,菊川,1000,89778,50517,9813,2505,22395,23721,15485,14972,28451,3246
003502,浅草,250,3600,2198,296,77,622,937,792,852,1363,249
003502,浅草,500,18057,10502,1661,428,3029,4717,3853,4202,6119,985
003502,浅草,1000,79816,46523,7262,2093,16149,20697,15685,17142,27300,4569
004361,羽田空港第2ターミナル,250,0,0,0,0,0,0,0,0,0,0
004361,羽田空港第2ターミナル,500,0,0,0,0,0,0,0,0,0,0
004361,羽田空港第2ターミナル,1000,0,0,0,0,0,0,0,0,0,0
003359,三河島,250,5779,3043,586,203,1264,1298,1026,1367,1608,1044
003359,三河島,500,23152,12653,2398,808,5456,5524,4118,4635,6884,3654
003359,三河島,1000,79802,44161,7944,2605,18788,18896,14137,16611,24202,9359
003780,北参道,250,3097,2024,280,78,581,774,497,416,1396,124
003780,北参道,500,9399,5918,914,268,1693,2339,1511,1363,3900,351
003780,北参道,1000,24524,15449,2270,691,4256,6003,4020,3917,10144,856
004273,御嶽山,250,4033,2278,378,133,854,853,783,839,1298,58
004273,御嶽山,500,14358,7493,1492,529,2671,3016,2933,3125,3773,187
004273,御嶽山,1000,58783,29866,6733,2249,10376,13218,11813,12150,14471,944
003195,京成金町,250,4100,2241,437,89,741,987,844,993,1167,330
003195,京成金町,500,15003,8188,1448,410,2860,3349,2974,3913,4345,1051
003195,京成金町,1000,47463,23395,5804,1743,8121,10813,9198,11542,10573,2581
003473,野方,250,4524,2895,296,145,1152,1014,794,878,1923,271
003473,野方,500,17235,10687,1326,541,4322,3805,2977,3343,6903,885
003473,野方,1000,65819,39241,5662,2161,16305,14733,11118,12831,24352,3193
003290,京成関屋,250,3671,1759,442,132,535,893,682,878,692,127
003290,京成関屋,500,14472,6996,1790,554,2062,3474,2774,3354,2979,615
003290,京成関屋,1000,41286,20465,4947,1703,6239,9720,7574,9689,9340,1871
003886,築地市場,250,923,740,52,18,387,213,133,76,636,32
003886,築地市場,500,2720,1992,171,55,777,750,498,420,1537,132
003886,築地市場,1000,25234,15143,2893,564,4796,7281,4957,4241,9147,956
003243,練馬春日町,250,3553,1906,316,113,722,693,756,824,945,71
003243,練馬春日町,500,12565,6463,1253,444,2675,2502,2502,2744,3076,237
003243,練馬春日町,1000,46807,22159,5796,1958,9372,10095,8978,9155,9366,837
003444,下井草,250,3414,1997,294,115,769,722,622,655,1201,105
003444,下井草,500,14066,7755,1408,491,3009,3030,2573,2807,4343,401
003444,下井草,1000,53166,27500,6224,2092,10344,11758,9712,10835,13888,1598
004259,雪が谷大塚,250,4196,2214,474,138,774,1025,820,801,1123,59
004259,雪が谷大塚,500,16306,8547,1781,590,3004,3834,3295,3230,4331,301
004259,雪が谷大塚,1000,60170,30546,6780,2370,10916,13413,12326,12399,14661,1215
004175,上野毛,250,3058,1667,301,112,573,718,652,680,860,92
004175,上野毛,500,11874,5882,1412,514,1930,2806,2602,2573,2582,342
004175,上野毛,1000,41938,20159,5551,1747,6590,10355,8847,8705,8471,1281
003273,堀切菖蒲園,250,3574,1957,258,109,755,671,734,1006,1070,159
003273,堀切菖蒲園,500,13360,7000,1109,428,2610,2642,2628,3791,3492,574
003273,堀切菖蒲園,1000,39879,19895,3976,1512,7594,7902,7707,10723,9389,1603
004307,大森町,250,5944,3597,488,159,1534,1251,984,1156,2247,176
004307,大森町,500,21380,12894,1826,592,5283,4643,3515,4251,8071,594
004307,大森町,1000,74665,42960,6776,2143,16927,15988,12429,16472,25638,2175
004261,多摩川,250,1217,551,163,46,153,252,282,286,194,24
004261,多摩川,500,6835,3376,767,268,963,1445,1496,1607,1489,168
004261,多摩川,1000,38426,20083,4131,1439,7370,8559,7807,7816,10086,932
003538,本所吾妻橋,250,4545,2622,428,107,1021,1131,867,983,1497,121
003538,本所吾妻橋,500,16384,9260,1515,416,3630,4063,3116,3589,5101,451
003538,本所吾妻橋,1000,63850,36154,6029,1695,14850,16048,11978,12984,20211,1948
003706,浜町,250,4256,2350,574,102,771,1388,798,619,1238,124
003706,浜町,500,20492,11509,2667,481,4099,6529,3875,2789,6268,610
003706,浜町,1000,73133,42985,8421,1673,17123,22610,13032,9954,25421,2462
004161,戸越,250,5967,3664,505,119,1349,1496,1002,1144,2351,143
004161,戸越,500,23299,14101,2093,563,5148,5723,3871,4645,8927,505
004161,戸越,1000,87579,50792,8826,2368,18622,21373,14726,17094,30490,1879
004372,羽田空港第1ターミナル,250,0,0,0,0,0,0,0,0,0,0
004372,羽田空港第1ターミナル,500,0,0,0,0,0,0,0,0,0,0
004372,羽田空港第1ターミナル,1000,0,0,0,0,0,0,0,0,0,0
003441,本駒込,250,4240,2432,438,126,907,953,786,720,1446,123
003441,本駒込,500,17137,9502,1908,573,3443,3738,3127,3194,5385,529
003441,本駒込,1000,73329,39888,8611,2441,14278,16457,12824,14183,22301,2649
003278,尾久,250,3063,1662,283,83,773,705,512,694,888,197
003278,尾久,500,12508,6584,1245,398,2845,2860,2116,2984,3313,734
003278,尾久,1000,55958,29498,5505,1923,12040,12410,9797,14087,14898,2938
003288,牛田,250,3884,1928,439,138,571,940,702,964,832,140
003288,牛田,500,14427,7172,1637,526,2171,3342,2750,3488,3227,571
003288,牛田,1000,41184,20574,4898,1677,6291,9746,7528,9554,9553,1850
004364,穴守稲荷,250,3552,2270,217,104,839,662,617,872,1528,142
004364,穴守稲荷,500,12892,7824,890,453,3171,2428,2218,3005,5045,351
004364,穴守稲荷,1000,30708,17614,2377,1146,7294,5837,5248,7331,10625,763
003426,椎名町,250,5405,3418,456,128,1426,1385,842,1078,2310,299
003426,椎名町,500,20714,12895,1808,570,5252,5093,3475,4091,8477,1247
003426,椎名町,1000,75232,45437,6727,2341,18000,17927,13008,14922,28983,4243
003679,中野新橋,250,5938,3969,387,149,1548,1425,876,1038,2793,251
003679,中野新橋,500,21651,14102,1595,468,5479,5232,3331,3887,9594,811
003679,中野新橋,1000,85985,54220,6823,2047,20452,20945,13999,15506,35706,2989
003618,牛込柳町,250,6170,3633,632,177,1216,1509,1020,1206,2290,389
003618,牛込柳町,500,21458,12350,2288,692,4429,5388,3546,3701,7629,1311
003618,牛込柳町,1000,71272,42883,6986,2093,15486,17113,11705,12084,27737,4267
004112,台場,250,0,0,0,0,0,0,0,0,0,0
004112,台場,500,39,39,0,0,34,6,0,0,39,37
004112,台場,1000,3693,1972,489,141,1025,836,776,356,1034,883
003477,京成曳舟,250,4737,2417,498,149,809,1085,911,1284,1150,89
003477,京成曳舟,500,19213,9807,2177,580,3497,4633,3642,4671,4656,395
003477,京成曳舟,1000,69903,35498,7452,2350,13467,16156,12949,17460,17062,1562
003489,新井薬師前,250,4485,2950,296,118,1181,1039,745,838,2033,208
003489,新井薬師前,500,18365,11722,1322,473,4558,4300,3066,3611,7807,812
003489,新井薬師前,1000,68981,42784,5457,1927,16826,16159,11710,13170,27644,3289
004299,鵜の木,250,4571,2685,455,119,1028,1049,792,922,1646,84
004299,鵜の木,500,17413,9245,2085,530,3273,4074,3061,3702,4953,289
004299,鵜の木,1000,50261,26105,5538,1901,9072,11235,9827,10773,13182,830
003471,雑司が谷,250,4500,2784,423,137,1101,1096,780,874,1822,231
003471,雑司が谷,500,15496,9127,1539,503,3728,3661,2712,3042,5599,864
003471,雑司が谷,1000,59924,35354,5771,2059,14542,14052,10345,10981,21908,4287
004155,戸越銀座,250,5818,3634,479,133,1335,1470,964,1115,2362,165
004155,戸越銀座,500,23292,14126,2060,569,5328,5695,3853,4506,9011,536
004155,戸越銀座,1000,88113,51408,8780,2348,18795,21763,14713,16960,31178,1916
003140,蓮根,250,4621,2382,445,154,836,937,837,1256,1136,166
003140,蓮根,500,19749,9986,2074,760,3386,4134,3547,5305,4652,692
003140,蓮根,1000,61645,31471,6755,2438,10599,13144,10718,16025,15036,2217
003688,中野富士見町,250,4086,2513,354,95,966,971,657,787,1595,131
003688,中野富士見町,500,18786,11345,1615,524,4282,4501,3114,3609,7118,582
003688,中野富士見町,1000,77439,47752,6404,2004,18107,18352,12839,14743,30749,2560
004087,東京ビッグサイト,250,0,0,0,0,0,0,0,0,0,0
004087,東京ビッグサイト,500,2,2,0,0,0,0,0,0,0,0
004087,東京ビッグサイト,1000,8246,3627,1809,215,1219,3120,1367,487,1182,574
003442,東向島,250,4399,2323,460,134,981,1010,821,993,1195,81
003442,東向島,500,17900,9325,1908,571,3679,4234,3291,4214,4706,389
003442,東向島,1000,66133,33053,7184,2355,12144,15030,12441,16926,15468,1588
003519,稲荷町,250,3974,2355,355,85,875,1038,686,854,1405,311
003519,稲荷町,500,15908,9402,1421,394,3648,4145,2817,3238,5597,1342
003519,稲荷町,1000,64999,38236,5948,1648,14312,17518,12055,12823,22630,5325
003437,上井草,250,2501,1440,239,76,536,541,444,531,880,66
003437,上井草,500,10576,5681,1148,367,2192,2307,1935,2155,3120,296
003437,上井草,1000,44129,22025,5207,1829,8273,9668,8385,9096,10675,1098
003440,井荻,250,3195,1891,293,107,676,701,546,697,1186,91
003440,井荻,500,12244,6958,1271,439,2481,2688,2157,2583,4232,354
003440,井荻,1000,50758,26290,6170,2030,9659,11527,9305,9777,13611,1283
003837,代々木八幡,250,3777,2325,384,66,688,1142,594,561,1465,113
003837,代々木八幡,500,13153,8007,1408,261,2492,3740,2156,1947,5030,432
003837,代々木八幡,1000,44679,25798,5033,1178,8093,11822,7802,7068,15344,1584
003376,四ツ木,250,1724,919,124,56,291,343,293,587,479,48
003376,四ツ木,500,7380,3751,630,274,1357,1466,1435,2110,1813,240
003376,四ツ木,1000,35569,17244,3737,1440,6316,7480,6988,9256,7668,1133
003303,京成小岩,250,4187,2242,390,134,767,842,845,1093,1181,259
003303,京成小岩,500,15913,8301,1600,614,3119,3251,3062,3898,4236,849
003303,京成小岩,1000,56739,28580,5969,2238,10602,11977,10843,13694,13804,3212
003475,沼袋,250,3910,2491,244,110,949,862,655,898,1666,189
003475,沼袋,500,16071,9853,1316,481,3733,3687,2668,3413,6344,732
003475,沼袋,1000,67222,40713,5595,1963,16126,15459,11461,13418,25641,3135
003453,都立家政,250,4148,2653,297,135,1129,887,680,834,1788,222
003453,都立家政,500,16218,9996,1295,530,4293,3452,2622,3213,6512,807
003453,都立家政,1000,63694,36385,6265,2191,15222,14164,10571,12570,21416,3080
004244,立会川,250,5110,2925,527,170,1107,1171,902,959,1724,110
004244,立会川,500,17998,9814,2249,611,3884,4429,2921,3060,5487,414
004244,立会川,1000,63957,35988,7602,1945,14037,15775,10680,10645,20832,1813
003777,西永福,250,3131,1739,293,101,569,677,645,687,935,56
003777,西永福,500,12164,6745,1187,410,2319,2611,2353,2656,3643,205
003777,西永福,1000,44197,23951,4645,1623,8461,9404,8298,9311,12811,715
003830,代田橋,250,4007,2798,262,71,1310,1064,598,594,2053,156
003830,代田橋,500,18010,12053,1255,381,5400,4545,2833,2889,8472,588
003830,代田橋,1000,69897,44465,5478,1796,19134,17005,11268,12291,29705,2019
004239,洗足池,250,3094,1645,363,135,575,715,578,582,870,88
004239,洗足池,500,12564,6471,1419,528,2299,2793,2440,2556,3211,370
004239,洗足池,1000,60495,31295,6771,2335,11404,13497,11723,12273,15642,1497
004044,白金台,250,3431,1773,450,111,484,870,746,714,888,106
004044,白金台,500,10820,5507,1487,355,1572,2812,2153,2183,2693,414
004044,白金台,1000,56458,30972,7175,1592,9449,14939,10772,10236,16972,2382
003301,千住大橋,250,3997,1994,681,96,771,1195,537,520,974,174
003301,千住大橋,500,15601,7959,2208,410,3003,4212,2376,2735,3963,650
003301,千住大橋,1000,57935,29352,7191,1940,10554,14105,9748,12332,14265,2642
004001,市場前,250,0,0,0,0,0,0,0,0,0,0
004001,市場前,500,284,106,80,9,32,105,43,16,20,25
004001,市場前,1000,10083,4291,2399,233,1634,3852,1432,504,1262,771
004319,梅屋敷,250,5207,3210,396,112,1294,1085,831,1184,2094,136
004319,梅屋敷,500,19338,11865,1456,467,4787,4107,3118,4188,7623,558
004319,梅屋敷,1000,78059,45516,6869,2139,17853,16951,13165,16567,27679,2682
004399,六郷土手,250,2592,1495,246,113,598,564,447,506,857,50
004399,六郷土手,500,9649,4958,1019,442,1825,2128,1707,2175,2477,289
004399,六郷土手,1000,44043,22878,5436,1502,8643,10925,7571,8370,11678,2623
003285,下板橋,250,6788,3587,894,230,1268,1747,1303,1175,1874,306
003285,下板橋,500,23844,13956,2286,745,5540,5540,4373,4457,8408,1543
003285,下板橋,1000,86524,51817,7764,2607,22005,19864,14646,16499,32549,6713
004285,流通センター,250,0,0,0,0,0,0,0,0,0,0
004285,流通センター,500,46,46,0,1,5,11,21,0,44,0
004285,流通センター,1000,3257,1786,244,112,633,608,640,890,1010,118
004292,久が原,250,4058,2160,415,137,728,902,795,905,1115,55
004292,久が原,500,14684,7381,1630,506,2527,3253,2879,3359,3410,204
004292,久が原,1000,56503,28674,6363,2103,10054,12352,11117,12473,13930,892
003899,東松原,250,3907,2307,330,145,1007,953,733,715,1369,90
003899,東松原,500,14368,8382,1254,526,3707,3428,2651,2739,4984,361
003899,東松原,1000,58781,35432,4821,1831,15784,14383,10439,11166,22024,1817
004305,千鳥町,250,4074,2118,403,166,749,864,927,829,1079,67
004305,千鳥町,500,14946,7888,1446,569,2791,3106,3184,3273,4105,266
004305,千鳥町,1000,63008,33636,6526,2240,12204,13956,11960,13574,17937,1170
003153,志茂,250,4018,2170,375,129,869,942,717,965,1133,102
003153,志茂,500,15150,7983,1610,485,3352,3474,2607,3553,4058,586
003153,志茂,1000,48013,25571,5165,1538,10372,11295,8474,10970,13231,2519
004225,荏原町,250,4874,2947,449,121,1056,1153,834,1017,1897,74
004225,荏原町,500,20694,12022,2024,603,4164,4779,3694,4391,7299,347
004225,荏原町,1000,79187,44974,8271,2298,16364,18536,13853,15840,26323,1433
004153,新馬場,250,3629,2117,399,89,781,903,552,661,1317,85
004153,新馬場,500,17344,9718,1917,527,3352,4153,2877,3458,5707,372
004153,新馬場,1000,60372,33336,7114,1812,10927,14939,10472,11470,18463,1687
003321,桜台,250,5972,3861,426,141,1597,1342,1018,1055,2567,226
003321,桜台,500,19320,12396,1455,497,5256,4372,3191,3305,8318,735
003321,桜台,1000,67786,41554,5534,1923,16699,15201,11450,12408,26741,2191
004232,長原,250,4193,2440,360,120,891,914,777,869,1453,129
004232,長原,500,16701,9207,1714,547,3384,3633,3111,3447,5129,389
004232,長原,1000,63726,34184,6949,2245,12509,14241,12027,12920,18273,1309
004247,石川台,250,4960,2715,495,190,938,1183,1000,937,1445,137
004247,石川台,500,17352,9108,1883,659,3227,4102,3485,3391,4576,486
004247,石川台,1000,57256,28924,6542,2289,10432,12875,11493,11799,13756,1311
003184,下赤塚,250,3971,2448,319,95,1094,885,645,712,1563,145
003184,下赤塚,500,15806,8928,1404,472,3840,3377,2789,3296,5079,489
003184,下赤塚,1000,60777,31865,6300,2262,12792,13156,11182,12977,16285,1818
004034,東雲,250,1651,673,257,91,267,440,361,233,187,100
004034,東雲,500,7316,3119,1205,345,1019,2148,1574,1007,952,393
004034,東雲,1000,26864,12111,4841,981,3821,8562,5058,3554,4210,1650
003849,上北沢,250,3665,2229,286,134,982,785,628,770,1404,151
003849,上北沢,500,12615,7258,1180,419,3053,2803,2209,2507,4328,380
003849,上北沢,1000,51206,28451,4948,1881,11267,11370,9545,10546,16146,1326
003422,八広,250,2706,1353,301,104,509,627,480,684,617,49
003422,八広,500,11259,5553,1243,418,2072,2584,2093,2848,2502,249
003422,八広,1000,41647,20865,4391,1446,7758,9292,7761,10926,9892,974
003277,上中里,250,2150,1194,198,62,450,449,381,609,659,119
003277,上中里,500,10331,5538,993,320,2135,2189,1841,2844,2908,513
003277,上中里,1000,55236,29160,5576,1828,11771,12309,9672,13838,14948,2758
004180,洗足,250,3524,1973,306,98,729,818,687,771,1072,77
004180,洗足,500,14906,7910,1561,495,2861,3429,2915,3167,4011,334
004180,洗足,1000,66774,36781,6930,2102,13958,15310,12187,13746,20314,1597
003832,芦花公園,250,5122,3006,450,159,1146,1200,1044,1032,1734,132
003832,芦花公園,500,18722,10710,1841,637,4118,4337,3597,3810,6067,502
003832,芦花公園,1000,60528,33778,6207,2050,12962,14399,11393,12261,18938,1594
004079,高輪台,250,3875,2121,511,106,651,1080,764,620,1143,107
004079,高輪台,500,13532,7358,1702,398,2288,3609,2599,2310,3966,492
004079,高輪台,1000,50189,27706,6335,1404,8236,12997,9678,8754,15192,1869
003060,見沼代親水公園,250,2948,1409,353,139,599,745,492,529,647,87
003060,見沼代親水公園,500,9350,4210,1151,411,1674,2231,1624,2028,1690,289
003060,見沼代親水公園,1000,30392,13239,3695,1339,4898,6657,5511,7741,4756,979
003775,国立競技場,250,369,257,26,10,125,92,51,39,185,10
003775,国立競技場,500,3026,1868,318,94,629,738,450,471,1228,119
003775,国立競技場,1000,30858,18849,2976,852,5390,7294,5225,5647,11948,1107
003602,牛込神楽坂,250,4710,2857,461,109,787,1137,959,832,1805,121
003602,牛込神楽坂,500,18164,10595,1903,481,3060,4333,3581,3279,6394,590
003602,牛込神楽坂,1000,63847,37738,6687,1730,12773,15652,11345,10678,23365,2232
004268,大森海岸,250,7678,4349,676,233,1329,1813,1521,1721,2378,292
004268,大森海岸,500,22317,13345,2077,624,4646,5425,4095,4052,8095,892
004268,大森海岸,1000,61824,37009,5625,1660,13340,14421,10950,11808,22787,2041
004186,戸越公園,250,4643,2628,461,141,924,1096,822,986,1497,90
004186,戸越公園,500,20255,11460,2039,576,4016,4735,3593,4371,6595,360
004186,戸越公園,1000,83616,47782,8350,2323,17333,19683,14231,17734,28048,1588
004091,お台場海浜公園,250,2337,1067,346,114,298,577,630,302,375,137
004091,お台場海浜公園,500,4405,1980,676,215,587,1112,1154,555,691,288
004091,お台場海浜公園,1000,9555,4254,1821,356,1333,3005,2060,840,1481,819
003177,青井,250,3156,1582,269,151,531,562,645,932,689,169
003177,青井,500,12425,6354,1155,500,2250,2435,2517,3191,3025,558
003177,青井,1000,49769,26623,4773,1872,10454,10107,9450,11029,13887,2283
003778,参宮橋,250,2846,1633,315,76,496,775,514,432,936,123
003778,参宮橋,500,11959,6961,1314,304,2202,3253,2079,1805,4135,513
003778,参宮橋,1000,42377,25989,4179,1059,8529,11199,6996,6404,16573,1664
003787,桜田門,250,4,4,0,0,2,2,0,1,0,1
003787,桜田門,500,8,8,0,0,2,2,0,1,0,1
003787,桜田門,1000,1070,664,104,39,225,214,219,219,418,41
003736,富士見ヶ丘,250,2433,1346,229,83,421,521,426,607,755,44
003736,富士見ヶ丘,500,9045,4786,917,310,1508,1830,1607,2433,2544,155
003736,富士見ヶ丘,1000,45345,23266,4980,1595,7932,9598,8151,11083,12026,718
003104,西高島平,250,1088,637,99,35,254,231,187,228,380,40
003104,西高島平,500,5069,2706,505,209,960,1089,968,1158,1510,157
003104,西高島平,1000,25130,12418,2738,1007,4196,5296,4787,6312,6108,819
003171,江北,250,3101,1510,264,99,457,622,594,973,616,107
003171,江北,500,11129,5418,1091,389,1727,2225,2062,3315,2369,484
003171,江北,1000,43227,21800,4144,1597,6987,8348,8015,12813,10402,2143
003355,鐘ヶ淵,250,3110,1572,304,106,453,578,651,1020,738,58
003355,鐘ヶ淵,500,12107,5945,1266,450,1742,2371,2382,3897,2619,298
003355,鐘ヶ淵,1000,36682,17721,4275,1468,5853,8075,7057,9878,7598,1149
004181,荏原中延,250,6030,3452,613,160,1247,1439,1087,1186,2020,99
004181,荏原中延,500,23481,13337,2469,620,4741,5640,4077,4807,7808,426
004181,荏原中延,1000,86026,49852,8487,2337,17864,20548,14759,17722,29981,1581
004216,九品仏,250,3136,1704,312,94,564,772,645,737,890,67
004216,九品仏,500,11731,6197,1225,392,2134,2853,2446,2653,3139,291
004216,九品仏,1000,44110,23185,4583,1631,8095,10355,9441,9727,11631,1185
003150,大師前,250,3466,1860,332,126,570,737,667,861,965,221
003150,大師前,500,13603,7179,1289,535,2368,2731,2658,3384,3773,702
003150,大師前,1000,55991,27997,5937,2184,9470,11735,10950,13463,13446,2653
003144,西新井大師西,250,2286,1260,160,64,396,494,437,665,645,116
003144,西新井大師西,500,9628,5017,855,347,1797,2024,1771,2492,2499,459
003144,西新井大師西,1000,42822,21288,4152,1658,7292,8478,8201,11570,10076,1914
004223,奥沢,250,4228,2406,411,116,858,1038,827,941,1366,109
004223,奥沢,500,14580,8094,1339,482,2947,3448,3030,3255,4433,368
004223,奥沢,1000,48957,26117,4842,1728,9500,11524,10163,10931,13389,1292
003491,下落合,250,4914,3207,340,144,1190,998,644,1050,2287,398
003491,下落合,500,17833,11363,1443,553,4316,3695,2602,3405,7876,1393
003491,下落合,1000,70747,43844,6082,2147,16256,15528,11413,13817,28776,5294
003525,小村井,250,5301,2425,664,294,869,1322,1062,1088,989,142
003525,小村井,500,16465,7876,1868,793,2781,3790,3140,4076,3411,618
003525,小村井,1000,65073,32156,7341,2466,11386,14816,11609,17239,14848,3048
003120,谷在家,250,2850,1479,281,126,505,607,500,675,756,101
003120,谷在家,500,10132,4939,1134,463,1822,2147,1803,2327,2320,462
003120,谷在家,1000,36216,16927,4119,1660,6092,7586,6916,8679,7334,1671
003938,神泉,250,4158,2890,256,70,887,1002,622,702,2140,149
003938,神泉,500,13631,8854,1054,283,2893,3384,2148,2356,6114,562
003938,神泉,1000,43486,26108,4361,1136,9165,11259,7225,6956,16525,1812
003859,越中島,250,2167,1160,209,75,485,496,417,456,632,72
003859,越中島,500,10792,5604,1291,350,1932,2656,2150,2263,2766,334
003859,越中島,1000,59693,31591,7074,1903,10893,15170,12434,11424,15860,2326
003209,扇大橋,250,2799,1442,294,75,559,604,456,695,735,164
003209,扇大橋,500,10585,5194,1246,389,1866,2376,1796,2590,2370,667
003209,扇大橋,1000,29811,14186,3416,1238,4965,6313,5405,7600,6119,1673
003981,新豊洲,250,1354,608,298,29,305,489,175,55,206,129
003981,新豊洲,500,4406,1780,1130,108,737,1643,573,201,462,389
003981,新豊洲,1000,26064,11024,5558,889,3873,8654,4312,2729,3261,1792
003315,北池袋,250,4624,2856,356,151,1235,984,825,977,1899,453
003315,北池袋,500,21052,12691,1839,669,5325,4720,3835,4292,8098,1899
003315,北池袋,1000,87211,54030,7208,2524,23662,20412,14874,16178,35318,9230
004279,沼部,250,2769,1460,279,125,455,656,600,509,770,68
004279,沼部,500,9981,5107,1097,423,1681,2305,2104,1950,2504,197
004279,沼部,1000,51034,27929,5411,1735,10705,11984,9693,9482,15235,1033
004210,緑が丘,250,2568,1439,222,82,545,606,518,591,803,64
004210,緑が丘,500,11960,6480,1116,418,2476,2752,2442,2694,3438,312
004210,緑が丘,1000,55883,30158,5553,1995,11350,12843,10987,12167,15943,1521
003311,新桜台,250,4066,2489,359,122,970,873,693,772,1667,119
003311,新桜台,500,16190,9994,1275,515,3914,3497,2842,3029,6617,467
003311,新桜台,1000,64923,39400,5333,2028,16214,14256,11108,11650,25230,2027
004220,鮫洲,250,4536,2437,546,168,853,1164,861,750,1279,114
004220,鮫洲,500,18706,10186,2366,572,3680,4956,3288,2935,5459,540
004220,鮫洲,1000,67261,36666,8491,1956,13959,17384,10972,11054,19981,2274
003931,世田谷代田,250,3835,2367,287,105,1092,939,696,700,1503,141
003931,世田谷代田,500,14116,8602,1078,423,3803,3457,2571,2702,5380,486
003931,世田谷代田,1000,56948,33641,5070,1858,14410,14288,10347,10734,20411,1700
003078,舎人,250,2102,983,256,91,449,487,380,386,429,87
003078,舎人,500,8124,3655,1034,377,1580,1853,1479,1601,1489,297
003078,舎人,1000,26939,11856,3507,1252,4459,6121,4851,6132,4475,884
003112,新高島平,250,3464,1942,282,106,568,634,624,1089,1046,174
003112,新高島平,500,10306,5687,853,368,1663,1892,1812,3261,2966,344
003112,新高島平,1000,33236,18121,2947,1226,5223,6451,5977,10272,9695,1439
004017,松陰神社前,250,4690,2757,452,139,1003,1305,839,914,1656,104
004017,松陰神社前,500,17262,9733,1839,595,3654,4592,3126,3383,5578,321
004017,松陰神社前,1000,65710,36401,7096,2261,14200,16758,12398,12779,20293,1315
003266,熊野前,250,3858,1920,522,177,735,958,648,803,936,187
003266,熊野前,500,14464,7403,1770,539,2915,3336,2489,3325,3717,693
003266,熊野前,1000,57105,29626,6043,1899,11652,12743,10042,14388,14870,2955
004188,下神明,250,3671,1915,419,123,636,810,655,852,1005,68
004188,下神明,500,18214,9881,1971,575,3541,4174,3211,3893,5372,397
004188,下神明,1000,72644,41258,7519,2125,15031,17273,12443,14309,23857,1592
004144,テレコムセンター,250,33,25,2,0,21,4,0,0,15,24
004144,テレコムセンター,500,451,354,24,1,345,55,3,1,261,391
004144,テレコムセンター,1000,832,690,45,1,658,106,8,2,581,708
003239,王子駅前,250,2047,1085,257,65,447,545,368,363,557,113
003239,王子駅前,500,12193,6697,1229,390,2864,2976,2117,2590,3679,668
003239,王子駅前,1000,56484,30652,5519,1923,11927,12563,9687,14715,16420,2746
003914,池ノ上,250,3845,2384,318,132,1026,937,724,700,1575,151
003914,池ノ上,500,12636,7364,1199,429,3046,3094,2326,2405,4425,468
003914,池ノ上,1000,52019,29714,5234,1655,11847,13065,9478,9913,17224,1774
004064,有明,250,511,224,111,11,118,186,65,15,61,60
004064,有明,500,2027,1003,376,36,517,731,287,91,430,192
004064,有明,1000,11474,5060,2446,284,1794,4350,1800,791,1591,822
004125,北品川,250,3626,2305,294,72,685,727,610,829,1509,119
004125,北品川,500,14112,8279,1405,382,2395,3088,2585,3048,4931,461
004125,北品川,1000,44745,25092,5164,1244,7415,10737,8055,8924,14192,1444
003279,西ヶ原,250,2639,1286,308,83,491,566,503,684,606,73
003279,西ヶ原,500,12266,6279,1338,417,2389,2664,2198,3229,3125,455
003279,西ヶ原,1000,55723,29696,5775,1828,11900,12505,9681,13747,15566,2640
004037,有明テニスの森,250,324,170,57,5,92,105,34,13,64,24
004037,有明テニスの森,500,5074,2294,1113,114,910,1927,750,254,801,339
004037,有明テニスの森,1000,16054,7003,3498,401,2365,5919,2449,1407,2150,1225
004020,上町,250,4151,2466,368,117,860,1064,769,965,1495,70
004020,上町,500,16361,9030,1804,493,3339,4176,2927,3563,4969,289
004020,上町,1000,60758,32021,7150,2259,11947,15262,11551,12335,16447,1093
003901,新代田,250,3722,2409,250,88,1146,907,666,657,1624,134
003901,新代田,500,14236,8881,1036,406,3971,3500,2586,2710,5700,503
003901,新代田,1000,57786,35426,4521,1732,15703,14309,10241,10961,22444,1855
003232,柴又,250,3085,1591,259,101,542,586,643,914,794,62
003232,柴又,500,11685,5704,1177,459,1998,2313,2362,3251,2569,247
003232,柴又,1000,37020,17634,4018,1517,6370,7818,7514,9445,7468,794
003299,町屋駅前,250,5295,2872,472,163,1098,1131,1023,1374,1486,322
003299,町屋駅前,500,18909,10276,1717,606,3966,4034,3492,4949,5468,1035
003299,町屋駅前,1000,69222,36228,6937,2409,14171,14989,12775,17400,18362,4305
004323,蓮沼,250,6587,4097,465,165,1452,1476,1162,1321,2715,432
004323,蓮沼,500,20635,12667,1522,556,4568,4561,3733,4085,8183,1139
004323,蓮沼,1000,72556,42174,6242,2264,15478,15862,13100,15046,25394,3346
003880,東北沢,250,3728,2229,310,96,858,959,655,719,1326,134
003880,東北沢,500,13967,8323,1248,394,3257,3500,2502,2617,5067,511
003880,東北沢,1000,53783,32019,4965,1560,12765,13334,9540,9869,19683,1842
003378,大塚駅前,250,4847,3311,310,131,1508,1101,771,918,2339,701
003378,大塚駅前,500,24230,15904,1806,692,7140,5684,3987,4463,10848,3129
003378,大塚駅前,1000,87300,53616,7658,2556,23045,20628,14813,16289,34378,8616
003548,東あずま,250,4332,2252,371,131,671,905,816,1430,1108,299
003548,東あずま,500,16575,8405,1609,569,2828,3536,3037,4962,3992,1204
003548,東あずま,1000,62300,32415,6574,2356,11507,14167,11049,16178,16340,3827
003957,山下,250,3790,2237,318,100,904,867,761,814,1323,86
003957,山下,500,14604,8512,1317,417,3362,3511,2775,3162,5023,316
003957,山下,1000,53848,30037,5288,1838,11598,13077,10440,11395,16680,1110
004127,大崎広小路,250,3981,2534,293,76,873,947,668,769,1671,150
004127,大崎広小路,500,18229,11139,1830,402,3766,4654,3125,2938,7023,656
004127,大崎広小路,1000,75832,44722,8271,1863,15468,19909,12717,12270,27222,2558
003996,若林,250,4691,2838,445,127,1201,1248,812,848,1787,68
003996,若林,500,18749,10826,1994,595,4448,4965,3361,3302,6440,352
003996,若林,1000,70157,40605,7014,2186,16625,18237,12725,12853,24143,1594
004021,世田谷,250,4716,2769,402,141,1049,1219,884,1007,1629,81
004021,世田谷,500,16445,9282,1658,523,3318,4226,3055,3592,5260,294
004021,世田谷,1000,62426,33366,7202,2249,12508,15842,11849,12573,17589,1168
004212,北千束,250,4188,2176,517,136,833,977,792,762,1069,85
004212,北千束,500,14503,7676,1614,487,2891,3209,2721,2943,3938,336
004212,北千束,1000,59224,32350,6097,2022,11995,13055,11069,12420,17616,1487
003196,高野,250,2346,1111,289,93,376,509,414,604,489,138
003196,高野,500,10582,5156,1134,420,1744,2124,1921,2956,2288,533
003196,高野,1000,39920,19358,4263,1548,6384,7980,7325,11315,8649,2103
003224,小菅,250,2046,1087,217,58,455,495,307,456,586,69
003224,小菅,500,8227,3619,660,213,1986,1969,1499,1709,1916,416
003224,小菅,1000,41591,21770,3910,1286,9259,9447,7460,8684,11852,1652
003331,江戸川,250,2516,1270,290,102,510,506,481,569,624,114
003331,江戸川,500,8793,4447,1008,341,1808,1796,1620,1950,2236,414
003331,江戸川,1000,36156,18735,3718,1470,7091,7385,6796,8561,9500,1636
003339,新三河島,250,5411,3073,529,189,1420,1306,931,1014,1772,596
003339,新三河島,500,22265,12273,2208,760,5478,5250,3831,4624,6800,2502
003339,新三河島,1000,80463,44299,7916,2623,18979,18716,14265,17268,24116,8259
004312,昭和島,250,1,1,0,0,0,0,0,0,0,0
004312,昭和島,500,829,461,84,23,176,182,135,176,276,16
004312,昭和島,1000,12093,6238,1210,472,2334,2511,2113,2927,3299,320
003098,舎人公園,250,46,20,6,3,8,9,8,9,8,1
003098,舎人公園,500,1513,643,228,81,250,369,253,282,250,62
003098,舎人公園,1000,22841,10431,2730,1155,3872,4819,4135,5408,4405,902
003298,赤土小学校前,250,5417,2832,561,178,1205,1202,940,1273,1448,353
003298,赤土小学校前,500,20467,10996,2122,643,4855,4749,3408,4542,5819,1381
003298,赤土小学校前,1000,72564,39560,7258,2326,16971,16660,12481,16470,21404,5000
003244,新柴又,250,3154,1414,357,144,517,641,678,786,518,44
003244,新柴又,500,12640,5678,1421,592,2056,2636,2634,3172,2098,239
003244,新柴又,1000,38052,18223,4053,1584,6560,7778,7657,10012,7848,1008
003958,竹芝,250,372,233,33,2,128,132,57,22,132,25
003958,竹芝,500,1234,703,158,19,297,392,230,117,374,72
003958,竹芝,1000,23639,13558,3051,619,4858,6661,4310,3175,7860,1196
004030,芝浦ふ頭,250,1124,773,101,15,291,319,165,143,552,64
004030,芝浦ふ頭,500,6297,3906,740,112,1498,1818,1095,661,2502,397
004030,芝浦ふ頭,1000,27553,15735,4039,592,5982,8609,4612,2839,9068,1716
003610,亀戸水神,250,3869,2261,363,137,924,911,700,823,1380,250
003610,亀戸水神,500,16137,8989,1726,553,3558,3931,2783,3520,5092,1092
003610,亀戸水神,1000,73940,40231,7926,2451,14556,17611,12791,18006,21624,6702
004393,新整備場,250,0,0,0,0,0,0,0,0,0,0
004393,新整備場,500,0,0,0,0,0,0,0,0,0,0
004393,新整備場,1000,0,0,0,0,0,0,0,0,0,0
003297,堀切,250,1230,631,119,39,191,257,264,303,307,37
003297,堀切,500,5705,2790,755,175,861,1388,1050,1271,1227,221
003297,堀切,1000,34267,16657,4000,1375,5098,7669,6568,8808,7246,1522
003989,宮の坂,250,2565,1378,255,88,478,597,484,649,720,44
003989,宮の坂,500,13020,7033,1452,430,2607,3158,2334,2984,3721,217
003989,宮の坂,1000,58411,32320,6173,1924,12348,14392,11017,12317,17769,1081
003750,南新宿,250,3788,2475,304,93,736,950,551,646,1692,149
003750,南新宿,500,9972,6594,778,282,2088,2513,1474,1530,4596,361
003750,南新宿,1000,29220,18963,2470,736,6049,7485,4568,4333,12850,1249
003436,東池袋四丁目,250,4935,2985,449,119,1116,1238,977,931,1824,275
003436,東池袋四丁目,500,16026,9565,1586,398,3706,4078,2895,2969,5777,933
003436,東池袋四丁目,1000,65358,40553,5812,1883,16580,15866,11326,11890,26267,5295
003235,足立小台,250,1361,560,209,59,170,405,292,205,141,142
003235,足立小台,500,4795,2162,672,178,790,1296,915,892,812,401
003235,足立小台,1000,31737,15474,3847,1178,5569,7216,5660,7891,7046,1689
004128,東京国際クルーズターミナル,250,258,215,18,0,232,41,4,1,229,236
004128,東京国際クルーズターミナル,500,806,668,45,1,652,105,8,2,577,701
004128,東京国際クルーズターミナル,1000,1034,773,83,11,684,160,57,24,606,724
003252,荒川車庫前,250,3792,1814,419,172,712,831,715,924,754,144
003252,荒川車庫前,500,14812,7312,1515,611,2749,3196,2828,3840,3273,630
003252,荒川車庫前,1000,49935,25628,4986,1784,9367,10572,8943,14013,12327,2333
003370,三ノ輪橋,250,4853,2720,429,146,986,1169,915,1186,1502,321
003370,三ノ輪橋,500,19539,10885,1853,589,3990,4659,3492,4819,5997,1353
003370,三ノ輪橋,1000,77075,42089,7974,2405,15150,18176,14122,18730,21667,5649
003255,小台,250,4227,2176,444,154,825,870,739,1186,1093,121
003255,小台,500,14511,7389,1514,528,2669,2993,2527,4198,3608,551
003255,小台,1000,52382,26573,5690,1908,10352,11766,9310,13014,12723,2603
003514,早稲田,250,5730,3521,477,263,1380,1123,853,1160,2368,596
003514,早稲田,500,17254,10383,1422,835,4366,3383,2703,3174,6850,1675
003514,早稲田,1000,63719,39219,5483,2411,15948,13383,10296,11203,25822,4803
003915,松原,250,3598,2031,330,142,739,896,754,731,1139,80
003915,松原,500,14424,7692,1472,605,2983,3407,3002,2941,4029,286
003915,松原,1000,57331,32136,5645,1995,12972,13702,11019,11616,18107,1371
003259,宮ノ前,250,3344,1718,373,114,685,680,585,880,906,140
003259,宮ノ前,500,13348,6744,1543,490,2590,2925,2318,3433,3354,522
003259,宮ノ前,1000,53201,27388,5679,1852,10807,11901,9408,13172,13448,2816
003310,新庚申塚,250,5321,2979,497,178,1190,1193,982,1206,1710,317
003310,新庚申塚,500,19947,11247,1855,637,4714,4502,3498,4456,6614,1226
003310,新庚申塚,1000,82475,46679,8072,2734,19949,18953,14388,17376,27055,5916
003246,梶原,250,3586,1958,311,101,775,748,629,1009,1055,163
003246,梶原,500,13522,7105,1296,461,2767,2873,2416,3671,3589,637
003246,梶原,1000,49107,25715,4814,1685,9750,10619,8722,13362,12857,2541
003468,鬼子母神前,250,4333,2680,406,131,1062,1051,738,858,1759,208
003468,鬼子母神前,500,15334,9071,1497,487,3706,3613,2682,3044,5595,842
003468,鬼子母神前,1000,59270,34867,5770,2027,14315,14003,10241,10861,21514,4151
003289,西ヶ原四丁目,250,4548,2612,422,163,1032,1025,790,1082,1539,178
003289,西ヶ原四丁目,500,18058,9970,1811,598,3990,4052,3195,4279,5487,769
003289,西ヶ原四丁目,1000,70961,38345,7257,2468,15780,15827,12426,16578,20845,3657
004119,青海,250,0,0,0,0,0,0,0,0,0,0
004119,青海,500,78,62,4,1,47,12,9,4,53,47
004119,青海,1000,4762,2430,647,196,1178,1097,1050,522,1189,954
003319,庚申塚,250,5908,3181,501,189,1553,1250,1001,1306,1908,506
003319,庚申塚,500,21024,12104,1898,681,5134,4768,3671,4506,7299,1697
003319,庚申塚,1000,82660,48478,7614,2608,21101,19138,14236,16761,29470,7033
003979,日の出,250,716,463,81,17,210,208,127,30,313,56
003979,日の出,500,4446,2717,569,104,1180,1395,751,322,1743,256
003979,日の出,1000,23774,14689,2775,465,5682,6854,4008,3101,9374,1316
003254,荒川遊園地前,250,3923,2014,377,153,675,807,699,1176,974,173
003254,荒川遊園地前,500,16484,8294,1660,649,3035,3503,3019,4511,3839,669
003254,荒川遊園地前,1000,50870,25870,5258,1821,9640,10912,9105,13804,12380,2347
004348,整備場,250,0,0,0,0,0,0,0,0,0,0
004348,整備場,500,1124,759,27,46,289,138,149,420,564,37
004348,整備場,1000,14969,8679,1094,548,3407,2770,2463,3969,5371,453
003490,学習院下,250,4761,2724,523,166,1148,1150,827,789,1611,404
003490,学習院下,500,17916,10572,1768,672,4529,4119,3098,2941,6581,1687
003490,学習院下,1000,62333,37677,5628,2226,15172,13785,10365,11493,24165,5221
003350,荒川区役所前,250,4067,2052,500,125,821,946,745,894,947,280
003350,荒川区役所前,500,16959,8506,1971,608,3195,3889,3134,4089,3995,1359
003350,荒川区役所前,1000,73240,38489,7831,2501,15115,17042,13344,16897,19622,6640
003276,滝野川一丁目,250,4310,2256,402,184,870,916,824,1105,1130,152
003276,滝野川一丁目,500,16546,8677,1758,646,3368,3693,2984,4037,4445,594
003276,滝野川一丁目,1000,61119,32801,6336,2085,12815,13612,10785,15137,17362,2537
003284,東尾久三丁目,250,4534,2463,442,137,964,944,816,1176,1321,144
003284,東尾久三丁目,500,18715,9879,1896,634,3782,4042,3350,4873,5093,817
003284,東尾久三丁目,1000,70206,37284,7184,2312,15106,15797,12413,16962,19406,4150
003407,向原,250,5906,3824,506,129,1650,1508,980,1015,2571,575
003407,向原,500,22447,14391,1895,565,5929,5631,3784,4054,9563,2224
003407,向原,1000,76479,48155,6551,2132,20645,18378,12976,13751,31542,7826
003351,巣鴨新田,250,6383,4155,480,180,1879,1494,1088,1144,2790,950
003351,巣鴨新田,500,23322,14443,1925,675,6742,5399,3842,4278,9469,2957
003351,巣鴨新田,1000,87170,53843,7450,2573,23505,20637,14764,16572,34818,8981
003443,都電雑司ヶ谷,250,3268,2005,303,77,845,794,573,620,1269,196
003443,都電雑司ヶ谷,500,14338,8663,1329,367,3447,3516,2610,2786,5372,810
003443,都電雑司ヶ谷,1000,58074,35500,5457,1682,14468,14385,10013,10417,22617,4224
003256,飛鳥山,250,3041,1553,348,132,618,754,591,594,741,107
003256,飛鳥山,500,12205,6408,1288,457,2535,2832,2240,2819,3284,453
003256,飛鳥山,1000,58457,31598,5889,1965,12537,13104,10069,14704,16836,2685
003322,荒川二丁目,250,2305,1153,252,95,454,474,400,618,557,143
003322,荒川二丁目,500,14185,7172,1529,560,2721,3026,2718,3550,3380,869
003322,荒川二丁目,1000,68945,35593,7576,2377,13802,15716,12544,16416,17668,5582
003509,面影橋,250,5633,3144,524,270,1346,1147,1043,943,1874,522
003509,面影橋,500,22166,13292,1976,894,5703,4684,3686,3754,8558,2170
003509,面影橋,1000,59424,36181,5279,2284,14686,12722,9705,10728,23461,5028
003253,栄町,250,2559,1416,245,65,586,615,418,622,795,96
003253,栄町,500,10504,5752,991,293,2419,2357,1823,2593,3117,513
003253,栄町,1000,54105,28755,5419,1875,11317,12098,9503,13769,14882,2695
003291,町屋二丁目,250,4633,2583,383,118,936,970,846,1349,1424,147
003291,町屋二丁目,500,19294,10342,1732,584,3983,4020,3554,5292,5436,769
003291,町屋二丁目,1000,72732,38702,7347,2429,15567,16282,12985,17657,20114,4692
004006,西太子堂,250,5099,3310,390,130,1409,1349,904,882,2284,130
004006,西太子堂,500,20140,12636,1588,489,5430,5207,3519,3552,8404,520
004006,西太子堂,1000,76881,46119,7126,2122,19401,20225,13479,13868,28844,2022
003357,荒川一中前,250,4758,2435,537,163,877,1135,858,1161,1171,322
003357,荒川一中前,500,18701,9820,2078,589,3599,4459,3319,4566,4948,1352
003357,荒川一中前,1000,75097,39813,8045,2540,15095,17756,13642,17484,20474,6170
003306,荒川七丁目,250,2866,1630,250,89,592,592,481,819,901,246
003306,荒川七丁目,500,14010,7377,1374,507,2894,2981,2611,3508,3727,862
003306,荒川七丁目,1000,66647,34052,7202,2320,13044,14765,12186,16512,16684,4015
003524,とうきょうスカイツリー,250,3962,2225,370,103,873,963,748,884,1211,111
003524,とうきょうスカイツリー,500,17024,9336,1654,438,3764,4205,3186,3704,4961,374
003524,とうきょうスカイツリー,1000,67206,36959,6539,1885,15117,16453,12503,14512,19923,2064
003488,上野動物園東園,250,1810,1027,195,43,328,452,368,397,581,80
003488,上野動物園東園,500,8660,4965,873,219,1663,2086,1691,1823,2822,364
003488,上野動物園東園,1000,31485,17985,3067,872,6062,7272,5917,6771,10481,1571
003497,上野動物園西園,250,1773,1022,202,40,342,449,349,384,579,82
003497,上野動物園西園,500,8322,4777,893,198,1710,2047,1548,1641,2722,413
003497,上野動物園西園,1000,32762,19100,3126,862,6622,7527,5912,6790,11436,1713
_area,対象地域全体,0,9715906,5208120,1057004,342598,1934662,2266142,1772594,2024435,2783728,402593
