station,name,passengers,near_edge,level,major,mid,count,share,base_share,LQ,count_w,share_w,base_share_w,LQ_w,per_10k_passengers_w
kameido,亀戸,,0,major,和食,,408,0.5237,0.4703,1.1137,288.7316,0.5846,0.5376,1.0874,
kameido,亀戸,,0,major,バー・スナック,,81,0.104,0.1184,0.878,48.5716,0.0983,0.1167,0.8426,
kameido,亀戸,,0,major,中華・アジア,,97,0.1245,0.0916,1.3592,52.4489,0.1062,0.0862,1.2321,
kameido,亀戸,,0,major,洋食,,86,0.1104,0.1279,0.8632,52.2979,0.1059,0.1144,0.9257,
kameido,亀戸,,0,major,カフェ・軽食,,107,0.1374,0.1918,0.7162,51.8169,0.1049,0.145,0.7234,
kameido,亀戸,,0,major,不明,,7,,,,4.2763,,,,
kameido,亀戸,,0,mid,和食,ラーメン,35,0.0528,0.0461,1.1445,18.2519,0.0431,0.044,0.9784,
kameido,亀戸,,0,mid,和食,そば・うどん,13,0.0196,0.0324,0.6043,11.5392,0.0272,0.048,0.568,
kameido,亀戸,,0,mid,和食,すし,25,0.0377,0.0467,0.8077,12.7843,0.0302,0.0391,0.7714,
kameido,亀戸,,0,mid,和食,和食（割烹・天ぷら・うなぎ・郷土）,31,0.0468,0.0339,1.3799,16.0603,0.0379,0.0308,1.2322,
kameido,亀戸,,0,mid,和食,焼き鳥・やきとん,29,0.0437,0.0328,1.3319,31.6566,0.0747,0.0585,1.2786,
kameido,亀戸,,0,mid,和食,焼肉・ホルモン,51,0.0769,0.0494,1.5581,26.4555,0.0625,0.0465,1.3438,
kameido,亀戸,,0,mid,和食,鍋・しゃぶしゃぶ,4,0.006,0.0087,0.6929,2.1112,0.005,0.0079,0.6288,
kameido,亀戸,,0,mid,和食,お好み焼き・もんじゃ,7,0.0106,0.0093,1.1351,6.2895,0.0149,0.0123,1.2107,
kameido,亀戸,,0,mid,和食,とんかつ・揚げ物,6,0.009,0.0143,0.6326,3.1266,0.0074,0.0136,0.5426,
kameido,亀戸,,0,mid,和食,串かつ・串揚げ,3,0.0045,0.0045,0.9958,1.5231,0.0036,0.0043,0.8454,
kameido,亀戸,,0,mid,和食,定食・丼,22,0.0332,0.0308,1.0778,12.4428,0.0294,0.022,1.3361,
kameido,亀戸,,0,mid,和食,海鮮・魚料理,17,0.0256,0.0249,1.0303,9.1937,0.0217,0.0228,0.9522,
kameido,亀戸,,0,mid,和食,居酒屋,78,0.1176,0.0842,1.3966,84.8292,0.2003,0.1473,1.3598,
kameido,亀戸,,0,mid,和食,不明,87,,,,52.4677,,,,
kameido,亀戸,,0,mid,バー・スナック,バー,56,0.0845,0.0995,0.8486,33.3655,0.0788,0.0974,0.8088,
kameido,亀戸,,0,mid,バー・スナック,スナック・パブ,6,0.009,0.0109,0.8332,3.5088,0.0083,0.0118,0.7029,
kameido,亀戸,,0,mid,バー・スナック,不明,19,,,,11.6973,,,,
kameido,亀戸,,0,mid,中華・アジア,中華,52,0.0784,0.0661,1.1872,27.3652,0.0646,0.0624,1.0348,
kameido,亀戸,,0,mid,中華・アジア,韓国料理,13,0.0196,0.0114,1.7133,7.1629,0.0169,0.0104,1.6202,
kameido,亀戸,,0,mid,中華・アジア,インド・ネパール,9,0.0136,0.0126,1.0812,4.7301,0.0112,0.0119,0.9408,
kameido,亀戸,,0,mid,中華・アジア,東南アジア・その他アジア,18,0.0271,0.0147,1.8513,10.1034,0.0239,0.0134,1.7758,
kameido,亀戸,,0,mid,中華・アジア,不明,5,,,,3.0873,,,,
kameido,亀戸,,0,mid,洋食,イタリアン,32,0.0483,0.0505,0.9564,16.8896,0.0399,0.0469,0.85,
kameido,亀戸,,0,mid,洋食,フレンチ・ビストロ,6,0.009,0.0248,0.3645,3.1266,0.0074,0.0222,0.3324,
kameido,亀戸,,0,mid,洋食,洋食,20,0.0302,0.0353,0.8549,10.996,0.026,0.0235,1.1026,
kameido,亀戸,,0,mid,洋食,ファミレス,3,0.0045,0.0057,0.7908,1.7982,0.0042,0.0044,0.9593,
kameido,亀戸,,0,mid,洋食,ハンバーガー・ファストフード,17,0.0256,0.0155,1.6584,15.1719,0.0358,0.0203,1.7614,
kameido,亀戸,,0,mid,洋食,その他各国料理,6,0.009,0.0127,0.7131,3.1266,0.0074,0.0113,0.653,
kameido,亀戸,,0,mid,洋食,不明,2,,,,1.189,,,,
kameido,亀戸,,0,mid,カフェ・軽食,カフェ・喫茶,53,0.0799,0.1429,0.5595,19.4269,0.0459,0.0845,0.5428,
kameido,亀戸,,0,mid,カフェ・軽食,パン,13,0.0196,0.0292,0.6721,7.7285,0.0182,0.0305,0.5978,
kameido,亀戸,,0,mid,カフェ・軽食,スイーツ・和菓子,25,0.0377,0.037,1.0178,14.9773,0.0354,0.0378,0.9363,
kameido,亀戸,,0,mid,カフェ・軽食,惣菜・弁当,13,0.0196,0.0132,1.486,7.7859,0.0184,0.0141,1.304,
kameido,亀戸,,0,mid,カフェ・軽食,不明,3,,,,1.8983,,,,
kameido,亀戸,,0,mid,不明,不明,7,,,,4.2763,,,,
