station,name,passengers,near_edge,stores,stores_w,per_10k_passengers_w,ラーメン,そば・うどん,すし,和食（割烹・天ぷら・うなぎ・郷土）,焼き鳥・やきとん,焼肉・ホルモン,鍋・しゃぶしゃぶ,お好み焼き・もんじゃ,とんかつ・揚げ物,串かつ・串揚げ,定食・丼,海鮮・魚料理,居酒屋,バー,スナック・パブ,中華,韓国料理,インド・ネパール,東南アジア・その他アジア,イタリアン,フレンチ・ビストロ,洋食,ファミレス,ハンバーガー・ファストフード,その他各国料理,カフェ・喫茶,パン,スイーツ・和菓子,惣菜・弁当
003922,渋谷,2897703,0,1165,550.5354,1.8999,1.3464,0.7797,0.6493,0.8501,1.3638,0.8294,1.5536,0.7686,0.7084,1.5306,0.3828,1.1278,1.4536,0.9645,0.9948,0.5118,1.4637,0.8843,0.8957,0.8083,0.658,1.0756,0.1489,0.7184,1.4584,0.9021,0.7152,1.5419,1.1433
003700,新宿,2713386,0,1034,478.7686,1.7645,1.1586,0.6063,0.9519,1.1203,0.5836,0.8459,1.5126,0.2738,0.9632,0.3312,0.8491,1.1676,1.0977,1.0261,0.2453,0.8171,1.131,0.3189,0.872,0.5127,0.5168,0.8611,0.1717,0.9779,1.1044,1.1713,1.4049,3.0302,1.1961
003390,池袋,2364011,0,1097,541.6341,2.2912,0.8441,0.8492,0.9872,0.8374,0.6961,0.9244,2.5713,1.5953,1.3841,0.5629,0.6169,1.4612,1.2186,0.9939,0.3725,0.9098,0.6729,0.271,1.4,0.6812,0.4322,0.6918,0.3284,0.6835,1.0727,0.9951,1.3293,2.0283,1.0026
003260,北千住,1434911,0,521,447.169,3.1164,0.6882,1.0431,0.5462,0.4878,1.4061,0.9691,1.248,1.1168,0.9959,,0.6375,1.4824,1.5354,0.9577,,0.5756,0.8398,0.4735,0.5756,0.5771,0.6041,0.4703,0.8791,1.218,1.1715,0.6406,1.1618,2.2325,1.78
003766,東京,1262604,0,866,326.8131,2.5884,0.8839,1.1408,1.1523,2.144,0.1504,0.5431,1.1825,0.7262,0.7003,0.5569,0.5106,0.9517,0.373,0.4486,0.9287,0.6074,0.9549,0.3283,1.2537,0.9836,1.8027,1.4012,,0.5498,1.1533,1.2534,1.8175,4.3581,4.6992
004095,品川,892969,0,359,143.2361,1.604,0.7335,1.1491,0.8252,1.4554,0.1987,0.8606,1.064,,0.6064,,1.2625,1.4043,1.2331,0.782,0.8792,0.6426,0.716,1.0093,0.9201,1.0763,0.3219,1.2808,0.7093,0.6438,0.4994,0.9244,1.3699,1.8115,4.7572
003508,高田馬場,809212,0,516,257.5499,3.1827,1.0801,0.49,0.3715,0.3782,1.4422,1.0437,1.9355,0.7884,0.9193,1.2712,0.9778,1.4901,1.4805,1.3202,1.1575,0.9903,1.5104,0.8117,1.2978,0.7915,0.1952,1.2699,0.6592,0.737,1.2112,0.6488,0.592,0.5856,0.5427
003872,新橋,787769,0,1471,659.6112,8.3732,0.6817,0.5854,0.9886,1.436,1.4217,1.1793,0.8597,0.742,1.05,1.6939,0.545,1.4584,2.0162,1.2798,1.0148,0.8914,1.3375,0.233,0.4956,0.602,0.571,0.9032,0.1637,0.3468,0.4823,0.4397,0.2956,0.2352,0.0646
003624,秋葉原,678406,0,689,266.8225,3.9331,1.2418,0.8073,0.9981,0.7187,0.4317,1.0625,2.1017,1.25,1.9466,1.0353,0.8508,1.4736,1.556,0.3696,,0.6412,1.0607,0.6646,0.7573,0.6834,0.5564,1.7263,1.434,0.5842,0.9864,1.6404,0.553,1.2066,0.5422
004072,目黒,565824,0,336,188.5371,3.3321,0.6662,1.061,0.7738,0.7809,1.545,1.3331,1.4756,,0.5434,,1.0105,1.1462,1.0655,1.1811,0.8792,0.7729,0.9316,2.2545,0.2485,1.2531,2.1571,0.7897,1.1737,0.839,1.8755,0.6567,0.5178,0.8555,
003505,上野,529457,0,480,242.8334,4.5865,1.0916,1.6327,0.6798,0.722,0.5589,1.2553,1.478,1.4079,0.6318,1.4561,0.4392,2.3164,1.2719,0.7567,0.3083,0.6897,0.9946,0.2337,0.426,0.8543,0.2236,0.6683,,0.4935,0.3468,0.9205,1.5392,1.9282,1.7872
003526,押上,526053,0,241,145.0922,2.7581,0.5239,1.0686,0.6123,1.8194,0.4886,1.1835,,1.6919,1.1371,,0.6593,1.0972,0.5055,0.8089,2.0668,0.8033,0.8951,1.2617,0.7668,0.961,0.6036,0.5351,1.3334,1.9769,2.497,1.4777,0.6445,3.8349,0.7899
004330,蒲田,408525,0,684,509.4632,12.4708,1.9823,0.5904,0.7689,0.9014,0.8103,1.3569,1.4678,0.8309,1.3146,0.4132,0.9143,1.5221,1.7323,1.0687,1.1779,0.8059,1.5521,0.5304,1.0879,0.5151,0.444,1.1131,0.3082,0.466,0.3936,0.338,0.5949,0.9655,0.3977
003568,中野,406312,0,538,316.4264,7.7878,1.4888,1.1609,0.8575,0.6818,0.7585,0.9877,0.8722,1.1488,0.8285,1.7186,1.3956,1.8226,1.4199,1.3046,0.8527,0.6066,0.1956,0.3677,1.1732,0.7983,0.2639,1.1177,0.3714,1.2081,1.6374,0.7543,0.4437,0.8068,
003719,大手町,396194,0,344,129.7885,3.2759,1.1645,1.3324,1.3103,1.1554,0.5642,0.5739,1.7738,,0.674,1.165,1.2765,1.1705,0.843,0.397,0.7085,1.1686,0.7958,0.7478,3.4085,1.3671,1.7887,1.7807,,0.7889,3.885,1.0451,0.9957,0.6172,0.3051
003795,有楽町,392785,0,583,223.3661,5.6867,0.7866,1.0593,0.7034,1.2651,0.2193,0.6801,1.4461,0.6561,0.5894,0.6792,1.0995,1.7727,1.0568,0.3208,0.7229,1.1198,0.6959,0.436,3.4946,0.876,1.8339,1.1326,1.6263,1.2613,2.0045,1.8318,0.7256,1.116,
003214,綾瀬,384554,0,172,152.9632,3.9777,1.2767,0.7723,1.0295,0.5056,2.6314,0.8394,1.2936,,1.106,2.549,0.9449,0.2134,1.4484,0.8417,1.1625,0.7813,0.88,0.827,0.3729,0.3739,0.5871,0.7618,1.6294,2.7054,,0.4236,0.9409,0.7465,0.9225
004014,中目黒,381738,0,518,226.6293,5.9368,0.6333,0.4865,0.9252,0.6284,0.9683,1.3005,2.0098,0.6453,0.6873,1.584,0.8789,1.7242,0.8586,1.3935,0.5934,0.6621,1.3525,,2.3172,1.4522,1.7025,1.1888,,0.9049,3.773,0.8652,0.8434,0.7528,
004110,五反田,375542,0,583,366.2037,9.7513,1.0124,0.8809,0.7676,0.9516,1.2659,1.6194,1.3527,1.1427,1.0794,2.1323,0.7214,1.2497,1.6213,1.0693,1.3661,0.9803,0.9103,,0.4679,0.8992,1.064,0.8538,0.6079,1.2017,0.7618,0.328,0.2553,0.1899,0.7823
004197,大井町,366901,0,414,253.4534,6.908,0.4615,0.7948,1.1081,0.6105,0.9137,1.39,0.7811,0.8248,1.5582,1.5391,0.8678,1.2886,1.5303,1.5085,0.986,1.0292,,0.7409,0.4503,0.3951,0.7089,0.7043,0.4388,1.1565,0.3666,0.5682,0.8293,0.8224,0.9035
003991,恵比寿,356771,0,1141,515.4213,14.4468,0.7442,0.6397,0.8659,0.8439,0.8616,1.0479,1.9793,0.8901,0.4102,1.0636,0.4775,1.5437,1.0645,1.5884,1.2481,0.7706,1.5741,0.3414,1.556,1.8462,1.1976,0.6921,0.3449,0.8321,2.0268,0.7473,0.4682,0.4643,0.7062
003368,西日暮里,353501,0,108,81.8059,2.3142,0.732,1.6218,0.9246,0.9684,1.4184,1.403,,,,2.4412,2.1848,0.8176,1.7933,0.746,,0.9523,0.8337,2.3505,,0.179,,0.3694,,0.8215,2.3259,0.7526,1.0456,0.3457,
003417,日暮里,348027,0,190,132.1067,3.7959,0.4308,1.5908,1.4965,0.5699,1.3912,0.9289,1.4583,,0.8312,,0.6429,0.7218,1.1884,0.5526,1.0284,1.201,2.4533,0.4611,1.6814,0.619,,0.563,1.0836,0.9669,,1.2112,0.6154,1.5626,2.0112
003294,小竹向原,317839,0,15,11.4337,0.3597,,,,,,1.6733,,,,,2.7939,,1.2042,1.6381,,,,,,,,,15.7846,,,0.5437,,5.5429,13.7002
003595,飯田橋,314792,0,417,186.6088,5.928,0.9195,1.2136,0.7081,0.4934,0.9784,1.4302,2.3615,0.7318,0.5004,,1.366,1.0868,1.7147,0.6713,0.7875,0.9285,,1.0415,0.9494,0.9284,0.7638,1.0816,0.5247,1.1816,0.3609,0.8597,0.2428,0.7388,0.1984
003639,錦糸町,299028,0,553,372.1167,12.4442,1.1096,0.9853,0.7822,1.0485,1.0842,1.0851,1.0731,1.0238,1.5291,1.0572,0.9043,1.0623,1.4954,1.0679,0.2779,0.7954,1.4443,0.509,1.7013,0.6591,0.1623,0.7015,0.269,1.9141,1.0073,0.7153,0.455,0.9669,0.478
003997,新木場,296274,1,29,18.9532,0.6397,1.8596,8.0399,,,,,,,,,5.4901,,1.2471,0.3617,,,,,,,,1.8566,,2.6927,,1.0536,,,
003728,四ツ谷,295458,0,222,105.8857,3.5838,0.5831,0.899,0.8163,1.8504,1.2163,0.6383,1.3826,,0.8995,,0.7973,1.5622,1.4199,1.0799,,1.0942,,0.9981,1.7633,0.8981,0.9549,0.4853,,0.9084,3.7036,1.0685,0.3611,0.5372,0.3567
004135,大崎,290388,0,146,80.0669,2.7572,0.9496,1.7171,0.8047,0.4711,,1.365,1.2053,,2.061,2.375,1.607,0.7954,0.8335,0.6497,,1.5883,,1.5245,2.0846,1.7418,,1.902,1.3542,2.9745,,1.0521,0.5688,0.282,
003671,市ヶ谷,279416,0,170,71.2915,2.5514,1.0796,1.0875,1.2759,1.3313,1.034,1.0071,,0.9874,0.5914,,0.8401,2.1995,1.0998,0.4398,0.3108,1.8219,2.1935,2.0614,1.281,0.4498,0.6722,1.1363,2.4205,0.9019,1.1118,1.1818,0.4368,,0.6643
003847,代々木上原,269075,0,194,80.5295,2.9928,0.4491,1.4304,1.0107,1.3367,0.4549,0.5533,,,0.6498,2.2464,0.4322,0.3762,0.3137,0.8441,0.6083,1.0015,,,,1.977,5.1737,0.877,,1.5816,2.1403,1.5945,1.5972,0.9052,1.678
003949,浜松町,267804,0,312,132.4178,4.9446,1.324,1.573,0.9414,1.0947,0.8368,1.2688,0.5602,0.967,1.2772,1.1038,0.7386,2.4029,1.6591,0.5929,0.3086,1.1687,1.8849,1.0628,0.9688,0.2429,0.339,0.7493,1.4937,0.226,3.155,0.8344,0.2404,,0.2947
004000,田町,251710,0,307,134.7405,5.353,0.7412,1.6256,0.3474,1.0505,0.803,1.3045,1.0751,2.3198,2.4512,2.1185,0.8505,2.3059,1.9382,0.6954,1.1845,0.6493,0.7235,0.34,1.8594,0.5438,0.6505,0.8628,,0.4337,0.5046,0.7473,0.1154,0.1144,
003575,荻窪,250115,0,453,292.7391,11.7042,1.1302,0.5392,0.9024,0.7476,0.8787,1.0521,1.1477,,1.3083,1.5076,0.9666,0.8836,0.8657,1.4901,0.7546,1.0502,0.5149,1.2096,0.8822,0.7187,0.8102,1.6046,0.4443,0.9042,1.4364,0.8948,1.0449,1.5545,1.4941
003951,豊洲,246184,0,144,83.1543,3.3777,1.116,1.3403,0.6671,,,0.7639,1.8887,1.1525,2.6913,,2.1965,0.6232,0.9979,0.2171,,1.037,1.9065,,1.0889,1.0918,,2.2284,1.8511,3.2319,2.6594,0.8958,2.1494,1.1842,1.1708
003677,神田,237297,0,819,344.3808,14.5126,1.2771,0.9298,0.882,1.3515,1.4437,1.2238,0.4323,0.617,1.3551,1.2776,0.8166,2.1395,2.015,0.4216,0.3885,1.068,0.5818,1.0935,0.7476,0.406,0.7847,1.1835,0.2949,0.2884,1.0144,0.5603,0.091,0.361,0.3346
003615,御茶ノ水,231276,0,199,80.2379,3.4694,1.2048,1.2532,0.5533,1.0246,0.278,0.8482,0.8739,,1.9923,,2.641,0.865,1.4377,0.2515,,0.3838,,1.6579,2.0151,0.7577,1.0575,2.8227,2.3849,2.7207,0.8203,1.4689,0.7358,0.1824,
003823,銀座,230271,0,1477,658.2084,28.5841,0.4765,0.3322,1.246,2.3202,0.2117,0.9367,3.224,,0.4176,0.2888,0.6897,1.3628,0.399,1.8875,0.8548,0.6305,0.7567,0.9116,1.3379,1.2292,2.3796,1.0204,0.5785,0.4683,2.3385,1.2094,0.9058,2.1435,0.714
003908,下北沢,229107,0,677,314.0439,13.7073,1.2094,0.5213,0.3194,0.1263,1.1252,0.9411,0.9695,1.4181,0.1842,1.2736,0.9807,0.9597,0.97,1.4116,1.2798,0.5678,0.8699,0.8175,2.0494,0.6071,0.6844,1.6583,0.8265,1.8559,1.8202,1.4931,0.8467,1.1627,0.3193
003756,日本橋,216753,0,427,204.6498,9.4416,0.4266,1.1812,1.1746,1.6931,0.5105,0.841,1.7328,0.8461,0.2469,,0.4808,1.0006,1.291,0.6109,0.4402,1.2368,1.1661,1.0958,0.9989,0.8138,1.1795,0.9756,0.4052,0.3955,1.6265,1.0658,0.861,2.277,0.938
003651,神保町,203106,0,567,214.3075,10.5515,0.9544,1.2055,0.8219,1.0823,0.9909,0.504,,0.6588,0.5919,,1.2144,1.2563,1.063,0.4206,0.2074,1.5203,0.6988,1.0945,1.9955,1.0504,1.3614,1.8007,0.9447,0.7698,0.9747,1.7017,0.3643,0.6504,0.3572
003657,九段下,201105,0,140,52.9061,2.6308,1.4494,0.603,1.165,1.1505,0.4682,0.7143,,1.4006,,,0.3972,2.4282,0.9686,0.2824,,1.4546,,2.7923,1.697,1.4889,0.8906,2.0149,4.0169,1.3093,,1.626,1.2393,,
003689,新宿三丁目,199171,0,1289,625.943,31.4274,0.7874,0.4188,0.5116,1.2931,1.088,1.0036,1.2407,0.4492,0.7858,1.3582,0.6965,1.0462,1.0505,2.3496,0.9893,0.5752,0.6494,0.6103,1.9869,0.8567,0.8759,0.6783,0.1409,0.5249,1.0352,0.9447,0.4731,1.1574,0.3866
003522,浅草,197745,0,516,242.7097,12.2739,0.9929,1.7134,1.223,1.9702,0.7038,1.0665,1.9388,5.1713,1.7681,,1.3059,0.8956,0.4045,0.9241,0.3235,0.4258,0.2609,0.2452,2.0119,0.3362,0.3519,0.949,0.7768,1.307,1.456,1.4541,0.8502,2.6138,0.4168
003155,赤羽,188334,0,434,308.9266,16.4031,0.7534,0.3927,0.8105,0.575,1.2898,1.0473,0.5885,0.2979,1.5095,1.7394,1.0336,0.5826,1.9003,0.9283,1.553,0.7432,0.9901,0.3722,0.6786,0.3827,0.178,0.699,1.742,1.253,0.8286,0.5746,1.3238,1.477,1.0141
003354,巣鴨,188319,0,211,104.7887,5.5644,1.0657,0.7446,1.6068,1.3217,1.0141,1.6413,3.3817,3.1471,0.3855,1.3327,1.0761,1.5622,1.2239,0.5019,0.5878,1.0397,0.4551,,0.7798,0.6842,0.2046,0.4679,2.332,1.1767,,0.8834,1.2911,0.8003,0.3956
003892,六本木,183792,0,1007,384.857,20.9398,0.598,0.5549,1.7208,1.2779,1.221,1.209,2.8026,0.4031,0.2662,0.9204,0.8621,1.1559,0.6015,2.0736,2.1871,0.6924,0.6287,0.7385,1.7503,1.0125,1.6251,1.2495,0.6227,0.8479,1.3153,0.6377,0.5513,0.5964,0.1228
003580,水道橋,182490,0,274,143.2515,7.8498,1.238,0.8489,0.1677,1.4285,0.8985,0.8512,0.4708,1.9664,0.5367,,0.9146,1.0234,1.2966,1.1118,1.4069,1.3895,1.0061,1.3659,2.2667,0.7162,0.1424,1.6236,2.0548,1.7412,0.4419,0.7173,0.5733,0.7254,
003236,王子,178128,0,187,124.4409,6.986,1.2518,1.1781,0.5985,0.552,0.8442,0.6855,2.8248,2.8594,0.805,2.783,1.6536,0.699,1.2614,1.1139,0.7454,0.853,,1.3398,,1.2246,0.6409,1.1184,2.7871,1.3365,,0.8734,0.7942,0.3938,0.4867
003883,表参道,176901,0,336,117.7551,6.6566,0.7327,0.6696,0.9751,,,0.8024,1.478,,,,0.1635,0.4091,0.479,1.2199,,0.3404,0.4172,1.1762,1.1409,1.9503,1.6881,2.1323,,1.2505,1.7459,2.6558,2.0105,1.6128,
003328,練馬,173987,0,279,214.9876,12.3565,1.7753,0.9687,0.7188,0.6217,1.2934,1.2008,1.0604,1.8214,1.8132,1.0447,0.9839,1.9244,1.0406,1.3777,,0.9897,1.4272,0.3353,0.3057,0.613,0.6416,0.2852,1.4214,0.8513,0.4977,0.547,1.1131,0.6899,1.0232
003797,八丁堀,166605,0,269,139.7535,8.3883,0.5087,1.3833,0.9895,0.7571,1.7756,1.2535,2.5827,,0.368,1.2723,1.1944,1.9174,1.312,1.0506,0.6562,1.0635,,1.6333,1.1167,0.8398,1.7581,0.3635,1.2078,0.2947,,0.4459,0.4278,0.4242,0.699
004264,大森,165460,0,389,280.2099,16.9352,1.1798,0.8006,1.1181,1.5181,0.9623,1.1993,1.0672,0.8458,1.2002,2.8038,0.6931,0.8217,1.3078,1.2026,2.2736,1.0062,0.22,0.8817,0.8037,0.8656,0.7447,1.259,1.0458,0.9224,0.6679,0.3849,0.367,1.2595,0.4499
003636,浅草橋,147750,0,333,170.5152,11.5408,1.3421,1.0046,1.0332,0.4097,2.2199,1.1023,0.5241,0.4993,0.8963,3.0983,1.4444,0.8647,1.2029,0.9422,,0.9209,0.3527,1.3259,1.5108,0.5302,1.1021,0.8427,,1.1668,1.968,0.7339,0.5746,0.2279,0.5634
003648,西武新宿,147390,0,1095,550.5935,37.3562,1.0774,0.4451,0.64,0.6719,1.1348,1.8963,2.1881,1.1459,0.7126,1.5398,0.4738,1.4955,1.4801,1.8855,0.8412,0.6178,2.1035,0.2965,1.1713,0.4969,0.4256,0.6088,0.3194,0.5951,0.7335,0.629,0.0715,0.5674,0.4383
003486,新小岩,146776,0,246,211.7931,14.4297,1.212,0.3576,0.6455,0.4008,1.1775,1.1614,1.0256,1.4619,1.7537,,1.4687,1.0152,1.8949,0.9443,4.8254,0.6757,0.3451,,0.2956,0.5928,,0.9482,1.3503,1.3665,,0.4565,0.5806,0.8637,1.0674
003818,門前仲町,143409,0,390,237.6207,16.5694,0.8752,0.4587,1.2127,1.1052,1.238,1.3724,1.2119,0.986,1.1513,0.796,0.9396,1.7328,1.7609,1.0523,0.29,0.6654,0.8155,,0.4658,1.0508,0.6111,0.7944,0.7918,1.1521,0.7584,0.5635,0.4086,0.5066,0.2504
004177,二子玉川,140353,1,315,147.606,10.5168,,0.602,1.0145,1.787,0.9097,0.7397,1.3063,1.1465,1.4892,,0.1652,2.1552,0.5489,0.7362,,0.9324,1.7582,0.8261,2.2593,1.2271,0.7904,1.0054,,1.0717,,1.0283,1.3164,3.786,2.5814
003838,東銀座,140168,0,884,396.3729,28.2784,0.7683,0.5698,1.7531,2.1915,0.3831,0.7099,2.9255,0.2381,0.4169,0.4804,0.5412,1.6088,0.3963,1.4809,0.991,0.7496,0.8203,0.6167,0.8433,1.4797,2.0652,1.281,0.228,0.2226,2.0596,1.1996,0.6999,1.9222,1.5836
003743,代々木,136902,0,299,144.8828,10.583,1.1503,1.0992,0.2959,0.9131,1.3983,1.7008,0.5841,,0.9987,3.4525,0.775,1.1563,1.2054,0.6985,0.6233,0.962,0.7861,0.7387,1.3468,1.266,0.7068,0.7862,1.1196,2.4308,1.6447,0.6188,1.1689,0.3478,
004196,自由が丘,136588,0,543,232.232,17.0024,0.5444,0.5855,0.7803,1.2563,0.7134,0.7351,1.089,0.8321,0.6207,0.6808,0.7555,1.078,0.6147,1.0434,0.7651,0.7439,0.9654,1.3442,0.7967,1.6312,1.8405,1.4646,,1.2964,1.2973,1.121,1.9004,2.2977,0.7108
004016,三軒茶屋,136375,0,575,301.2764,22.0918,0.6512,0.5333,0.4202,1.2923,1.6117,1.2303,0.6613,1.1607,0.7538,1.9545,1.2542,0.8728,1.5084,0.955,0.6547,0.9077,0.2225,0.2091,1.3343,1.099,0.5002,0.9331,1.2683,1.085,1.2415,0.611,1.2661,0.8591,0.3267
003635,亀戸,135911,0,354,224.0154,16.4825,1.3933,0.2114,0.6575,1.4551,1.5688,1.5058,,0.4544,0.8488,2.2008,1.732,0.8599,1.8196,0.4849,0.2672,0.4906,0.7516,0.4709,0.8586,0.4304,0.3379,1.1714,1.4596,1.4866,0.699,0.5401,0.3766,1.6808,2.3079
003828,原宿,134814,0,217,83.673,6.2066,1.6252,0.5752,0.1161,,0.3658,0.2966,,,0.5226,,0.869,0.605,0.6307,0.3655,,0.8054,0.617,1.1596,1.5856,1.3249,1.3869,0.7052,,2.5438,2.5818,3.1474,0.1835,3.6396,
003805,霞ヶ関,132884,0,32,11.2303,0.8451,,1.4997,2.3177,,,,,,,,7.9026,,0.8029,0.2341,,1.6077,,,,,,,,3.2559,,3.2349,,1.5282,
003802,日比谷,132278,0,481,188.4378,14.2456,0.6747,0.7895,0.8134,1.3388,0.8172,0.2771,1.2846,0.8149,0.4881,0.8437,0.9245,2.1193,1.6437,0.4526,0.5131,0.7993,0.5763,0.2708,1.728,1.1878,1.0363,1.1724,0.5843,0.5713,2.4116,1.5343,0.9014,0.6257,
003555,御徒町,125968,0,796,407.586,32.3563,1.3724,0.9622,0.8871,0.9362,1.1857,1.3387,3.2663,1.452,0.6206,3.0035,0.4745,1.1496,1.3175,1.1246,0.3633,1.0238,1.7585,0.6885,1.2553,0.2832,0.4612,0.919,0.6543,0.6787,1.022,0.7472,0.3819,0.9943,0.4681
003343,駒込,124751,0,184,104.7336,8.3954,0.8716,1.4425,0.7974,1.2636,1.6786,0.3482,,1.3352,0.8868,1.6523,1.9578,,1.7563,0.3886,,1.4323,1.4482,1.361,0.4136,0.8293,0.2537,0.9937,0.8245,0.6241,,0.6728,1.027,0.4036,1.1559
003812,青山一丁目,124550,0,105,38.3143,3.0762,1.1572,1.6921,1.2658,,,0.9505,,,1.1162,,1.0328,0.6462,0.5044,0.5758,1.0788,1.5053,2.6358,2.477,1.129,1.415,0.5925,5.2388,,0.79,,1.5557,,0.4168,2.0603
003360,小岩,120166,0,347,243.6765,20.2783,1.3134,0.5736,1.0214,0.4887,1.0705,1.5508,0.4168,1.8889,0.9502,1.6424,0.4662,0.5501,1.5996,1.2709,,0.8695,1.1219,1.0543,1.6819,0.7227,0.2522,0.7568,0.4715,0.8829,,0.5318,0.5586,0.9972,1.0954
003716,三越前,117531,0,428,200.6769,17.0744,0.3843,1.045,0.92,1.9064,0.7665,0.4735,1.4633,,1.3901,,0.3609,0.8047,0.6608,1.0053,0.9914,1.2319,0.3283,0.9254,1.1248,1.5508,2.066,1.0985,,0.668,1.8315,1.0737,1.1849,2.3503,0.7921
003839,東陽町,114708,0,136,88.5955,7.7236,0.951,0.5482,0.6821,1.1323,1.4797,0.4687,,,2.2017,,1.8718,2.2305,2.1685,0.3699,,0.6362,,2.4428,0.5567,0.8373,0.5843,1.1394,,1.1016,,0.4311,1.2211,0.4844,0.5986
003773,茅場町,112343,0,263,135.7421,12.0828,0.6275,1.8616,0.4507,0.7471,1.502,1.237,1.2744,,0.3632,1.2556,0.7072,1.682,1.2948,0.8985,0.6476,1.3994,,1.2089,0.7347,1.3813,0.9639,0.7175,0.596,0.5817,,0.6876,0.4222,0.2791,1.0348
004368,羽田空港第1・第2ターミナル,111697,0,195,121.3403,10.8633,1.1824,1.9319,0.8985,0.6704,,0.4162,0.8576,,0.9777,,0.7479,0.566,,0.3857,14.4539,0.3767,1.1543,,0.4944,0.2479,,2.5293,1.2606,1.5884,,1.7485,1.5485,5.2654,0.5423
003375,大塚,108702,0,376,194.7868,17.9193,0.9562,0.7126,1.398,1.1068,0.9099,1.1127,,1.506,0.9224,1.5943,0.5518,0.801,1.7257,1.1259,1.0549,0.8441,0.5445,1.0234,2.3323,0.5262,0.3672,1.1195,0.93,0.8799,0.7595,0.7486,0.3861,0.383,0.7099
003900,神谷町,107982,0,153,56.312,5.2149,0.5244,1.4377,0.8604,1.5609,0.4971,0.4307,,,1.5175,,1.4041,1.757,0.3428,0.9393,0.7333,1.1694,,0.8419,1.5349,1.1543,2.0137,2.8489,5.3246,1.074,3.7488,1.388,0.857,0.5666,1.4005
003986,三田,107560,0,284,127.5703,11.8604,0.7668,1.6819,0.4314,1.0869,1.0385,1.1697,,0.9601,3.1701,2.1918,0.5866,2.5693,1.9338,0.5887,1.2256,0.9161,1.1229,0.3517,0.9619,0.7234,1.0096,0.2976,,0.2244,2.0883,0.5523,0.1194,0.1184,
003844,明治神宮前,105665,0,407,156.7712,14.8366,1.3445,0.3294,0.3325,0.2052,0.4191,0.3398,,0.5195,0.5986,,0.3982,0.1733,0.4335,0.329,0.8406,0.6919,0.7068,0.6642,1.5136,1.4418,1.4298,0.9089,0.5033,2.1855,3.9433,3.0044,1.1561,4.065,0.2576
003542,後楽園,104894,0,128,73.7497,7.0309,1.3461,0.4798,1.0227,0.5342,,1.9902,1.3669,2.397,5.4537,,0.3715,0.902,0.194,0.6865,1.2862,0.7505,2.7596,0.8644,3.152,1.3827,0.4135,1.8846,1.8786,1.1203,1.2831,0.9788,2.0233,1.72,0.7085
003646,両国,104604,0,166,102.784,9.826,0.4184,1.9507,1.3041,1.2455,1.561,1.2029,5.3112,1.3512,,2.0931,1.0531,1.7525,0.8074,0.7047,,1.0498,,1.3435,2.4495,0.7675,,0.641,1.0649,0.6315,,1.3572,0.5147,0.7657,
003248,京成高砂,102056,0,66,53.0216,5.1953,,0.6536,0.6742,,2.1522,1.213,,1.7813,,,1.9524,,1.2369,0.6276,,1.6467,1.2615,2.3709,,,,0.9903,,0.8326,,1.0727,1.5919,2.1049,2.6014
003939,大門,101853,0,497,213.7511,20.9862,1.3562,1.1898,0.7566,0.9419,1.0285,1.4481,1.0328,1.1886,1.1774,0.6784,0.5447,1.9312,1.6403,0.6478,0.1897,1.3232,1.1584,1.0886,1.1909,0.4478,1.2499,1.0131,0.918,0.5555,1.2927,0.6495,0.2216,,0.3622
003889,月島,100940,0,207,111.5443,11.0506,0.1591,0.3147,0.4762,0.3157,0.9521,1.1762,,18.1453,0.4604,,0.2989,1.3327,1.3132,1.4896,0.8209,0.2661,,1.0217,,0.8172,0.4888,,0.7556,1.4749,2.2748,0.6625,0.7136,0.3538,1.7491
003191,金町,99396,0,175,146.2126,14.7101,1.4252,1.0093,0.9109,0.5656,1.1078,0.9365,,1.3753,1.2373,1.4258,1.1305,0.7163,1.5279,1.0902,1.1349,0.9535,,0.4576,,0.5229,0.2189,0.3823,0.9527,0.9642,0.6793,0.7362,1.229,1.2189,1.5063
003721,人形町,99358,0,598,301.7536,30.3703,0.9851,0.8443,1.14,1.1729,1.572,0.9171,1.3338,1.3026,0.9503,1.9711,0.8636,1.6504,1.1293,1.1575,1.6944,0.8422,0.4488,0.6326,0.3845,1.3493,1.4123,0.5632,0.6238,0.761,1.252,0.6045,0.5155,0.5112,0.5415
003894,葛西,99258,0,178,119.5052,12.0399,0.6464,,1.8561,0.962,1.0538,1.7256,0.8205,2.789,,1.6167,0.9179,1.8951,1.4535,0.834,,0.901,0.5521,1.0378,,0.9486,0.4965,0.5587,1.8564,1.7381,1.5403,0.7714,0.6598,0.2181,1.6174
003601,新大久保,98492,0,391,178.5249,18.1258,0.3278,0.316,0.1065,0.3252,0.6567,1.2789,0.8321,0.339,1.4229,0.8198,1.1771,0.6864,0.7699,0.4781,0.7465,0.9138,27.1595,1.8419,3.8378,0.0601,,0.3412,1.2754,0.7921,0.3906,1.1314,0.3808,0.7553,
003643,中野坂上,97406,0,118,72.0075,7.3925,0.9976,1.1668,1.4525,0.4949,,0.8194,,,1.4435,,1.9195,0.8356,2.2785,0.3964,,1.3905,0.8521,0.8008,,1.2809,,0.9737,1.6176,2.3386,,0.3651,0.6442,0.3195,
003890,西葛西,96546,0,240,164.9384,17.0839,1.2,1.334,0.6265,1.2988,1.897,1.6129,2.2155,0.6276,2.2099,1.0914,0.8675,1.4621,1.1447,0.5004,0.5861,0.4257,2.2364,2.4519,0.9579,1.1206,0.5027,0.7543,1.8798,1.1733,1.0398,0.4091,0.5939,0.589,1.0919
003835,虎ノ門,96029,0,311,129.2218,13.4565,0.8158,2.1342,0.3987,1.1542,1.0358,0.7659,0.5917,,2.0108,,0.4681,1.3649,1.2073,0.4604,0.326,1.4908,1.1946,1.8675,2.0436,0.9407,1.6078,1.2729,,1.2155,2.2218,0.8496,0.3773,0.2519,0.3113
003573,高円寺,95432,0,630,420.825,44.0968,0.7137,0.5238,0.6575,0.8715,1.0975,1.0822,0.5574,0.2349,1.1121,3.2952,0.7682,0.9197,1.4191,1.6725,0.8247,0.6121,0.7503,1.0576,1.2855,0.9667,0.5059,1.1691,0.3237,0.3294,1.3082,1.1513,0.6979,0.3146,0.6221
003946,モノレール浜松町,94252,0,409,174.638,18.5288,1.163,1.5487,0.9268,0.989,1.1025,1.2282,0.8435,1.4561,1.202,0.831,0.5561,2.3658,1.5207,0.6448,0.2323,1.2968,1.4191,1.0669,0.9726,0.5485,0.638,0.7898,1.1246,0.5104,2.3754,0.691,0.2715,,0.2219
003141,赤羽岩淵,94035,0,89,58.6543,6.2375,1.1032,0.623,0.3956,,,1.2082,,,,,,2.4642,1.5392,2.1035,,1.2301,,,2.1527,0.8094,0.5649,,,,3.5051,0.9722,1.0499,,2.5736
003549,東中野,92396,0,187,107.1637,11.5983,0.1675,0.5224,0.5574,0.3324,1.5849,1.1007,0.8504,,0.4847,1.6757,0.6446,0.8418,0.9837,1.9525,2.4944,0.6537,1.7169,,0.9806,1.229,1.801,1.7438,,,0.7983,1.1278,0.8653,0.6436,
003927,勝どき,91189,0,152,77.4526,8.4936,0.9477,1.64,1.1345,0.4701,0.9451,0.5838,,3.5243,,,1.1126,1.5876,1.4666,0.7829,1.2224,0.5284,,2.2822,0.6935,0.8692,1.0918,0.6772,2.2502,0.5491,2.2583,0.5192,1.8595,,1.9535
003846,明大前,91172,0,118,60.2369,6.607,2.0558,1.6267,0.7975,,0.9832,1.1421,,,0.8047,5.564,1.4282,1.3976,1.017,1.073,0.9319,0.8361,0.9501,1.9611,,0.6121,,1.0867,3.6107,1.7374,,0.8572,0.2845,1.411,
003788,赤坂見附,89214,0,601,238.5424,26.7382,0.6002,0.8733,1.1129,1.7192,0.6323,1.5338,3.7215,0.5845,0.9632,2.0016,0.8036,1.4525,1.0465,1.3447,0.7461,1.374,2.5066,0.2121,0.9742,0.7321,0.7171,1.1825,0.4515,0.9687,1.2714,0.6776,0.2865,0.5724,
003645,新御茶ノ水,87057,0,390,150.6943,17.3098,1.0513,1.3917,0.6145,1.3275,0.6174,0.785,0.9705,0.4618,1.6595,,1.3096,0.8006,1.1709,0.3724,,1.2255,0.3265,2.1481,1.9582,1.2622,0.8808,1.3286,0.6622,1.9424,1.3665,1.4742,0.2043,0.5065,0.5008
003662,西新宿,85481,0,186,84.99,9.9426,1.4639,0.8821,0.4756,0.7262,1.4665,0.9018,,,2.1182,,1.6898,1.8394,0.8091,1.0675,3.3338,0.9182,,1.1751,1.0712,0.9398,0.2811,1.5238,2.8481,0.3538,,1.3138,0.8503,0.4216,1.0421
003579,西荻窪,85340,0,408,271.7286,31.8407,0.5864,1.099,0.7524,1.1635,1.5351,0.7568,0.8506,0.3584,0.9696,2.514,1.3676,0.5613,1.0105,1.2537,0.8389,0.7939,0.8586,1.8827,0.9807,0.9834,2.0587,0.3964,,0.5026,0.7984,0.9313,0.9681,0.7681,1.4238
003556,新御徒町,84215,0,126,60.217,7.1504,0.9264,0.8151,0.8242,1.8383,0.4743,1.7756,,,1.7873,3.0894,0.3106,2.0694,1.1449,0.6981,1.308,1.2052,,1.9831,2.7117,1.1329,0.4743,1.2604,1.5705,,1.4718,1.3265,,0.3409,0.8426
003574,阿佐ヶ谷,84048,0,395,261.3639,31.097,0.3915,0.5837,1.0257,0.5826,1.3044,0.7235,0.9938,1.6752,0.8497,0.9791,0.9131,1.3117,1.012,2.0925,0.4901,1.0367,,0.9427,1.1459,0.7899,0.902,0.4632,,0.5872,1.3993,1.0881,0.9049,0.5609,0.2773
003810,溜池山王,82631,0,289,116.8265,14.1383,0.4165,0.7521,1.3339,1.102,1.053,0.5691,0.7049,0.6084,2.0051,,1.3012,0.6978,1.2708,0.8513,0.2092,1.2363,6.167,1.7832,2.8448,0.7131,1.9153,1.134,,,0.6617,0.8685,0.4495,0.15,
003970,経堂,82232,0,242,117.313,14.2661,0.4786,0.7466,1.0293,0.6331,1.692,0.7862,0.81,1.4217,0.9233,3.1919,1.229,0.8018,0.6807,0.913,0.5346,0.9783,1.0901,2.0489,0.9339,1.2875,0.7351,0.8312,,1.3289,1.5206,0.9147,1.6324,1.457,1.6005
003335,田端,80958,0,56,37.0133,4.5719,,1.7014,0.5402,0.9964,3.0478,0.8249,,,1.4532,,1.99,2.5238,0.7006,0.5745,,0.28,1.7157,,2.9396,0.3684,0.7713,1.0095,5.0311,1.2063,,1.4936,0.7169,0.7109,1.7572
003754,清澄白河,80796,0,82,42.7181,5.2872,0.924,,2.0711,0.9167,0.8985,1.1384,,2.8625,,,1.8186,,0.3098,1.0783,,0.2576,1.5785,,,0.6779,0.7096,1.845,4.5976,2.6758,4.4035,2.2248,1.7795,,2.908
004036,成城学園前,80513,0,124,61.826,7.679,0.2856,1.0024,1.0237,0.5667,1.0097,0.9383,,,,,1.4667,,1.0445,0.5107,,1.2738,0.9758,1.8339,,1.2572,0.4387,1.488,,2.9738,1.3611,0.7443,2.0456,2.8981,
003263,大泉学園,80236,0,158,124.444,15.5097,0.5083,0.5239,0.4373,1.0086,1.0492,0.9742,,,1.4709,1.695,1.5963,1.703,1.3266,1.5367,3.9265,0.4723,,,0.9918,0.7459,0.2603,1.3881,2.3061,1.3812,,0.7101,1.1287,1.1194,1.1067
003302,町屋,80085,0,162,126.996,15.8577,1.3583,1.6718,0.8578,0.8984,1.1696,0.6198,,3.2611,2.1837,1.5098,0.4504,0.2528,1.6133,0.9228,1.0807,0.3366,0.5156,0.4846,0.4417,1.1073,0.2318,0.457,1.1387,2.0323,,0.6724,0.4311,1.0689,1.0568
003570,早稲田,79978,0,94,39.8053,4.977,2.2191,0.8557,0.5767,,1.4227,,,,1.2844,,2.2769,1.4871,0.2453,,2.0214,1.2372,,2.8501,,0.3256,2.7269,0.462,,4.29,,2.6961,0.5156,1.0226,1.2638
003199,亀有,79818,0,291,247.6307,31.0244,1.3933,1.3875,0.6361,0.6912,1.8614,1.0729,0.4421,0.8403,1.26,2.6136,0.921,0.5836,1.4587,1.1842,0.6934,0.7768,1.7852,0.5592,1.0196,0.4473,0.4013,0.4672,1.7463,0.5891,0.8301,0.6185,0.6258,0.7447,0.3068
003861,千歳烏山,79689,0,223,113.0018,14.1804,1.0918,1.2774,0.6709,0.9285,1.3786,0.8968,0.7919,0.695,2.2568,3.1208,1.4018,1.0452,0.9507,0.8926,1.0453,1.3044,0.5329,1.0016,1.3696,1.2588,0.4792,1.0158,,0.9745,,0.6775,0.6384,0.7914,1.5649
003363,南千住,79673,0,72,51.1389,6.4186,0.6561,0.7268,1.8647,0.651,0.6356,0.5389,,,1.8988,,1.4687,2.1984,1.9726,,,1.6461,1.1209,2.1067,,,,0.9933,7.426,2.2089,,0.8995,,1.3941,
003484,茗荷谷,78606,0,60,38.8482,4.9421,,1.0062,0.3575,,1.1802,0.9275,,2.5134,,,3.8958,0.9459,0.8139,0.5758,,1.5739,,1.8128,,0.4143,2.6018,1.581,3.9397,2.3495,,0.4561,1.8185,1.2023,2.9718
003822,赤坂,77718,0,775,298.2308,38.3735,0.9141,0.5013,1.2749,1.7006,0.5416,1.5017,2.9008,1.2518,0.6614,1.1432,1.3003,0.9571,0.7471,1.1598,0.4794,0.9874,5.6611,0.9172,1.0034,1.1737,1.5797,1.0088,0.7735,0.351,1.906,0.9217,0.4357,0.3704,0.6104
003292,石神井公園,76732,0,138,108.6785,14.1634,0.7369,1.4241,1.1096,1.0967,2.6621,0.7566,,2.41,1.0663,1.8431,1.2398,0.3086,0.918,1.0633,,0.9244,,1.1831,1.0785,1.0814,0.283,0.2516,,1.5019,,0.7238,0.9818,0.9737,0.6017
003782,永田町,75272,0,77,26.807,3.5614,,0.5848,1.8075,2.2313,,,2.8545,,,,,,0.3131,0.2738,0.8552,2.1941,,,1.6456,0.825,3.4544,4.6894,,2.5392,,2.3651,1.2018,0.5959,1.4729
003704,住吉,74853,0,78,45.7949,6.118,1.6024,0.5773,0.7183,1.5898,0.7791,1.3162,,,2.3185,,3.1538,1.3422,1.3433,1.0908,,0.4467,1.3687,,,0.8818,0.6153,1.5998,,1.1601,,0.6809,1.0287,0.5101,1.2608
003834,外苑前,74637,0,219,83.011,11.122,0.7481,1.2306,1.4729,2.2266,0.3546,0.9217,,,0.5412,,0.2504,0.6266,0.6113,1.0049,1.0461,1.2512,,1.2009,0.5474,2.4699,3.1599,1.778,,1.5321,0.8913,1.1314,0.2038,0.2021,0.4995
003753,水天宮前,74355,0,342,170.4949,22.9299,0.6804,0.8971,1.4254,1.1251,1.5833,0.7452,1.7273,0.5623,0.3282,2.269,0.9586,1.5198,0.858,1.4989,1.1702,1.0116,0.3875,0.3641,,1.3313,1.5677,0.1081,1.0771,0.7884,,0.5964,1.0172,1.261,0.6234
003884,六本木一丁目,74305,0,144,54.3951,7.3205,0.5237,0.5743,1.0311,1.5588,0.4965,0.6452,,2.2949,2.2733,,1.7528,0.4387,0.6848,0.3909,1.4647,0.8759,1.7893,2.5223,1.5329,1.3448,2.011,3.912,,0.5363,8.7355,1.2541,0.2853,0.2829,0.6993
004069,駒沢大学,74266,0,83,39.2959,5.2912,0.9292,0.5436,,,2.464,0.7633,,,,4.6482,1.7897,0.7784,0.5664,0.6647,1.557,0.259,,,2.7199,2.3863,2.141,0.6052,3.0164,0.9676,,1.2917,1.4263,1.886,1.1654
003711,森下,74094,0,118,70.6255,9.5319,0.5477,1.184,1.4732,0.5434,1.5978,0.4499,4.1713,3.3936,0.7925,,3.234,0.9176,1.1196,0.8522,,0.7634,,0.8793,,0.4019,1.6826,1.0937,,0.7931,1.3052,0.7758,1.0549,0.6974,0.8619
003729,半蔵門,73487,0,177,66.8787,9.1008,0.431,2.2413,1.9051,,0.696,0.708,,1.0411,0.6236,,0.2953,,0.72,0.2799,0.3278,1.5617,0.7362,1.3837,1.8921,1.1067,1.3239,2.0968,,0.9732,,1.4504,1.3818,1.142,2.2581
003806,笹塚,73199,0,180,88.3525,12.0702,1.2676,0.9866,0.4604,0.7105,1.088,1.4705,,,2.0723,1.791,1.2061,0.8997,1.5007,0.4659,,0.3992,1.2233,1.1496,0.524,1.4449,,0.874,,2.1016,0.8532,0.6885,2.0011,0.9021,0.8919
004094,学芸大学,72696,0,368,171.5855,23.6032,0.9814,1.2063,0.9705,0.5842,1.5434,1.5317,,,1.4201,0.9818,0.7264,1.3153,1.1235,1.0208,,0.7113,1.006,,2.0109,1.4402,1.809,0.9825,1.2242,0.9348,0.9355,0.5363,0.4182,0.7259,0.5126
003840,木場,72289,0,99,59.2063,8.1902,,0.4226,1.0516,0.5819,1.7109,1.2043,,,,5.8671,1.7314,0.4912,1.7699,0.5703,,1.4713,,1.883,1.7166,0.6454,0.4504,1.171,,0.8492,2.795,1.246,0.3765,,
003941,麻布十番,70951,0,513,197.1644,27.7888,0.5013,0.3665,1.645,1.9895,0.9505,1.4412,,1.0984,0.2418,0.8359,0.4474,0.5599,0.5462,1.1474,1.1684,0.8385,2.8547,0.2683,0.9782,2.023,3.3368,1.2482,1.1311,0.8556,1.1946,0.7582,0.7282,0.9028,0.6694
004065,国際展示場,70461,0,24,13.2544,1.8811,,2.1361,1.3289,,2.8827,,,,4.2893,,2.9173,,,,,1.6527,,,,1.0875,,2.9596,,4.2925,7.064,2.0994,,,
003546,本郷三丁目,70357,0,224,140.6573,19.9919,1.8221,0.6765,0.5768,0.6026,1.2696,1.372,,,2.6365,,1.4669,1.2719,0.7661,0.6195,,1.1852,1.0376,1.9502,1.3334,1.0027,0.933,1.2756,,1.2638,2.8947,0.8894,0.8151,0.8084,1.9981
003612,東新宿,68375,0,163,69.8789,10.2199,0.6813,0.6568,0.8853,0.9012,0.364,1.1192,1.153,,3.2858,,1.398,1.9022,0.251,0.2208,2.0685,1.3927,16.2937,1.4583,3.3234,0.6665,,1.891,1.1781,0.439,,1.1287,0.5276,0.5232,2.5865
004078,桜新町,68296,0,86,41.8834,6.1326,0.4193,0.9811,1.503,0.832,1.4824,1.0332,4.2577,,1.2134,,2.6918,,0.7667,1.3497,,0.2338,,2.6926,,1.5382,0.644,1.0923,2.7221,1.7464,,0.7286,0.8581,0.851,2.1034
003101,竹ノ塚,67699,0,140,129.6655,19.1532,1.3008,,0.3285,0.968,1.1627,1.202,,1.2313,1.4117,,0.7667,0.2724,2.0046,1.1086,4.4514,0.9065,,,0.9519,0.2386,,,,1.151,,0.3853,0.7205,2.382,1.7662
003218,十条,67506,0,163,111.9997,16.5911,0.8338,0.8475,0.897,0.9928,1.687,0.8219,,,0.4826,1.6684,1.6522,0.8382,1.6288,0.8585,,1.1157,1.1396,1.0709,1.4644,0.2447,,1.0057,1.6708,0.8012,0.7948,0.992,0.9523,0.4722,1.1672
003470,目白,67082,0,90,40.0531,5.9708,0.4255,0.4191,1.2157,0.8444,1.5067,0.3495,,,,,1.3832,,0.2403,0.8235,,0.9541,1.454,1.3663,1.2725,1.8734,2.6287,,2.2554,2.72,4.1,1.8887,1.5361,1.5339,
003529,春日,65361,0,152,90.371,13.8264,1.1751,0.6283,1.1904,0.9327,,1.3513,1.1933,2.0926,3.4007,,1.2974,0.7875,0.5082,0.7191,1.1229,0.9172,1.606,1.5093,1.3759,1.0347,0.722,2.6324,1.64,1.4671,1.1201,0.807,1.7663,1.7518,1.2371
003286,板橋,65264,0,147,111.583,17.0972,0.8262,0.6487,0.8286,0.7575,1.7712,1.3058,1.0487,2.0151,1.1048,,1.2967,0.6396,1.1972,1.7955,,0.9524,0.7057,,0.5128,0.6472,0.6346,1.0255,1.6005,0.4209,1.8194,0.5016,0.8168,0.843,
004109,用賀,65061,0,166,84.9257,13.0532,0.8552,1.2507,0.7664,0.4243,2.2678,0.7025,1.0856,0.9527,2.475,2.139,2.1962,1.4328,0.782,0.6883,0.7165,0.7152,0.7305,,1.2516,1.5687,0.9853,0.8355,1.3881,1.7811,,0.6316,1.0939,0.6509,1.0726
003972,池尻大橋,63191,0,166,77.811,12.3136,0.7315,1.3869,1.3447,0.4393,1.6115,0.5732,1.1241,,1.2815,2.5514,0.8737,,1.1554,0.813,1.6596,1.575,0.8714,1.4218,0.6481,0.9747,1.8038,0.5541,,1.2653,1.0552,0.9174,0.7076,,0.5782
003159,西新井,62984,0,77,63.6554,10.1066,0.661,0.5009,0.3338,0.6558,2.3632,1.0858,,,,,1.1688,1.1073,1.0865,0.9657,,0.5528,,,0.9673,0.485,,0.7905,,3.5091,,1.2724,1.9527,1.9365,1.1966
003561,平井,62126,0,134,94.4613,15.2048,1.0271,1.0765,0.5898,0.8152,1.3395,1.3498,1.0429,,1.7833,2.055,1.1667,1.0324,1.6935,0.7067,,1.6033,0.7018,,0.6012,0.3014,0.3155,0.7102,1.1798,1.6569,,0.5603,0.8387,0.5545,0.6853
004331,京急蒲田,61303,0,119,89.5518,14.6081,1.4674,1.3985,1.0841,1.4559,1.4395,,,,3.5387,,1.4438,0.8194,1.6546,0.9307,,1.7725,,,,0.3589,,0.3662,,,1.1656,0.4121,0.6406,1.5882,0.7851
003854,南砂町,59562,0,12,7.4739,1.2548,,,,,,,,,,22.2793,8.7664,,1.4935,,,,,,,1.634,,,22.1629,6.4494,,0.6309,,2.8358,
003860,築地,59492,0,375,174.9375,29.4052,0.4175,1.032,2.6236,3.5206,,0.5143,0.5299,1.035,1.2081,,0.5881,2.4477,1.1485,1.0921,,0.8146,0.3566,0.3351,0.3055,1.1486,0.9618,0.5966,0.9912,0.4837,0.9948,0.9148,0.7021,1.2766,1.1473
003764,初台,59407,0,124,57.7855,9.7271,0.5207,1.3005,0.3365,,1.3538,1.722,,4.0271,1.467,2.6734,1.5488,1.7907,0.7001,0.2778,,1.0275,0.913,1.6718,,1.5281,1.2314,1.0466,,2.7248,1.2736,0.9499,1.4264,,1.9969
003969,広尾,58660,0,176,74.0063,12.6161,0.6395,0.7175,1.386,1.269,1.8254,0.8953,,1.1316,1.3038,,0.2168,0.3774,0.1574,0.1867,,0.6077,1.5393,2.1698,,1.4609,3.2372,1.833,,3.8055,4.1213,1.2945,1.7392,1.5435,0.5047
003745,船堀,58409,0,67,46.6563,7.9879,0.7883,2.0655,0.3773,,,1.6187,2.0011,2.2674,1.1406,3.943,1.7909,1.9809,1.477,0.226,2.1174,0.6592,1.3466,1.2655,,,,,6.7914,3.1793,,0.2688,2.1457,1.064,2.6299
003661,淡路町,57894,0,478,184.3905,31.8497,1.0854,1.2158,0.7381,1.3254,0.6741,0.9601,0.4239,0.8068,1.4496,0.8352,1.9448,1.2588,1.3018,0.5015,0.127,1.4429,0.5705,1.3403,1.955,1.1639,0.2565,1.3927,0.5784,0.5656,1.5916,1.1239,0.0892,0.6195,0.6562
003225,光が丘,56838,0,64,47.5602,8.3677,1.8768,2.9015,0.6459,,,0.3083,,,,,1.0104,1.2577,1.0687,,,0.4185,1.2825,,,1.377,,0.5125,5.109,5.3549,,0.5899,1.5003,3.9678,1.2259
003866,虎ノ門ヒルズ,56595,0,242,94.9598,16.7788,0.7907,1.5609,0.7265,1.2552,0.8995,0.5196,,,0.4576,1.5821,0.6351,0.7948,0.7237,0.6137,0.8846,1.587,1.0806,2.031,1.8515,0.8122,2.1862,1.7183,,0.9717,4.5221,1.156,1.0338,1.0253,0.4223
003737,麹町,56238,0,200,76.0734,13.527,0.5677,0.5905,1.3688,1.502,0.6112,0.1554,0.9608,0.9143,0.5476,,1.0372,1.5851,1.0538,0.2765,0.5757,1.3715,1.2931,0.6076,1.1078,1.9438,2.3254,1.8414,1.3111,0.8547,,1.3799,0.809,0.6017,1.4873
003194,東武練馬,56181,0,131,104.9528,18.6812,1.9984,0.6229,0.4337,1.1956,1.2516,0.9867,,3.2108,0.5849,1.9842,0.6079,0.9968,1.4493,0.4928,3.0554,0.893,0.6777,0.6489,,0.5821,,1.5093,1.5368,2.0009,,0.5027,1.3576,1.6162,0.6669
003792,京橋,56104,0,287,139.5444,24.8725,0.8922,0.8822,1.3731,1.2645,1.0169,0.4188,1.9413,,0.3688,1.2751,0.4788,1.2811,1.1396,0.9827,1.9729,1.9185,,1.2277,0.3731,1.1222,1.9577,1.2144,,0.2954,0.6074,0.8659,0.5716,0.2834,0.7006
003988,千歳船橋,55873,0,153,77.5377,13.8775,0.7289,0.8527,1.2193,1.4463,1.7179,0.7982,,,4.9216,,2.1836,1.2211,0.8886,0.7821,0.8142,1.49,,0.7801,0.7111,0.5348,1.4928,0.6329,1.5773,1.5179,1.1579,0.5488,0.9944,0.4931,0.6094
003874,下高井戸,55782,0,105,50.9959,9.142,0.7884,0.42,0.8362,2.137,1.2692,0.8846,,,2.0777,3.5913,1.8437,2.4056,1.0941,0.3852,,1.2401,,1.1526,,1.1053,0.5514,0.9352,2.3305,,,1.1851,1.4693,1.0929,1.8008
003667,瑞江,55028,0,101,68.1056,12.3765,0.5413,0.9456,1.5544,1.6112,1.7649,1.5562,1.3742,,1.5665,2.7077,1.5373,,1.0143,0.3104,1.454,0.6036,0.9247,2.6071,1.5844,0.9929,0.4157,0.6238,4.6637,4.3664,,0.3691,,1.096,1.8059
004123,天王洲アイル,54707,0,69,39.5158,7.2232,,2.4228,0.7948,,,1.5408,,,,,,,1.0977,0.4278,4.0079,1.0458,,3.0116,1.3727,2.4086,,0.5368,,4.7008,,1.3856,,0.5571,1.3771
004133,武蔵小山,54004,0,276,158.2672,29.3066,1.3888,0.6712,0.442,1.2938,1.0399,1.2666,,1.1377,1.1321,2.6092,1.4712,0.2185,1.0338,1.3351,1.6716,0.8597,0.4456,,0.7634,0.8444,1.5674,0.2985,0.7439,0.6536,0.6215,0.8558,2.1038,0.9295,0.3829
003156,成増,53301,0,149,109.7174,20.5845,1.2483,0.9801,1.1374,1.2385,1.0699,1.3671,1.0563,1.1227,1.8062,2.0814,1.5941,2.4398,0.8609,0.3346,,0.9279,,0.668,1.2179,0.9159,,0.9703,1.6121,2.0989,0.9916,0.6244,0.8562,1.6983,2.7984
003604,大久保,51544,0,324,156.8848,30.4371,0.8132,0.49,0.1321,0.4034,1.3034,1.169,0.5161,,0.2942,2.0339,0.9387,0.8515,1.1236,0.8895,1.3889,2.1536,4.8625,1.632,5.9508,0.3729,,0.7407,1.0547,0.9826,0.4845,0.814,0.3543,0.5856,0.2895
003212,上板橋,51233,0,147,118.364,23.1031,1.8661,0.2664,0.9274,0.3366,2.9081,1.2541,,3.6617,2.9456,,0.7799,0.8526,1.2033,0.6821,1.278,0.9458,,0.5447,0.4965,0.3734,,0.2637,2.6289,1.7115,,0.5091,0.6981,0.6924,2.2818
003163,地下鉄成増,50698,0,183,139.0982,27.4366,1.6323,0.7646,0.8873,0.9662,1.7326,1.2024,0.8241,0.8759,1.8877,1.6238,1.715,1.9034,0.7893,0.8065,1.2228,0.7239,0.5651,0.5212,0.9502,1.0763,0.2493,0.7305,1.2576,1.6375,0.7736,0.4871,0.668,1.5434,2.1831
003668,馬喰町,50414,0,204,88.1692,17.489,0.6082,1.3792,0.8794,1.9457,,0.9991,1.0293,,0.5867,2.0281,0.994,1.5872,0.7017,1.1991,0.258,1.4139,2.0779,2.6036,0.5934,1.1656,0.9342,0.6221,0.9627,0.9396,0.9662,1.7291,0.6819,0.2254,0.5572
003534,江戸川橋,49844,0,111,62.097,12.4583,1.3943,0.5314,1.431,0.6656,3.5777,,,,1.9415,5.7683,2.0991,1.1239,,0.5132,,1.391,,,0.7058,2.6767,,0.7207,,1.1641,,1.146,1.4406,0.8334,1.5695
003690,都庁前,49779,0,193,84.023,16.8792,0.7267,1.226,0.9443,1.8025,0.2912,0.1492,2.7673,,2.103,,1.3049,0.9131,0.502,1.2365,6.6196,1.1142,1.2415,1.1667,1.5953,1.1997,0.2791,1.8911,0.9425,0.7024,,1.5551,0.6331,0.4186,1.552
004215,中延,49338,0,47,27.3949,5.5525,2.5742,1.3299,0.5454,,1.0921,1.5858,,3.4504,5.5871,12.8764,0.726,,0.7531,1.1741,,1.794,,,,,0.9885,0.7366,,,,0.6338,0.7709,,1.8897
003460,鶯谷,48920,0,118,60.8086,12.4302,1.2786,0.8437,0.6398,,0.9819,0.7877,,,0.925,3.1978,1.286,2.6775,1.8622,0.289,2.7079,1.9603,,,0.9356,,0.491,0.3262,1.6256,0.7226,1.5234,0.8391,0.3558,0.3529,2.6166
003707,新宿御苑前,48832,0,368,174.1408,35.6612,0.3307,1.9129,0.5014,0.6562,0.7067,0.5433,1.1194,0.9119,0.319,,0.7918,1.1081,0.853,1.9293,2.0083,1.0448,0.7533,1.0619,0.6453,1.1324,2.0319,0.8032,0.5719,0.6393,0.5254,1.1263,0.5122,0.635,0.3139
003280,青砥,48727,0,121,102.16,20.9658,0.6879,2.0298,1.675,0.455,2.6735,0.7534,,2.2127,1.3272,4.5881,1.5157,,1.2292,0.3898,,1.0227,1.567,0.7363,,0.673,,,1.5328,1.5513,,0.4441,0.9887,0.6537,2.4235
003269,大山,48683,0,252,196.6365,40.3912,0.5052,1.1106,0.9943,0.401,2.2517,1.5769,,1.0905,1.1696,1.0109,1.2387,1.6927,1.2542,0.5687,2.2836,0.5633,2.4166,0.6489,1.4788,0.8896,0.6208,0.9425,0.7829,1.2742,0.4816,0.876,0.2772,0.5499,
003521,京成上野,48475,0,586,305.6866,63.0607,0.9684,0.7189,0.8076,0.8407,1.0226,1.5908,2.7656,1.4636,0.8757,3.6329,0.1826,2.1293,1.5386,1.0672,,0.9111,1.6543,0.1943,0.7086,0.7105,0.1859,0.5558,,0.9577,0.8653,0.6644,0.6064,1.0691,0.1651
003461,白山,48388,0,104,65.9957,13.6389,1.2232,1.9075,0.5808,1.2136,0.6392,1.2559,1.5526,,1.7699,,1.2661,0.5123,0.8817,0.7797,,0.5115,3.1346,1.9638,,1.795,,0.4281,,2.5451,,0.8647,1.6416,1.3025,
004024,祖師ヶ谷大蔵,47616,0,157,80.871,16.984,0.4102,0.4799,1.1763,0.814,2.9005,0.8423,,0.9139,1.1871,2.0519,1.8434,1.718,0.6251,0.2934,,1.4865,2.8031,1.3171,0.6003,1.2039,0.9451,1.0686,1.3315,1.2814,2.9325,0.5702,0.6296,1.6651,0.5144
004200,大岡山,47370,0,91,62.7623,13.2494,1.4457,2.0668,0.5127,1.1475,,0.7125,2.9361,1.1634,,2.8927,0.8535,,0.9781,2.4208,,0.9672,,,0.8463,0.6364,0.4441,1.5733,4.3156,0.5438,,1.0173,0.7573,0.3755,
004382,羽田空港第3ターミナル,47320,0,75,48.1115,10.1673,1.8807,1.3444,0.4169,2.799,,0.7724,2.3872,,,,1.3879,0.7877,,,33.5271,0.5243,,,,0.69,,0.704,,0.8842,,1.9242,,1.832,
003399,三ノ輪,46924,0,74,39.1656,8.3466,1.9692,0.6062,0.4976,1.9538,1.4111,0.8087,,,,,1.8481,,0.7299,1.0245,1.9457,1.5366,1.5695,,2.8819,1.0594,,0.4687,7.9261,1.0384,,1.0489,0.5113,1.0142,1.2534
004143,都立大学,46393,0,159,68.8031,14.8305,0.4508,0.277,1.6208,0.4472,1.5752,0.5554,1.1443,1.8372,1.3044,2.2547,0.834,0.7551,0.5432,0.9918,,0.6283,0.77,0.7236,1.979,2.4804,1.7309,0.5641,1.4057,1.7174,1.0741,0.9237,1.9208,1.1906,
003675,馬喰横山,46299,0,231,105.288,22.7409,0.855,1.5219,0.8315,1.6412,0.3411,1.4046,0.8682,,0.4949,3.4215,1.3203,1.1459,0.865,1.1766,,1.2238,1.7528,2.1963,0.5005,1.2342,0.788,0.8506,0.8121,0.7926,0.815,1.2954,0.5752,0.1902,0.47
003210,東十条,45690,0,105,74.865,16.3854,1.8611,1.1823,0.7508,1.3849,1.8826,0.9554,3.5434,,1.3464,2.3273,2.3048,0.7794,1.7852,0.6653,1.2467,0.6485,0.7948,,,0.1707,0.3573,0.4676,,0.5588,,0.615,0.9963,,0.8141
003887,汐留,45681,0,403,178.0082,38.9677,0.7903,0.7704,0.6916,1.9167,0.4995,1.0098,1.3375,,0.2541,0.8785,0.3527,1.0298,2.3105,0.8175,1.7192,1.0371,1.2001,0.282,1.0281,0.9664,0.8093,0.9541,,0.5396,,0.5313,0.5741,0.5693,
004108,東京テレポート,45645,0,64,30.5088,6.6839,1.4861,1.6964,1.4274,,,,,,1.5357,,1.6131,0.889,0.8331,0.7461,,1.0653,,,,0.6233,0.8151,2.1192,2.8752,3.9435,2.0243,1.6309,,2.7029,
003432,東池袋,45348,0,84,37.1155,8.1846,0.8552,0.9561,0.4689,1.6971,0.8138,0.3512,,,,4.278,0.987,0.7164,0.2806,1.0071,,1.192,,4.119,1.2516,2.1962,2.6274,1.502,,1.8887,,1.7723,1.0361,,1.2699
003495,中井,45031,0,64,31.4083,6.9748,0.4853,1.4036,0.6306,2.889,1.5557,0.3986,,,1.4044,14.5653,1.4938,,1.6093,0.4719,,1.3528,1.6582,,2.841,0.7122,,,,,,1.2061,1.1275,,
004294,平和島,44102,0,81,59.739,13.5456,1.9424,1.1108,1.0333,,1.5244,1.2764,,3.1263,2.2485,,1.1468,,1.8398,,,1.9493,1.3273,,,0.285,,,,1.4612,,0.3741,1.0175,1.0091,1.2471
003774,信濃町,43682,0,38,15.7923,3.6153,,1.6506,1.1124,,,,,,,,,4.3025,0.9463,0.4521,2.1178,1.854,2.9249,2.7487,,1.2562,1.315,,,1.6549,,2.3638,,0.9862,
004270,西馬込,43636,0,37,26.8462,6.1523,,2.0957,1.9495,,2.8762,1.8061,,2.9492,2.1211,,1.0818,1.2279,0.4959,0.5579,,,,,,1.6134,,,5.47,,,0.3529,4.7996,0.952,
003107,浮間舟渡,43438,0,17,10.9886,2.5297,,,,,3.2826,,,,,,3.2184,3.208,,,,3.0408,,,,,,2.977,,7.8034,,1.7121,,2.2996,
003162,北綾瀬,43371,0,48,39.4048,9.0855,1.7279,0.8729,0.5818,,,,2.9242,,1.6667,,2.0368,1.9298,1.4201,0.561,5.2557,1.2844,,,,0.8452,,0.6888,3.433,4.0769,,0.3411,0.8507,1.6874,2.0853
003223,ときわ台,43271,0,117,94.8818,21.9273,1.3825,,0.2519,0.9145,1.9749,1.1356,1.1699,,,,1.0593,0.386,1.4982,2.0381,,1.0277,,1.4797,0.6744,0.5072,0.7079,0.7164,,1.1623,,0.8452,0.3161,0.3135,0.7748
003911,御成門,43230,0,75,27.242,6.3016,0.5278,2.3154,0.3464,3.1421,,0.4335,,,3.0549,,,,0.3451,0.4727,1.4763,2.3541,,3.3895,3.0898,1.5491,0.8108,2.1506,,,2.5155,2.1288,,0.5703,
003724,一之江,43043,0,52,36.53,8.4869,1.3099,,1.6717,,3.7963,0.3586,,,1.2636,,0.496,0.7315,0.9818,0.2504,,1.4606,1.4919,1.402,,0.9611,,1.0064,,3.5221,,0.8932,,1.7681,1.4567
003228,平和台,42893,0,35,29.5572,6.8909,1.3065,2.0198,,,1.3485,,,,,,1.7584,1.0943,1.8599,1.0772,,1.0926,,,,0.4793,,0.892,8.8912,2.6626,,0.5133,,0.8632,2.1334
003713,四谷三丁目,42890,0,307,151.2484,35.2643,0.4878,0.5879,0.8716,2.1781,1.1728,1.1019,1.2384,1.0089,1.0588,,0.6257,0.8173,1.1459,1.9565,1.6664,0.8839,1.2501,1.5664,0.357,0.8053,1.686,0.3808,0.6327,1.1788,0.5812,0.5725,0.2833,0.7025,
003691,竹橋,42156,0,59,20.4124,4.8421,,1.6505,0.6377,1.5744,,1.3034,,,2.296,7.9372,1.0871,,0.8836,0.5152,2.4136,0.4423,,2.5475,,0.5821,1.2187,4.4117,,1.7917,,2.8926,,,
003427,上石神井,41728,0,94,77.9491,18.6803,0.2862,0.8851,0.7389,0.568,1.7726,0.7053,,,,2.8636,0.7705,0.9591,1.63,1.4161,,1.5959,,,,0.8401,0.8794,0.7817,,0.5834,,0.4499,0.7628,0.3782,3.7394
003560,仲御徒町,41623,0,527,266.7997,64.0991,1.3467,1.2695,0.8558,1.018,1.182,1.1062,0.6512,1.5508,0.9279,2.5663,0.774,1.2892,1.1888,0.9568,0.2716,1.1084,1.7529,1.4414,1.3139,0.1882,0.591,1.047,0.3261,1.1597,0.6113,0.8417,0.5711,0.9912,0.6999
003799,国会議事堂前,40907,0,10,3.6201,0.885,,5.0392,3.8938,,,,,,,,13.2769,,,,,,,15.5556,,,,,,,,1.3587,,,
003361,要町,40890,0,92,42.4368,10.3783,1.3422,0.7502,1.4717,0.6658,0.6386,0.8268,,1.5854,1.942,,2.3234,,0.8808,0.7902,,0.7483,,3.2321,,1.2309,1.0308,1.1785,1.958,1.482,,1.298,1.2195,0.4031,2.9893
003474,護国寺,40640,0,45,33.0284,8.1271,0.6109,2.1774,1.1603,,2.5539,,,,,,1.6861,,1.7613,0.3115,,0.6812,,1.9615,1.7881,1.3447,0.9384,,4.2628,2.5422,,0.4936,,0.6505,1.6077
003751,方南町,40171,0,80,54.5417,13.5774,1.5603,,0.8443,0.7741,2.5995,0.9612,1.9806,1.6692,4.5155,3.9025,1.8197,0.6535,1.1205,0.417,3.9069,0.435,1.3328,,,1.3744,0.5992,,2.3002,0.7802,,0.5914,1.3525,0.4471,1.1051
003186,地下鉄赤塚,40077,0,108,83.7372,20.8941,1.6242,0.3604,0.7032,0.4555,2.0567,0.9498,1.1654,1.2386,2.6822,2.2963,0.7035,0.7691,1.5108,0.3774,,0.7678,0.7991,1.502,1.3437,1.0233,0.3526,0.6387,3.3702,1.6345,1.1147,0.689,0.9381,0.6245,0.7639
003578,神楽坂,40020,0,151,68.1459,17.028,0.5204,0.5017,1.5217,0.5164,0.8342,0.4275,2.6424,,,2.6033,,,0.5753,1.265,1.1852,0.4352,0.8891,,,1.9093,2.798,0.8126,2.7,0.5031,,1.4371,2.116,2.3983,2.2229
003565,篠崎,39512,0,56,39.7695,10.0652,,2.1173,0.7734,,0.8782,1.3275,,,,,1.8358,2.0306,1.8169,0.2317,,0.6758,1.3805,1.2973,,0.8893,,0.4656,,1.0864,,1.102,0.5499,1.0907,4.0438
004219,旗の台,39338,0,103,58.5615,14.8868,1.9416,1.2037,0.9872,0.7705,,1.2758,,2.0819,,,0.8762,1.3011,1.3633,0.7084,1.6593,0.6495,,,,1.1396,0.5965,1.3333,,2.9192,,1.4341,1.3955,,
004235,西大井,39232,0,35,19.2815,4.9147,1.0801,1.116,1.8306,,,3.5486,,,,,1.2185,,0.632,,,3.0108,,3.4679,,0.7925,,1.2362,,2.7065,,0.7978,,,6.3428
003868,乃木坂,39194,0,127,46.3232,11.819,0.3574,1.5677,1.6418,0.7092,,0.8806,,,,,,1.7961,0.4673,1.2803,2.9986,0.9962,,,,1.8355,2.7447,1.9415,2.4191,1.4639,3.4064,1.5315,0.7787,0.3862,
003655,岩本町,39177,0,297,119.2895,30.4489,0.7568,0.656,1.2165,1.0012,0.6111,0.9324,1.9212,,0.365,,0.5185,0.8452,2.2477,0.5734,,1.1251,0.8619,0.81,0.3692,0.6478,0.3875,1.5781,1.7478,0.2848,1.8034,1.132,0.2696,0.6685,0.3304
003324,千川,39136,0,47,20.8399,5.325,0.6865,0.7675,3.011,1.3622,,2.2555,,,1.9866,,3.169,2.3001,0.4505,0.6467,,1.5309,,,,0.5037,,,8.0117,1.5161,,0.9484,,1.6496,4.0773
003469,入谷,38480,0,114,53.1411,13.8101,1.0617,2.3353,0.7084,1.4046,1.0872,0.2907,3.5938,3.4234,1.0242,,1.0679,0.5929,0.3749,0.64,2.9982,0.9866,2.4185,,2.0718,0.5193,0.5436,1.0834,,0.8,,1.7737,1.9698,0.7814,
003345,中村橋,38455,0,83,64.5091,16.7752,0.962,0.9915,1.6554,,1.9858,1.5803,1.628,,0.9279,,1.2948,1.0744,1.1412,0.7932,2.4771,1.2514,,,,0.4705,0.4925,0.4378,2.1822,1.307,,0.5879,1.2817,0.4237,2.0945
003710,久我山,38168,0,66,45.1303,11.8241,0.8881,1.0592,0.9972,,1.4795,0.7294,,,3.8549,,0.5178,,1.0203,1.424,,1.2378,,2.8514,,1.3032,0.682,,2.6183,0.8881,,0.6732,2.0526,0.5089,1.2579
003842,内幸町,38025,0,591,253.1516,66.575,0.7859,0.7223,0.7718,1.199,1.2267,1.2919,2.4561,2.1223,1.5684,1.2113,0.4874,2.2274,1.7774,0.7897,0.508,0.8091,1.2371,0.7757,0.7088,0.7974,0.9281,1.5645,,0.372,0.5771,0.5923,0.2601,0.1962,0.1617
003261,氷川台,37978,0,28,19.8942,5.2383,1.1423,,0.9828,,,0.9382,,,,,6.1498,,1.6262,,,0.6368,,,,2.5143,1.7546,,,4.656,,0.5984,3.0438,,
003558,湯島,37913,0,582,324.3237,85.5442,0.8424,1.057,1.1454,1.2016,1.1452,1.1557,2.6917,0.8984,0.4362,,0.3121,0.7975,0.819,2.6947,2.6536,0.6464,2.1056,0.8577,1.6838,0.4774,0.4631,0.8048,0.2959,0.3956,0.6365,0.6904,0.2266,0.4657,
003752,高井戸,37789,0,47,28.5293,7.5496,,,1.1335,1.5024,,0.6219,3.8441,,,,1.7659,,0.8699,2.0235,,2.5327,,,2.2161,1.111,,1.7915,,,,1.5305,,1.7355,
003836,八幡山,37716,0,96,60.4351,16.0237,2.2333,0.6712,0.6682,1.362,2.2223,0.7069,,5.6838,0.8302,2.8698,0.7366,,1.2909,0.7555,,1.5336,,1.1019,,0.4623,0.5271,0.3737,1.8623,1.1948,,0.2731,0.9837,0.5822,1.9444
003216,板橋本町,37555,0,42,31.1171,8.2857,1.9855,1.0393,,,2.2691,1.0873,,,,,5.0711,,0.7824,1.0644,,1.476,,2.1251,,0.4856,,,,,,1.3242,0.9079,0.9004,2.2255
003954,赤羽橋,37465,0,84,30.9766,8.2681,,1.1464,1.7152,1.0372,0.991,,2.6538,,1.5126,,,,,1.2483,4.3856,1.457,1.7858,,,2.6845,3.2114,2.8396,,,,0.7905,2.2779,0.5648,1.3959
003544,西早稲田,37411,0,33,15.2095,4.0655,3.8359,3.698,,,,1.0502,,,,12.7916,,,0.7067,0.6216,,,,12.3163,,,,,,2.4718,,1.7653,1.4853,,
004182,品川シーサイド,37378,0,36,19.1624,5.1267,1.8404,0.9508,,,,,,4.9337,5.326,,2.0763,,,1.2591,,,,2.9547,2.6935,3.3759,,1.0532,,4.6119,,1.1329,1.1023,2.1864,
003659,小川町,37295,0,480,185.8259,49.826,1.308,1.4455,0.7227,1.2977,0.5281,0.6715,0.8301,0.395,1.1828,0.8178,1.9042,1.3695,1.2746,0.4911,,1.4128,0.5586,1.3124,2.1535,1.3195,0.2511,1.1364,0.5664,1.1076,1.1688,1.0775,0.0874,0.7798,0.6425
003130,北赤羽,36982,0,38,23.2915,6.2981,3.1832,,0.8561,1.5791,3.22,,,,,,3.1537,,,0.4552,,2.2184,2.719,5.1104,2.3293,0.5839,1.2224,1.5997,,1.9116,,0.789,,1.1267,
004025,白金高輪,36926,0,110,41.0936,11.1286,1.0763,0.3934,1.4127,2.1357,1.3604,0.5894,,,,,0.9606,1.202,0.4691,0.7497,,0.8001,,,1.0501,1.3161,3.8575,1.4618,,0.7348,,1.6278,1.9544,1.5506,
003669,新宿西口,36754,0,1178,584.7035,159.0857,1.3916,0.4293,0.6148,0.5523,1.2044,1.6688,2.2609,1.1512,0.8054,0.8353,0.4569,1.6319,1.6305,1.1095,0.6338,0.5741,1.1411,0.0894,0.7332,0.4697,0.342,0.6663,0.4332,0.6994,0.9285,1.0067,0.485,1.3787,0.2378
003200,五反野,36724,0,82,69.4666,18.9159,0.5979,0.4531,1.2079,1.1864,2.8501,1.2277,,,0.8651,2.9907,1.4096,1.5024,0.9828,0.8735,2.7279,1.3333,2.0428,1.9197,,0.2193,,,1.7818,1.058,,0.3541,1.3247,0.4379,3.2471
003530,田原町,36681,0,229,110.3095,30.0727,1.1926,0.787,1.1936,1.9721,1.2212,1.1429,1.0092,2.8841,1.1504,,0.7997,0.333,0.9475,0.7189,0.8419,0.8866,0.6791,1.9147,,0.7292,1.5266,0.4056,3.0326,1.348,,1.3756,0.6638,1.0972,0.5424
003833,新富町,36625,0,292,142.5734,38.9279,0.2482,0.8592,1.8573,2.463,0.7427,0.7137,1.2604,,0.7184,,0.4663,1.8714,1.0244,1.5039,,1.384,,1.1956,0.3633,1.366,2.0972,0.8278,0.5894,0.2877,0.5915,0.5984,0.6958,0.6901,0.3411
003703,新日本橋,36522,0,473,215.2776,58.9446,0.7726,1.2553,1.0136,1.795,1.1082,0.6111,1.2592,0.4335,1.6884,,0.8296,1.5633,0.8283,1.0817,0.9022,1.2852,0.2987,1.077,0.9818,1.3052,1.9267,1.0548,,0.6078,1.9473,0.8333,0.3921,1.03,0.1916
003673,曙橋,36403,0,213,101.2402,27.8109,1.495,1.081,1.457,2.225,0.8986,1.3815,,0.773,1.0816,,0.9587,0.6262,1.0328,1.3627,,0.9377,1.277,0.6,,1.0969,0.8612,0.5836,,1.4451,0.8906,0.7224,0.6513,0.4306,0.5321
003207,王子神谷,36275,0,17,10.6495,2.9358,,2.8074,,,,,,,,,6.5673,,,0.9479,,1.8478,,,,,,3.3313,16.6032,,,1.0953,,,17.397
003862,桜上水,36224,0,51,31.3714,8.6604,1.2467,0.7435,1.2138,1.237,,1.5361,,,1.804,,2.123,2.0886,1.6286,1.3328,,0.9856,,1.6731,,0.9147,,0.7375,,1.2467,,0.8347,0.5332,,
003692,小伝馬町,36068,0,222,114.4899,31.7428,1.0344,2.0458,0.5416,0.8797,1.4738,0.7283,,,0.4276,2.9568,1.141,1.4854,1.3213,1.1796,,1.071,,2.7695,0.8651,1.1927,0.681,0.4224,,0.3425,,0.6153,0.8285,0.3286,0.4062
004184,青物横丁,35970,0,112,72.628,20.1913,1.0071,0.5203,1.0668,0.9992,0.8545,1.8612,,2.6997,1.4572,,0.5681,1.2654,1.9152,0.4593,,1.1229,,,,1.4778,0.3867,0.2882,,2.5237,,0.248,1.2064,0.2991,0.7393
003176,梅島,35416,0,80,72.7957,20.5545,0.5309,0.8047,0.8045,,1.2655,1.7444,,4.0205,0.7682,,0.3129,1.3342,1.9637,0.7757,,1.036,,,,0.3896,0.8155,0.635,3.1646,0.9396,,0.2359,2.7448,0.3889,
003772,二重橋前,35289,0,223,79.4149,22.5042,0.5813,0.8061,1.2458,2.6914,,0.9549,0.9838,,0.5607,,0.531,1.9476,0.1079,0.1573,0.5894,0.7562,0.662,1.2443,1.7014,1.5638,5.6548,2.6935,,0.8751,1.8469,1.9019,0.4142,2.0537,1.0152
003632,新高円寺,35288,0,99,63.02,17.8588,1.7503,0.4176,0.5241,0.6947,1.1664,2.0128,1.7774,,1.0131,,0.8165,0.5865,1.0055,0.7485,,0.9759,,1.124,2.0493,0.7706,0.5377,0.4142,,0.7001,3.3368,1.4153,1.2137,0.8025,1.9834
003929,駒場東大前,35206,0,38,15.7542,4.4749,,,,1.9813,,,,,,,,,1.2032,0.7989,,0.5567,,6.4118,,1.4652,3.0674,1.2495,,1.9021,,1.5589,4.2549,2.1099,
004309,池上,35181,0,150,102.5619,29.1526,0.8558,0.6117,1.3277,0.8491,2.0988,2.4602,1.0862,,2.4765,2.1403,1.5788,0.7168,0.8684,0.4885,1.5255,0.7156,0.731,1.3738,,0.6279,0.9859,0.6407,,1.207,,0.824,1.1207,0.5557,2.7472
003323,京成立石,34621,0,207,183.4914,53.0,1.0784,2.1478,0.7385,1.07,1.3097,1.218,,1.9512,0.3901,1.3486,0.7128,0.4517,1.9871,0.6874,3.2202,1.2025,,0.8657,,0.3956,0.2071,0.3616,,,,0.3916,0.7749,0.3843,0.9498
003767,千駄ヶ谷,34572,0,23,10.278,2.9729,1.5063,,,,,,,,,,,,1.0522,,,1.6796,5.1465,,,,,1.4707,,14.1461,,2.4096,,1.518,
003245,板橋区役所前,34519,0,101,75.8344,21.9689,1.1568,2.2707,0.6324,0.5739,0.9915,0.9502,,,1.6739,,3.1023,0.4845,1.1967,0.4651,,1.2899,0.9882,2.7858,0.8465,0.4244,0.4442,0.8992,4.4818,0.7294,,0.8679,0.7935,0.7869,0.9725
003543,上野御徒町,34438,0,1124,593.9347,172.4649,1.1029,0.8331,0.9175,1.1068,1.0132,1.4734,3.3504,1.5275,0.6542,2.17,0.4294,1.017,1.0879,1.9159,1.3526,0.8567,2.1801,0.597,1.3502,0.325,0.252,0.8467,0.3152,0.6304,0.9297,0.6519,0.3621,0.7953,0.3382
003133,六町,34213,0,17,18.6595,5.4539,,,,,2.1893,0.7545,,,,,,1.5388,3.0197,0.8946,,1.0242,,,,,,2.197,,3.2509,,0.272,1.3567,,
003801,銀座一丁目,33805,0,837,365.107,108.0038,0.6998,0.3239,1.2942,1.4902,0.1021,0.6803,3.3781,,0.4202,1.4525,0.9558,1.3579,0.5064,1.3738,0.7236,0.9376,0.8458,1.1235,1.3238,1.7465,2.6473,0.9316,0.7291,0.8084,1.4635,1.3577,0.9865,1.6497,0.1407
004042,泉岳寺,33601,0,53,19.9373,5.9335,0.8207,0.9,1.0772,,,1.3482,,,,,4.3948,,1.0731,0.49,2.2954,1.3726,,,2.4021,0.6021,2.5212,1.1146,,,,1.655,0.8942,1.7736,
003638,新中野,33550,0,136,77.5498,23.1147,1.7339,1.5451,0.2061,1.4745,,0.4069,5.0304,,2.1504,,1.9063,1.2449,1.2931,0.9187,,1.1048,,3.1812,2.175,0.7269,0.7609,0.3223,,0.5806,,0.8701,0.6398,0.9518,1.5684
003628,東高円寺,33021,0,72,48.6805,14.7423,1.3663,0.5432,0.6819,,2.2763,0.7482,,,1.318,4.5563,2.6557,,1.5698,,4.5614,1.0157,1.5561,1.4624,1.3331,0.3342,0.6996,1.0777,,0.9109,,0.9125,0.5264,0.522,2.5804
004157,西小山,33007,0,138,76.4629,23.1657,1.3414,0.7594,1.1939,0.9723,2.0162,1.137,1.0264,1.3136,2.003,,1.6043,0.3387,1.4692,0.6587,1.8045,0.4986,,0.6491,0.5917,1.1954,0.9973,,,0.3851,0.9634,0.7402,1.0958,0.2136,1.4388
003696,西新宿五丁目,32776,0,94,42.6573,13.0148,,1.7305,1.1663,1.864,,1.4944,,,,,1.8367,1.5036,0.7441,1.0094,,1.0279,3.1498,2.8818,,0.6585,1.3786,0.4671,,0.8675,2.1387,0.6551,0.4808,2.0278,4.9127
003274,お花茶屋,32727,0,71,55.0144,16.8101,2.4707,1.8745,1.2891,,0.6858,0.8697,1.792,3.4058,,,1.3998,0.5913,0.473,0.8999,2.8105,0.9839,2.4119,3.3998,2.0662,1.5538,,0.4734,,2.3878,,0.2279,,1.0061,2.4868
003945,梅ヶ丘,32280,0,89,45.8866,14.2152,1.4678,2.1466,1.3154,,1.946,1.507,,,,7.342,1.8846,0.6147,0.8947,0.3937,,0.8183,,1.1782,1.0741,0.2692,0.5636,0.956,2.3822,1.5284,,0.6376,0.751,2.2343,0.9204
003337,江古田,32177,0,219,162.3895,50.4676,1.8398,0.2188,0.4871,0.2808,1.1686,1.9762,,1.2342,0.4096,1.4158,1.9048,0.9484,1.3096,0.9335,,0.7101,0.4835,0.4544,1.2427,0.8307,1.0869,0.3865,,1.1537,,0.9638,1.3199,0.935,0.9244
003698,大島,31661,0,46,27.5862,8.713,2.0283,0.9743,0.6062,,,1.666,,4.1891,1.9565,,3.9921,,1.3602,,,1.1308,,2.1708,,0.4961,1.0385,1.35,,1.9579,,0.5746,0.8681,1.7218,2.1279
004310,下丸子,31438,0,61,41.2565,13.1231,1.1639,0.832,1.5478,,1.1418,1.434,,,1.6841,5.8219,,0.9749,0.7874,0.8859,,0.9733,,,,0.854,0.8939,1.7428,4.343,1.0944,,0.8406,3.8107,,1.8682
003415,千石,31304,0,54,29.5304,9.4334,,1.1919,1.2703,,,,,,1.9354,,2.7688,,,0.341,3.1952,1.8643,2.285,2.1473,,0.9814,3.0818,1.8727,4.6667,1.3915,,1.2157,2.8721,1.4242,5.2802
003796,宝町,31022,0,242,119.7644,38.6063,1.0108,1.7136,1.2101,1.1462,0.8641,0.4745,1.4664,1.4321,0.4179,,0.6781,0.7258,1.0925,1.2725,1.4902,1.5297,,1.391,1.6907,0.6357,2.44,0.8256,,,0.6882,0.7595,0.6477,0.3212,0.3969
004205,尾山台,30971,0,77,37.6496,12.1564,,1.616,0.9902,,,0.7564,,,3.9971,,0.5911,0.7713,1.1226,0.494,,1.5401,,1.4783,,2.3647,2.1216,0.5997,,,2.1943,0.88,1.4133,0.9344,3.4644
004367,雑色,30842,0,92,67.4593,21.8725,1.2227,0.874,0.542,0.6065,2.3989,1.2554,,,4.4228,,0.4511,,0.8272,1.1632,4.3592,0.8521,,0.9814,,0.4485,0.4695,,2.2811,2.8742,,0.6622,0.4003,0.397,4.9063
003928,潮見,30732,0,24,14.4684,4.7079,1.2268,1.768,1.0999,,,2.0154,,,,,4.8292,4.1105,1.6455,1.9089,,,,,,,,,,,,0.3475,,,3.8611
004356,大鳥居,30660,0,63,47.5968,15.5241,0.8275,1.1831,0.3668,1.6421,0.8118,0.6797,,,2.3948,,2.4427,0.6932,1.6796,1.5746,2.9504,0.9227,1.4137,1.3285,,0.6072,,1.8586,3.0878,0.7781,,0.498,,,
004373,天空橋,30427,0,11,6.3656,2.0921,,,,,,4.9825,,,8.7772,,,,,2.3085,,1.691,,,,2.2254,,,,,,2.1904,,,
003695,東大島,30424,0,14,9.1904,3.0208,,3.2996,,,,,,,,,,,1.1634,,,3.9546,,,,,,,34.5286,5.0239,,0.4914,,2.209,
003451,鷺ノ宮,30388,0,64,35.6764,11.7403,1.1278,0.8794,0.9383,1.119,3.2014,2.3159,2.863,,1.6319,,0.7233,,0.368,,2.7992,0.9432,,,3.3011,0.4137,,0.7338,,1.3219,,1.4857,2.1849,,3.5705
004245,田園調布,30210,0,45,28.3531,9.3853,,,2.5009,,1.3837,,,,,,,,0.4771,,,1.1795,,2.2644,,0.5174,1.0833,1.056,,1.3263,,1.3581,8.3123,1.8319,4.5279
003165,志村坂上,30150,0,75,56.5898,18.7694,0.4402,2.0736,0.9626,,0.7546,1.8078,,,2.5477,,2.0236,0.7374,1.5612,0.354,,0.7362,1.504,1.4134,1.2884,0.6459,,1.3687,,2.2204,,1.321,0.6038,,
003158,志村三丁目,30055,0,27,20.0106,6.658,2.1186,1.6633,,,,1.7402,,5.7161,,,1.6233,,1.2523,,,1.1811,,3.4012,3.1005,,,,,2.6717,,1.0597,,1.4411,7.1239
003794,永福町,30039,0,71,48.2989,16.0787,1.2872,0.5118,0.3212,0.8514,1.4296,1.0573,,,1.2417,,1.5011,0.7188,1.2324,0.9174,,1.4353,,1.3776,,1.2592,0.6591,,,1.7163,,0.7589,2.9752,,1.2155
003791,幡ヶ谷,29965,0,209,98.4437,32.8529,1.0645,0.3767,0.5704,1.0562,1.0783,1.8945,2.7025,,1.0269,1.775,0.5123,2.3779,1.3634,0.8209,,1.0881,0.6062,1.709,2.0773,0.6509,1.3627,0.6929,1.7268,0.8331,,0.8017,1.0818,,0.4419
004050,祐天寺,29907,0,152,64.9735,21.7252,0.9751,0.5993,1.3149,1.4512,0.426,1.6019,,0.9936,0.7055,,1.2028,1.6336,1.0282,0.7802,,0.4077,,0.7828,0.7136,1.9675,1.1234,1.5254,1.5205,0.9288,5.8092,1.0943,1.2986,0.2576,
003479,曳舟,29890,0,140,94.6077,31.652,1.3299,1.7714,0.7402,0.377,1.4175,1.0924,0.9646,3.6811,,,0.3825,0.9549,1.222,0.7466,0.9993,0.5296,0.6491,,0.5561,0.4182,0.2918,0.9701,0.967,1.7205,0.9055,0.9109,2.1033,0.9271,1.1457
003293,西巣鴨,29560,0,49,25.5444,8.6415,2.8071,2.8511,1.2312,,2.3962,,6.1824,2.6527,1.6247,5.6165,1.9437,0.9405,0.4578,,,0.9919,1.9182,1.8026,,0.8238,1.008,,,1.2398,,1.0859,0.6801,,
003305,豊島園,29508,0,45,33.266,11.2736,1.2691,0.981,1.092,,,1.0425,,,,,0.8541,1.0631,0.9034,2.0929,,0.7076,,2.0375,,1.8624,1.9495,,,1.2933,,0.9973,,2.5155,
003419,武蔵関,29438,0,79,64.626,21.9533,0.9895,0.5099,1.7028,0.6545,2.7235,0.5419,,,2.8636,,0.444,0.5526,2.1131,0.272,,0.3678,,2.1181,,0.484,0.5067,1.3512,,1.3445,,0.7776,0.4395,0.4358,2.1545
004012,葛西臨海公園,29022,0,7,4.3041,1.483,,,,,,,,,,,,,,,,2.1327,,,,,,4.4086,,20.5717,,1.3043,,5.1636,
004114,不動前,29015,0,114,66.3106,22.8539,0.638,0.3296,0.5407,,2.1655,1.5722,,,2.7696,,0.7198,0.5344,0.7467,0.7275,,1.0672,2.18,1.0243,,1.6385,1.9601,1.8257,1.8198,1.5989,,0.6798,0.7643,0.758,3.747
003367,新江古田,28904,0,22,12.2251,4.2296,,,4.12,,,,17.1968,,,,,,,,,1.8883,,,,2.7684,2.8979,2.5761,22.5709,3.8449,,0.4942,1.9379,,
003845,代々木公園,28862,0,174,73.3059,25.3988,0.7918,1.6814,0.5091,1.0475,,0.4336,1.3401,1.3259,0.7638,,0.5081,1.3265,0.5531,1.1448,,0.5886,,,1.5451,1.3556,4.0543,0.7731,,0.6197,2.5159,1.4767,1.6093,1.596,1.9724
003623,若松河田,28849,0,45,19.4463,6.7407,0.9028,2.6111,,,,0.7416,,,,,0.9263,1.5125,0.499,,,1.51,6.1694,2.8988,,1.9873,2.7736,0.9398,,1.7453,,2.2437,,,2.5708
003985,代官山,28772,0,296,116.8536,40.6137,0.1555,,1.0001,0.3086,0.3151,1.1498,1.5794,,0.4501,1.5561,0.1497,0.7817,0.2173,0.733,0.4214,0.5203,0.5314,,0.9105,1.826,3.8227,0.7901,,1.826,6.6716,2.3094,2.6844,1.881,0.3874
003571,蔵前,28718,0,149,65.3868,22.7686,1.5739,0.6923,0.5251,0.5205,,0.2155,1.3318,1.2687,0.7591,2.6242,0.5277,0.8789,0.6946,0.8302,,0.585,,0.8422,1.5356,0.9623,2.0146,0.5353,,1.7789,1.2502,2.6292,2.336,1.1583,1.4315
003434,千駄木,28507,0,165,87.5606,30.7155,0.492,1.0606,1.5167,0.4254,0.5804,0.6322,,,,,1.1496,0.4652,0.7409,0.8496,,0.6329,1.6811,0.8916,,1.2224,0.4265,0.3888,,1.1555,,2.0622,1.3716,3.5485,2.4855
004061,高輪ゲートウェイ,28418,0,25,8.9179,3.1381,,1.5267,2.7409,,,,,,,,,,0.9101,,,1.5522,,,4.0747,,4.2766,1.8907,,,,2.4564,1.5167,3.0084,
004349,糀谷,28346,0,81,55.4886,19.5755,1.6146,,1.0736,0.801,1.584,0.9947,,1.6242,1.1681,4.0383,2.3831,,1.3655,0.3072,,1.8004,1.3792,,,0.5923,,0.6044,,0.7591,,0.8745,1.0573,1.5728,2.5917
003962,芝公園,28023,0,61,22.1435,7.9019,1.1737,2.5744,1.5406,2.329,,0.482,,,,,3.1426,,,0.1752,3.2827,2.2903,,3.7686,1.7177,1.7223,3.6057,0.7971,3.9725,,,1.0355,1.2788,,
003483,根津,27937,0,169,101.8049,36.4409,0.5075,0.9369,0.7734,1.281,0.8313,,,,,,1.5978,0.4251,1.2012,1.083,1.2124,1.6332,0.867,1.6296,,1.3621,1.5591,1.4211,,0.528,1.2094,1.0026,1.3079,1.0808,0.6678
003586,末広町,27833,0,449,161.0555,57.8649,1.9815,0.8331,0.7345,1.6292,0.1437,0.5117,0.9037,,1.0302,1.7806,1.5853,1.0436,0.7185,0.5152,,1.362,0.9122,0.5715,0.8991,0.3265,0.5213,2.1031,1.2332,1.0048,,3.1502,0.5707,0.6603,0.2331
003117,高島平,27789,0,55,42.0652,15.1374,,0.7777,2.7075,,0.849,1.6272,,,,4.9546,2.2768,0.8297,1.171,0.3982,3.731,1.6567,,1.5902,,0.7267,,0.7699,,3.7473,,0.4954,1.3588,,1.6653
003233,中板橋,27781,0,89,68.3584,24.6062,1.3883,2.18,0.759,1.3775,1.7849,0.8553,,,,,2.6594,1.7444,1.0258,0.5582,,0.5805,,,1.0159,0.5093,,0.5396,,1.7508,,1.0416,1.9045,0.4722,2.3342
003999,辰巳,27776,0,0,0,0.0,,,,,,,,,,,,,,,,,,,,,,,,,,,,,
003349,富士見台,27732,0,47,34.7966,12.5475,1.4766,1.4719,,,0.7951,1.1241,,,6.1148,,0.711,1.5888,1.0262,1.3067,,1.1178,,1.349,,0.7752,,,2.7249,,,0.4151,1.4076,1.396,5.1757
003702,西大島,27698,0,68,41.8559,15.1115,0.8129,,1.0933,0.8065,1.581,1.6693,2.0637,,1.1762,,2.4,0.6809,1.3629,0.1581,,1.133,,5.2203,,1.4911,,2.4348,4.045,2.3542,,0.2303,0.5219,,2.5585
003619,南阿佐ヶ谷,27693,0,131,81.8781,29.5664,1.1489,0.6852,0.43,1.1399,,0.7078,2.9165,,1.6624,2.8734,1.3398,0.4812,1.155,0.4606,1.4383,0.9608,0.9813,2.7666,0.8407,1.4752,0.4412,1.3593,3.3873,0.5744,,1.2338,2.6555,0.9876,0.8137
003763,浜田山,27565,0,103,63.8511,23.1638,0.6972,0.4158,1.0438,,1.1616,0.859,,4.4753,1.0089,3.4876,0.8131,0.584,0.8011,0.3727,,1.1662,2.3822,2.2387,1.0204,1.7905,2.142,0.4125,2.0557,2.0917,1.6615,1.4975,0.8058,0.3996,
003960,豪徳寺,27512,0,89,43.2835,15.7326,0.4014,0.9392,0.8633,,1.4191,0.6594,,,1.1616,,0.5154,1.3449,0.9787,1.5793,,1.5665,,1.2888,,0.8835,0.6166,1.5686,2.6059,0.8359,,0.9764,1.2322,0.8147,2.0136
003481,東大前,27311,0,36,21.9206,8.0263,,0.9813,1.3946,2.1854,,,,,,,,,1.5876,0.5616,,1.842,3.7629,,,0.8081,3.3833,4.6257,,,,1.3346,,1.1727,
003448,落合南長崎,27118,0,23,9.9599,3.6728,2.8779,,2.4794,2.795,,1.1569,,,,,,,,,,,,,4.2118,,2.2103,3.1469,,5.8923,,0.7865,,5.0769,8.3656
004191,等々力,27098,0,43,20.6598,7.6241,0.8811,1.0309,1.2634,1.7485,1.5576,,,,,,2.2627,,1.6113,0.6303,,1.4738,,,,,,,,,,1.531,3.6065,,2.2101
003523,落合,26664,0,68,33.2291,12.4622,1.9316,1.0041,1.9897,3.724,,0.5289,,,,,0.6043,,0.651,0.6275,,1.703,,1.891,,1.377,,1.4509,3.0554,1.1386,3.0686,1.5671,0.8316,1.5032,
003314,練馬高野台,26372,0,26,16.6974,6.3315,,,,,,,,,,,4.2198,,0.7439,0.8617,,1.7479,,,,1.5336,,,,4.2598,,1.9161,2.7848,1.3809,6.8262
004248,馬込,26346,0,25,16.2064,6.1514,,,6.8263,,,,,,,,,,,2.9301,,,,,,2.8247,,2.8823,14.3652,,,0.9268,2.5209,,
003431,新大塚,25769,0,62,31.0416,12.0461,2.1706,1.2133,1.0833,,3.0982,0.4457,,,1.5703,,0.6262,,,0.3932,,0.6051,1.854,1.7423,3.8455,1.9907,2.369,0.6353,,2.3967,,1.0612,0.6574,0.8211,3.2229
004317,武蔵新田,25710,0,71,52.3424,20.3588,2.0768,0.5938,0.3683,2.4726,1.6299,1.3647,,,2.404,,1.8391,0.6958,1.6861,0.6323,,0.4631,1.4192,2.6673,1.2158,0.3048,0.638,,,,,0.4999,1.0879,1.6184,
003545,上野広小路,25666,0,1121,593.118,231.0909,1.1606,0.8301,0.8935,1.1028,1.1044,1.4173,3.1814,1.5219,0.5625,2.1621,0.4589,1.065,1.1166,1.8681,1.3477,0.8109,2.1721,0.6939,1.4356,0.3012,0.2511,0.8786,0.314,0.6281,0.9263,0.6488,0.3608,0.7924,0.337
003128,西台,25605,0,56,42.0956,16.4404,2.5347,0.796,1.1086,1.0059,1.738,0.8328,,2.7356,,,1.5537,2.5478,0.899,0.4076,,0.8479,,,1.4838,0.7439,,0.7881,,1.2786,,0.6762,0.6954,2.069,3.4093
003393,東長崎,25544,0,114,59.4133,23.2592,0.521,1.165,1.4283,1.0339,3.9666,1.2839,1.3227,,0.7539,2.6063,1.2026,1.3093,0.8548,0.3681,,1.8882,0.8901,0.8365,,0.3823,0.8004,0.61,,0.5753,1.2416,0.7199,0.6312,0.313,
004329,矢口渡,25506,0,64,47.6217,18.6708,2.0674,,1.4663,,1.6225,1.3585,,,2.3931,,3.0513,0.6927,2.2379,0.3147,,0.9221,,,,0.6067,,1.2382,,0.7776,,0.4977,0.5415,0.537,
003676,東日本橋,25398,0,177,81.0609,31.9163,0.893,1.9868,0.8017,1.329,0.8906,0.7335,1.1335,,0.646,2.2334,1.6774,0.748,0.4606,1.4754,,1.618,2.2883,2.8672,,1.3104,0.3429,1.0636,,0.5174,,1.2231,0.7509,0.2482,0.6136
003193,本蓮沼,25190,0,45,38.7559,15.3854,1.2038,3.7806,0.6581,,2.0636,0.9888,,,3.4837,,0.9224,,1.4232,1.452,,1.3423,,,1.7618,,,,,,,0.2007,,,2.024
003268,新板橋,24762,0,122,95.6119,38.6123,1.0788,0.847,1.4745,1.0704,1.8494,1.5508,1.3694,1.4554,,2.6982,1.6532,0.9037,1.116,1.5181,,1.3533,0.9215,,,0.3958,0.8286,,2.0898,,,0.5396,0.37,0.7339,0.9069
003709,菊川,24573,0,90,63.4664,25.8277,0.854,1.4131,0.9274,,3.2759,0.976,1.5082,,0.8596,2.9718,0.8971,,1.686,0.3335,,0.9937,,0.9538,0.8695,0.218,0.4563,0.6067,1.512,0.8967,1.4157,0.6499,0.7308,1.0557,0.8957
003502,浅草,24412,0,687,340.5646,139.507,1.0378,0.8862,1.0997,1.5748,0.7501,1.755,2.7895,4.1335,1.4133,1.2215,0.7368,1.125,1.067,1.104,1.2929,0.7828,1.6686,0.392,1.0721,0.3583,0.3751,0.8098,1.2418,0.552,0.8728,0.8158,0.5436,1.3479,0.3332
004361,羽田空港第2ターミナル,24342,0,101,65.6532,26.9712,0.8867,1.6902,1.0482,0.5865,,0.4856,,,0.8554,,0.4362,0.9903,,0.6749,18.9687,0.4944,2.0198,,,0.2169,,2.2129,,1.6676,1.4087,1.3519,0.7742,5.3746,
003359,三河島,24202,0,59,41.4531,17.128,,0.957,1.2275,,2.5107,1.4192,,,1.25,,0.6446,0.7236,1.1543,0.3301,,1.9265,5.9033,1.3869,1.2643,0.3169,0.6635,0.6539,,1.4541,,1.3323,0.617,,
003780,北参道,23768,0,88,37.8997,15.9457,0.4245,0.9013,0.5458,,1.7198,0.6973,2.155,,,,0.4085,,0.2965,0.9819,,1.4198,,1.3628,3.7271,1.5571,5.8678,0.4144,,0.9966,2.0229,1.4613,0.4313,0.8555,1.0573
004273,御嶽山,23587,0,33,18.3917,7.7974,,,3.7633,2.1058,,,,,6.1419,,1.5663,,,0.8077,,1.1833,,6.8146,,0.7786,,,,3.9914,,2.0437,,1.3783,6.8133
003195,京成金町,23574,0,149,126.2068,53.5364,1.3072,1.1571,0.8952,0.6485,1.27,0.9395,,2.3651,1.4186,1.6347,1.0801,0.8212,1.7517,0.8333,1.3011,0.4555,,,,0.5994,0.251,0.4383,1.0922,1.1054,0.7787,0.844,0.9393,1.1645,1.1513
003473,野方,23415,0,148,90.7947,38.7763,0.9658,2.1087,0.4821,1.1499,1.4622,1.2693,,1.9377,1.677,3.865,0.9911,0.6472,1.6386,0.4094,,0.6462,1.32,0.6202,,0.4252,,0.2514,1.2528,0.4528,0.9206,0.9613,1.7464,0.7423,0.6115
003290,京成関屋,23344,0,28,22.035,9.4393,,4.8425,,2.1134,,2.6244,,8.0649,,,1.2555,1.7842,0.8753,,,0.5938,,3.4196,,0.7814,,,,3.7695,,1.2617,,,
003886,築地市場,23281,0,182,79.3645,34.0898,0.5457,0.8094,3.2661,3.2484,,0.6723,,,0.7896,,1.5375,3.6566,0.3753,1.3524,,1.369,0.9322,1.7521,,1.0009,1.6764,2.0797,,0.6323,,0.9567,,0.6068,0.7499
003243,練馬春日町,22655,0,17,10.7128,4.7287,,,1.9608,,,,,,,,3.0672,,1.6221,,,5.0821,,,,,,,,,,2.9845,,,
003444,下井草,22499,0,46,32.1315,14.2813,0.5838,,0.437,,2.9178,0.959,,,,,,0.978,1.0061,0.6241,,1.9529,1.9947,,1.7088,0.4283,0.8967,,3.4424,2.3352,,0.7376,2.0241,1.3382,3.3076
004259,雪が谷大塚,22365,0,63,42.8728,19.1696,0.9303,1.33,2.0621,0.9231,0.9127,1.5283,,1.8717,,,1.3731,,1.2588,0.354,,1.0374,,2.9872,,,,,,0.8748,2.2169,1.0078,2.4368,1.8125,1.4933
004175,上野毛,22230,0,45,24.5329,11.0359,2.0993,0.8187,0.5017,2.7771,2.474,1.1496,,,2.025,,0.8985,1.1723,1.2796,,,0.7803,,2.2468,,,1.0749,1.823,,1.4573,,0.4864,0.716,2.8405,
003273,堀切菖蒲園,22096,0,86,76.1253,34.4521,1.9469,0.4924,0.7618,,2.1618,0.9138,,1.3419,0.8049,,1.1031,0.4659,2.4226,0.2364,2.2147,1.7057,,0.893,0.8141,,,0.373,,0.6272,,0.5387,,,1.9596
004307,大森町,21817,0,45,28.5571,13.0894,1.2735,,0.5645,,2.4987,2.0921,,,1.8427,,4.6991,,0.4308,0.4846,,1.42,,2.0445,,0.4672,1.9562,0.9535,9.504,2.395,,0.9197,0.8339,0.827,
004261,多摩川,21510,1,22,15.4303,7.1735,,2.7796,,,,,,,5.6266,,,,1.3154,,,,6.6431,,,1.4266,,,,,,0.9361,7.639,,6.2417
003538,本所吾妻橋,21482,0,104,64.2489,29.9082,0.6843,0.7975,0.2666,2.0368,1.9146,0.8431,,2.2098,0.9901,,0.6889,2.2928,0.4401,0.1921,1.7996,1.526,1.169,1.0986,1.0015,,,1.0483,,4.1313,,1.6405,1.6835,1.2522,2.0633
003706,浜町,21447,0,101,47.1823,21.9995,0.3919,1.9378,1.1729,0.7777,2.3451,0.3219,,,,,0.3681,1.3131,0.5391,0.8634,2.0222,1.748,,1.2584,1.1471,1.1502,0.602,0.3734,1.8611,0.9083,,1.6318,,1.3074,1.0771
004161,戸越,21299,0,94,58.1549,27.3041,1.8613,0.3205,1.0515,1.2311,4.7378,0.2548,,1.6632,1.7954,3.1034,1.3999,,0.7261,0.4245,,1.2106,,0.996,,0.9104,,0.7101,,0.7774,,0.7638,1.1148,1.4741,0.9109
004372,羽田空港第1ターミナル,21124,0,113,69.5903,32.9437,1.5059,1.7223,0.8011,0.5976,,0.2474,1.5291,,0.8716,,0.889,,,0.2292,15.0332,0.3358,,,0.8815,0.221,,2.7058,2.2476,1.1328,,1.8851,2.3666,5.0853,0.9669
003441,本駒込,21070,0,66,40.5938,19.2662,,1.394,0.9905,2.0695,1.09,,2.6475,,3.0181,,2.8785,0.8736,1.1275,0.7978,,0.5814,,,,0.3826,,0.7301,,2.17,,1.3692,2.2394,1.6657,1.3723
003278,尾久,20858,0,29,18.938,9.0795,0.8855,3.0002,0.9526,,,1.4547,,,,,3.5093,4.4505,1.2355,,,1.9748,,,,,2.7204,,8.872,2.1271,,0.5853,,,
003288,牛田,20820,0,30,23.251,11.1676,0.9836,4.4722,,1.9517,,2.4237,,7.4481,,,1.1595,1.6478,0.8084,,,0.5484,3.3606,3.1581,,0.7217,,,,3.4812,,1.1652,,,
004364,穴守稲荷,20698,0,72,49.4925,23.9117,2.9122,1.1895,0.7377,2.4766,0.8163,1.3669,,,1.2039,4.162,0.614,0.697,1.4073,0.3166,,0.9278,,1.3358,,0.6105,,0.6229,,0.7824,,0.9013,0.5448,0.5403,5.3422
003426,椎名町,20617,0,76,37.8136,18.341,1.228,1.8304,0.8976,0.8122,1.558,0.6724,,1.934,2.369,,1.4171,1.3714,1.0745,0.964,,1.3692,,,,0.3003,0.6287,,,1.8079,,1.2441,0.9918,0.4918,
003679,中野新橋,20570,0,94,54.8902,26.6846,0.8983,,0.9965,1.7824,2.2665,1.9675,,1.5018,3.466,5.9909,1.1522,,0.9769,1.2692,1.4863,0.5008,1.023,0.9614,0.8764,0.6591,0.4599,0.3896,,0.7019,2.854,0.7012,0.3867,0.3835,1.8959
003618,牛込柳町,19954,0,38,16.4014,8.2196,0.9528,0.9186,0.6191,1.8907,,0.7826,,,,,,,,0.4632,4.3396,1.0624,,,,4.1945,5.8542,0.9918,,,9.0819,1.3155,1.1068,,2.7131
004112,台場,19936,1,81,29.7281,14.9118,2.5439,,1.0017,,0.9647,2.5074,,2.2295,2.9447,,0.6811,1.7047,0.3326,1.0632,,0.5673,,1.6336,1.4892,0.3733,,4.8371,,1.042,2.4248,1.539,,1.0995,
003477,京成曳舟,19929,0,88,59.9294,30.0715,1.3622,0.9525,0.4245,,1.5245,1.1189,,7.0379,,,0.2742,0.4564,1.4018,0.3059,1.4329,0.4557,0.9308,,0.7974,0.5997,,1.3911,1.3867,1.6447,1.2984,1.0757,2.3458,0.997,1.6429
003489,新井薬師前,19709,0,87,48.8904,24.8061,0.7719,1.8058,2.5689,0.7659,0.7304,1.5851,,,5.5847,,1.4853,0.6466,1.2593,0.6135,,0.8607,,1.2393,,0.2832,,1.0045,,0.9048,1.8395,1.1299,0.4985,,1.2219
004299,鵜の木,19463,0,28,18.4362,9.4724,1.1124,1.5903,1.9724,2.2073,2.1825,0.9137,,,,,3.2836,,0.7526,,,1.2403,,3.5716,,,,,8.3014,,,1.0711,2.9136,1.4448,
003471,雑司が谷,19401,0,52,22.4177,11.5549,0.6814,0.7617,1.4943,,,,,,,,0.7863,1.1415,0.4471,0.9628,3.0067,0.7597,,,,,6.2796,0.7977,,,,2.4475,1.6509,1.6373,6.0703
004155,戸越銀座,19370,0,101,59.5572,30.7471,1.7598,0.303,0.9942,1.164,3.9817,0.4818,,1.5725,2.5463,2.9342,1.3236,,0.5149,0.2675,,1.4717,1.0021,,,1.076,,1.0071,,0.735,,0.9388,1.054,2.439,0.8612
003140,蓮根,19363,0,51,36.5253,18.8635,1.9759,,0.7201,1.3069,,3.246,,,,,3.0279,,0.7786,1.0592,,2.2032,,,,,,,5.1033,,,0.6589,2.7105,0.896,4.4294
003688,中野富士見町,19307,0,38,21.6215,11.1988,1.6284,,0.6774,,1.5408,2.0063,,,2.3561,,2.2281,,0.5831,0.4314,,1.4738,,2.6142,7.7373,,,2.119,5.2806,1.9086,,0.2383,3.1546,1.0429,
004087,東京ビッグサイト,19291,1,51,27.7979,14.4098,0.6489,2.8055,,2.5753,,,,,,,5.1087,1.0871,0.4352,,,1.4471,2.2171,,,1.9044,,2.5914,,5.6376,,2.0221,,,
003442,東向島,19220,0,57,36.8769,19.1867,1.0673,1.2439,1.6632,1.0589,1.9908,0.4383,,,,,1.0744,,1.0297,,,1.4876,1.8233,,1.562,2.7408,,,,1.6109,,0.7525,1.9693,0.651,1.6091
003519,稲荷町,18891,0,139,67.4394,35.6992,0.5642,2.6061,0.5647,1.1196,0.4333,0.9269,,1.3644,2.4492,,1.7025,0.9452,0.8965,0.6377,2.3899,1.8874,2.8917,1.8117,,1.2419,0.4333,0.8636,,0.6377,,1.2119,0.314,,
003437,上井草,18819,0,44,30.6556,16.2897,4.2786,1.9541,0.6162,,,1.1665,,,2.0549,7.1039,,1.1896,1.7335,,,1.5836,,2.28,,,,1.6803,,,,0.5383,0.8206,1.7601,
003440,井荻,18679,0,49,34.1944,18.3063,0.581,1.3859,0.8698,,1.9357,0.9544,,,,,2.0325,,1.3349,0.6211,,2.2673,,3.7307,,0.8525,0.8924,0.6873,,,,0.4404,1.3428,0.6659,1.6458
003837,代々木八幡,18567,0,167,70.9947,38.237,0.8172,1.7354,0.5255,1.0811,,0.4475,1.3831,1.3684,0.7883,,0.5244,1.3691,0.5709,1.024,,0.6075,,,1.5947,1.599,3.3475,0.532,,0.6396,2.5966,1.4068,1.9377,1.6472,2.0357
003376,四ツ木,18180,0,19,17.5551,9.6563,,,1.229,2.6709,,,,,,,,,2.7056,2.288,,0.7504,,,,,,,,,,0.869,,3.8369,
003303,京成小岩,18036,0,54,34.8983,19.3492,1.1187,1.9541,1.6061,1.1099,1.2158,1.9062,,,1.6186,,1.2707,,0.4192,0.6415,,,,3.5918,,0.8208,,,3.2126,,,1.3349,4.1312,1.6711,1.8661
003475,沼袋,18003,0,65,41.9884,23.323,0.3857,,0.6418,,2.1898,1.5841,1.9583,,2.2324,,0.4948,1.2923,2.2652,0.2044,1.9146,0.6451,,1.2384,1.129,0.849,,,,1.8084,,0.7904,,0.9881,2.4422
003453,都立家政,17816,0,46,27.321,15.3351,1.1419,,1.4251,2.266,3.2415,0.469,,,1.6523,,1.4648,0.9565,1.1177,0.9076,,,,1.8333,1.6712,0.8379,,,,2.6769,,1.17,2.2123,,
004244,立会川,17669,0,51,31.6931,17.9371,1.9668,1.3548,1.1112,1.301,1.1126,1.6155,,3.5151,,,0.7397,,1.5345,0.598,,1.0966,2.24,2.1051,,0.481,,0.7504,,,,0.3228,0.7854,,5.7753
003777,西永福,17596,0,47,32.0769,18.2297,,0.7148,,1.1892,0.9984,1.4768,3.0428,,,,0.6989,1.004,1.3771,1.2813,,1.3365,,,1.7542,1.7589,0.9206,2.8362,,,,0.6057,1.3852,0.6869,
003830,代田橋,17148,0,45,27.1289,15.8204,,1.1833,,2.401,4.0315,0.9938,,,,,1.4111,1.6944,0.6165,,,1.2384,,3.885,2.9603,,1.8585,,,,,1.093,1.0349,1.3868,5.0736
004239,洗足池,17037,0,23,13.7919,8.0953,,,,,,0.9988,,9.7853,,,,,,0.9255,,4.0675,,,,2.6765,,1.8207,,2.2868,,0.8781,1.5925,3.1586,
004044,白金台,16791,0,68,24.7959,14.7674,,0.5935,0.7103,2.1476,,0.4445,2.7475,,,,,,0.3538,0.4847,3.0271,1.2068,,,,3.1764,8.3123,0.735,3.6631,,,1.5005,1.1792,1.7542,
003301,千住大橋,16762,0,35,26.7612,15.9654,1.3313,1.0089,2.0171,1.3209,3.1732,0.5468,,,1.9263,,1.5694,2.2303,0.5471,0.6483,,0.7422,2.2743,,,0.4884,,,,2.3559,,1.38,0.9832,0.9751,
004001,市場前,16534,0,47,24.7798,14.9872,1.3456,1.9392,8.4451,1.335,,,,8.3373,1.947,,3.9726,3.3813,,0.5234,,0.3751,,,,,,1.3434,,,,0.5718,,1.7134,
004319,梅屋敷,16426,0,66,45.4508,27.67,0.4488,,1.1937,1.7811,0.8806,1.4745,,3.6117,3.8963,,1.3248,0.7519,0.9109,1.0248,,0.5004,,1.441,,1.6464,,,,2.5321,,0.5402,2.9388,,4.3223
004399,六郷土手,16205,0,21,14.0866,8.6927,3.0454,2.1769,,3.0216,,,,,4.4066,,2.2474,,,2.3179,,1.6979,,,,1.1172,,,,,,0.7331,,1.9777,4.8883
003285,下板橋,16048,0,42,28.4787,17.7459,,2.3581,0.5974,1.0812,,1.8503,2.7663,,,,0.6288,,0.8877,1.8113,,0.6075,,,,0.7995,1.1534,1.1673,,,,1.1521,1.03,2.6977,2.5249
004285,流通センター,15693,0,8,6.5336,4.1634,,9.7074,,,,,,,,,,,2.2969,,,,,,,,,5.0836,,,,0.8173,,,
004292,久が原,15640,0,25,14.657,9.3715,1.2704,,1.1263,,2.4925,,,,,,,,,,,2.1247,,4.0789,,2.7962,3.9027,,,,,1.8349,3.3274,1.65,
003899,東松原,15426,0,37,16.5616,10.7362,,1.1647,1.4274,,,0.8177,,,2.8808,,2.5563,,1.2136,,,1.665,,3.1963,,,,1.2967,,,,1.5567,4.0744,3.0306,
004305,千鳥町,15216,0,29,23.3801,15.3655,,1.4362,,,1.971,,,,,,1.4827,,2.0389,1.5292,,1.1201,,,,1.4741,,,,1.8892,,0.4837,2.6313,,
003153,志茂,15187,0,10,5.8006,3.8195,2.5761,,2.7712,,,,,,,,,,,1.4736,,5.7449,,,,,,,25.81,,,,,,9.0146
004225,荏原町,15179,0,76,43.6756,28.7737,0.8837,0.9131,1.1233,1.7536,0.7498,1.0888,2.2434,,,,1.4955,1.4805,1.2928,0.6046,,1.4781,,1.4187,,0.9726,0.6787,0.5057,,1.1073,,1.0879,1.5879,0.5249,1.2974
004153,新馬場,15099,0,50,27.4971,18.2112,0.8474,2.6268,0.7181,,,1.3921,,,,,,1.4197,,1.1595,7.2421,2.8347,,5.4419,,1.2435,,,,,,1.0432,2.0302,1.0067,
003321,桜台,15032,0,90,70.6945,47.0293,0.8221,2.1182,0.7073,,,0.2251,,1.1949,,,1.4753,0.9181,1.3654,1.8076,,0.9166,,2.6395,,0.6032,0.8418,0.7483,,1.1169,2.6119,0.8613,1.8255,0.3621,0.8949
004232,長原,14880,0,66,48.4973,32.5923,0.3673,0.525,1.3024,,2.1617,0.905,1.8646,,1.0628,,1.6261,1.1807,1.1914,0.713,5.2376,1.0238,1.2548,,1.075,0.5389,1.0826,0.5499,,2.072,,0.4367,0.9619,0.954,2.358
004247,石川台,14877,0,26,18.2093,12.2399,1.1313,,1.003,4.4898,2.2197,1.8585,,,,11.3179,1.6697,,1.5308,0.8611,,0.6307,,7.2649,,,,,,,,1.0894,,,
003184,下赤塚,14727,0,114,88.2688,59.9367,2.0027,0.6901,0.6732,0.436,1.9689,1.2737,1.1157,1.1858,2.5677,2.1983,0.6735,1.1044,1.4463,0.3613,,0.49,0.765,1.4379,1.2864,0.9796,0.3375,0.6115,3.2264,1.5648,1.0671,0.6596,0.8981,0.5979,0.7313
004034,東雲,14700,1,3,1.767,1.202,,10.4158,,,,,,,,,,,,,,,,,,,,,,,,2.0474,,9.203,
003849,上北沢,14678,0,50,23.5227,16.0258,4.6821,1.0542,1.292,,,2.2203,,,,,1.1569,1.5095,0.5492,0.6446,,2.0094,3.683,2.8931,,0.6611,,1.1737,,,,1.0959,0.922,,
003422,八広,14618,0,11,7.0215,4.8033,,3.7957,,,,,,,,,3.2785,,2.0948,,,1.8158,,,,,,,,,,1.8371,,3.9731,
003277,上中里,14482,0,11,7.6039,5.2506,,,4.8526,,,,,,,,8.9384,,3.1469,,,,,,,,,,,,,1.4908,,,
004180,洗足,14288,0,39,17.5585,12.289,,2.6562,,,,2.0579,5.4861,,,,1.3328,,,0.4323,,0.6024,,,,3.4238,4.9792,1.3522,,,,1.3974,4.6046,,
003832,芦花公園,14016,0,26,13.7346,9.7992,2.6992,,0.9676,2.6781,2.3857,2.2171,,,,,,,0.8227,0.4827,,2.2573,,,,0.9902,,1.758,,,,0.6425,1.381,1.3696,
004079,高輪台,13969,0,39,15.7134,11.2488,,0.9842,1.7671,1.7809,,0.7372,,,2.5972,8.9785,,,,1.3775,,2.1792,,,,2.8679,1.3786,4.1766,,,,0.4525,1.9557,0.9698,2.3969
003060,見沼代親水公園,13889,1,6,3.8874,2.7989,5.093,,5.1446,,,4.1834,,,,,6.0038,,,,,,,,,,,,,,,,7.5228,,
003775,国立競技場,13711,0,6,2.1261,1.5507,,,4.5468,,,,,,,,,,,3.402,,,,,,,,7.2845,,,,3.8647,,,
003602,牛込神楽坂,13686,0,242,111.6786,81.6006,0.9531,0.4594,0.9289,1.2608,0.2546,0.5219,1.613,1.314,1.3791,,0.163,1.0645,0.5267,1.5444,0.7235,0.7085,1.0855,1.5301,0.9299,2.7972,3.66,0.9921,0.8241,,,0.7018,1.4762,1.464,0.4523
004268,大森海岸,13644,0,87,50.1549,36.7597,0.9041,1.3422,0.3669,3.5124,0.7348,0.7113,,,2.6163,,1.4655,,0.7601,0.5925,,1.2283,,4.1708,,0.9531,0.6651,1.6966,3.5157,0.886,,0.9799,1.2339,1.2238,3.8142
004186,戸越公園,13597,0,59,33.1928,24.4119,,1.2027,1.4796,,1.9752,0.9561,,6.2406,1.6842,,,,0.6811,0.5309,,1.9468,,1.8687,1.7035,,,0.6661,,2.9168,,1.8628,,0.6914,3.4178
004091,お台場海浜公園,13435,1,67,26.587,19.7894,,1.1498,0.3441,,,,,4.5944,,,0.7018,,1.3709,0.4695,,0.8768,1.7911,,,3.0771,0.8052,1.424,3.5486,1.0737,4.9968,1.8247,0.5712,1.6993,
003177,青井,13288,0,13,12.7431,9.5899,1.6504,,,,3.9337,,,,,,,,1.3564,,15.0599,0.9201,,,,,,,,,,0.4888,2.4377,2.4176,5.9755
003778,参宮橋,13182,0,63,26.0357,19.7509,1.1978,0.6359,0.7702,,,1.4758,,6.017,5.1995,,0.5764,,,0.5195,,1.6695,2.0463,1.923,1.753,2.6365,0.9199,1.1695,,1.4061,5.7086,1.2887,1.8258,,
003787,桜田門,13129,0,13,4.4765,3.4096,,2.8374,2.1925,,,,,,,,14.9515,,,,,1.5208,,,,,,,,6.1602,,2.2951,,,
003736,富士見ヶ丘,13091,0,21,11.8732,9.0697,3.3881,2.0206,,,,,,,,,,,,0.9055,8.4833,,,5.4393,,3.7288,,2.0043,,,,2.5684,1.9578,,
003104,西高島平,12970,0,3,2.059,1.5875,,,,,,,,,,,,,,,,,,,,,,18.6034,,,,,,16.2797,
003171,江北,12958,0,7,6.5869,5.0833,,3.5984,2.3982,,,1.9501,,17.9787,,,,,1.9513,,,,,,,1.742,,,14.1515,,,,,,
003355,鐘ヶ淵,12929,0,20,12.034,9.3078,,2.9924,,5.095,,,,,,,,4.3015,1.6515,,,1.4315,,,,,,,,,,3.6209,,,
004181,荏原中延,12777,0,70,37.9513,29.7028,1.0338,1.0681,0.876,,0.8771,2.1228,,,1.4958,,1.7494,,0.9074,0.4715,2.2086,1.4409,,,,1.1377,0.794,2.3664,,,2.4634,1.3999,0.6192,0.6141,3.0355
004216,九品仏,12729,0,41,17.0384,13.3855,,1.2081,1.4806,,,0.8482,,,,,2.6517,,,,,1.1514,3.5282,,3.0225,1.5153,1.5862,1.3451,,,,1.6148,4.2265,4.1916,2.5901
003150,大師前,12621,0,61,49.931,39.5618,1.0313,2.3446,,1.0232,,2.1178,2.6181,,,,,,1.2714,0.5023,9.4109,1.1499,,3.3114,,1.135,,,,,,0.9163,,2.2661,1.867
003144,西新井大師西,12405,0,12,6.9031,5.5648,2.9678,,2.9978,,,,15.068,,8.5884,,3.4985,,,,,,,,,,,,17.6895,,,2.6368,,4.3475,
004223,奥沢,12146,0,74,36.0374,29.6702,,1.0843,1.3288,0.9195,3.2765,0.3806,,,,,1.1899,0.7763,0.8474,0.3315,,0.775,,1.4878,,1.6999,2.8471,0.6036,,,,1.3688,0.9483,1.4107,2.3245
003491,下落合,11882,0,23,9.7892,8.2387,3.1168,3.0048,1.0125,,2.4978,,,,,,1.599,,,,,0.8688,,5.0038,4.5614,,,,,,,2.5819,1.8103,1.7954,
004251,大井競馬場前,11828,0,4,2.5849,2.1854,6.9334,7.164,,,,,,37.1731,,,,,,,,,,,,,,,,,,,,,
003525,小村井,11154,0,28,17.3876,15.5887,1.1859,4.1464,,,,,,,,,2.3877,,0.7628,,,0.6612,,3.8078,,0.8701,,,,,,1.0034,7.294,,7.1517
003120,谷在家,11064,0,5,6.1694,5.5761,,,,,8.218,,,,,,,,2.8338,,,1.9222,,,,,,,,,,,,,
003938,神泉,10963,0,337,151.7198,138.3926,0.3685,0.5217,0.3949,1.7062,0.7466,1.2108,1.871,1.8512,0.3555,1.2289,1.0879,1.4405,1.1155,1.2787,1.9966,0.5479,0.8394,0.3944,1.0786,1.8927,3.9623,1.5592,0.5978,0.2884,1.7563,0.7401,0.2496,,
003859,越中島,10880,0,15,8.0566,7.405,,4.0204,2.5012,,,2.2914,,,,,5.4907,4.6735,,,,,,8.9573,,,,5.5704,,,,1.5806,,,
003209,扇大橋,10663,0,16,11.0208,10.3356,2.2544,6.8337,,,,3.7036,,,,,2.6576,,,,,1.2569,,,,1.6541,,2.6962,,,,1.3354,,,
003981,新豊洲,10511,0,5,2.4471,2.3281,,,,,,5.6176,,,,,,,,2.6604,,,,,,,,,,,,1.9374,8.7812,,
003315,北池袋,10356,0,19,7.8952,7.6238,,2.5356,,9.0013,,,11.5156,,,,,,,2.1366,,1.2645,,,,,,,,,,3.7602,,,
004279,沼部,10289,1,13,8.0163,7.7911,,,6.7693,,,2.0905,,,,,,,,1.9371,,,,8.1719,,3.7347,3.9094,,,,,0.6127,,,
004210,緑が丘,10090,0,33,14.8183,14.6861,,1.2186,1.71,1.9674,1.7324,,,,2.8691,,1.2229,,0.5974,,,2.211,3.3875,3.1834,,2.4033,1.7542,,,,5.4428,1.1708,1.1686,,
003311,新桜台,9867,0,39,29.0839,29.4759,2.5613,1.3199,,,1.7624,,,,4.9415,,,1.4303,0.6077,1.408,,,,5.4827,,1.8793,1.3114,,,,,1.1181,3.4126,,
004220,鮫洲,9677,0,34,20.0968,20.7676,1.8701,,2.3772,,,1.5361,,,2.706,,3.1648,,1.6415,,,2.0853,,,,2.0582,,,5.334,4.6864,,0.2302,,,
003931,世田谷代田,9582,0,47,16.9799,17.7206,,,,5.0682,,,,,,,,,,0.4568,,,,,,2.811,,3.327,,,,4.2161,2.6135,2.5919,6.4063
003078,舎人,9542,0,5,3.2298,3.3848,,,,,,,,,,,,,,,,,,,,,,,,,,11.8849,,,
003112,新高島平,9534,0,33,25.9537,27.2223,0.9236,,1.0099,3.6655,1.5833,0.7586,,,,,1.4153,,1.6378,0.7427,,1.5448,,,,,,1.4359,,2.3294,,0.616,2.534,,3.1057
004017,松陰神社前,9531,0,128,58.1743,61.0369,0.3173,1.4848,0.6824,0.6296,0.5609,0.2606,,2.8274,0.9181,3.174,2.0368,1.063,0.7736,0.227,1.0632,1.592,1.084,1.0187,0.9287,0.2328,3.8987,0.8265,2.0597,0.6607,1.5121,1.5436,1.2986,1.2879,1.5916
003266,熊野前,9390,0,28,21.566,22.967,,1.9857,0.8491,1.7786,1.7366,0.7362,,6.4559,,,,,0.5988,1.3701,,1.4991,,,2.6235,1.3153,1.3768,1.3569,6.7628,3.0174,,,,1.2696,
004188,下神明,9364,0,27,14.8059,15.8115,,1.5029,,2.8862,,,,,4.2091,,3.2819,4.8734,,0.6634,,1.6218,,4.6701,,3.2015,,1.6647,,,,,5.227,,
004144,テレコムセンター,9267,0,11,6.2965,6.7945,,,,,5.4503,,,,,,11.0314,,,,,1.5624,,,,2.0561,4.3046,,,,,1.5878,,,
003239,王子駅前,9239,0,149,99.7493,107.9655,1.5717,1.1834,0.3757,0.6931,1.0599,0.7172,0.8867,3.5902,1.0108,3.4942,2.0762,0.8777,1.3401,1.0988,0.9359,0.5842,,1.6822,,1.2813,0.8048,0.7021,,1.678,,0.9811,0.2493,0.2472,
003914,池ノ上,9179,0,52,23.3978,25.4906,,1.8957,1.1617,,1.4322,,,,2.3446,,,,0.4938,1.4489,,0.9034,,2.6014,,0.5944,3.7334,3.166,,,,1.5485,0.829,0.8222,4.0642
004064,有明,9102,0,29,15.2392,16.7427,,1.7362,1.0801,,2.343,,,,3.4862,,4.7422,,,,,2.0149,,,,0.8839,,2.4055,,3.4888,5.7414,2.7302,,,
004125,北品川,8977,0,51,30.6012,34.0884,1.4687,0.5942,0.3556,,1.2462,0.6032,,,,,,3.6907,1.7188,,9.4136,0.8188,2.5091,4.7157,,0.5388,,0.8405,,,,0.904,2.639,,
003279,西ヶ原,8976,0,4,2.4486,2.7279,,,,,,6.0982,,,,,,,,,,,,,,,,14.9246,,,,,10.5987,,
004037,有明テニスの森,8868,0,4,2.2041,2.4855,,,,,,6.458,,,,,,,,,,,,,,,,,,22.7691,,2.2273,,,
004020,上町,8814,0,56,25.2799,28.6815,,3.8436,0.9421,,1.1615,1.0794,,,,,1.6872,,,0.47,,0.7326,,,5.7695,0.9642,3.0277,0.8559,,,3.1314,1.37,3.3616,,3.296
003901,新代田,8765,0,33,14.0038,15.977,1.5025,,1.0772,,,,,,,,1.9291,,0.9158,1.0748,,0.8377,,,,1.1024,,7.8284,,,,1.8275,1.5374,1.5247,3.7686
003232,柴又,8624,0,46,36.1554,41.9242,0.6664,2.3596,0.6085,1.3224,1.295,0.5474,,3.2154,,,0.881,,0.8931,,,1.1147,2.277,4.2797,,0.489,,,,,,1.2908,0.9578,3.7996,4.6957
003299,町屋駅前,8555,0,164,127.6769,149.2424,1.4871,1.6473,0.9861,0.8853,1.1525,0.6107,,3.2133,2.5821,1.4877,0.4438,0.2491,1.689,0.9093,1.0649,0.3316,0.5081,0.4775,0.4353,1.0911,0.2284,0.4503,1.122,1.5019,,0.7645,0.2124,0.8426,1.0413
004323,蓮沼,8254,0,72,46.9832,56.9217,2.7466,0.7853,0.487,,3.2333,,,2.2103,3.1793,,1.6215,0.9203,,0.4181,3.917,1.5313,,1.7638,,1.6122,0.8438,3.2901,,,,1.1901,,,3.5269
003880,東北沢,8030,0,41,19.5531,24.3501,,,1.1287,3.4144,,0.7067,,,,,,,1.605,0.9232,,,,2.5563,,3.062,1.3215,0.7773,,,3.7943,1.0901,2.5697,0.8731,2.1579
003378,大塚駅前,7990,0,369,189.8879,237.6569,1.0767,0.6481,1.2715,1.1505,1.1034,1.1565,,1.5654,0.7191,1.6572,0.5735,0.8325,1.5763,1.2484,1.0965,1.0621,,1.0637,1.4546,0.6077,0.3817,1.1637,0.9666,0.9146,0.7895,0.7323,0.4014,0.3981,0.4919
003548,東あずま,7938,0,24,15.343,19.3285,,1.5609,,2.6577,,1.1001,,8.65,,,,,1.7229,,,1.4934,,,,,,1.3678,6.8171,,,1.511,,,12.1151
003957,山下,7784,0,85,41.6991,53.5703,0.4218,0.9869,0.6048,,1.4911,0.6929,,,1.2205,,0.5415,1.4132,1.0284,1.6594,,1.4109,,1.3542,,0.6189,0.6479,1.6482,2.7381,0.8784,,0.9527,1.2947,0.856,2.1158
004127,大崎広小路,7648,0,262,150.7219,197.0736,1.1494,1.4516,0.9741,1.2672,0.6502,1.3637,1.2969,,1.4784,2.5554,2.0172,1.0698,1.121,0.8155,1.0915,1.3529,0.4364,0.8201,1.1215,1.4056,0.7847,1.1694,0.7285,0.9601,1.826,0.6604,0.153,,0.375
003996,若林,7606,0,17,7.0005,9.2039,,,,,,2.3417,,,,,,,,1.0197,,,,,,4.1835,4.3791,,18.5082,,,1.9815,5.8343,,
004021,世田谷,7592,0,65,29.4884,38.8414,1.3854,1.6209,1.9865,2.7492,1.2245,1.138,,3.0866,,6.9301,,,0.4222,,,1.1586,,,2.0276,0.5083,3.1921,1.8046,,1.4426,,1.5647,0.7088,0.703,1.7375
004212,北千束,7266,0,10,5.8267,8.0191,,,3.0161,,,5.5886,,,,,,,,2.5892,,,,,,,,,,,,2.4568,4.4553,,
003196,高野,6635,0,8,6.6341,9.9986,,7.0398,,,,,,,,,,,,,,,,,,3.408,,,,16.4394,,1.3756,,,
003224,小菅,6261,0,4,3.9967,6.3835,3.9129,,,,,,,,,,,,3.216,,,,,,,2.8709,,,,,,,,,14.1674
003331,江戸川,6229,0,9,5.4953,8.8221,6.4696,,,,,,,,,,,,,,,3.6069,,,,,,,,,,2.2058,,8.7327,
003339,新三河島,5882,0,36,25.597,43.5175,1.3791,,1.9596,,1.336,1.6991,,4.9665,,,2.0579,1.1552,1.382,0.527,,0.7688,2.3559,,4.0365,2.0237,,,,,,0.2363,0.9849,0.9767,
003098,舎人公園,5729,0,0,0,0.0,,,,,,,,,,,,,,,,,,,,,,,,,,,,,
003298,赤土小学校前,5630,0,28,16.5383,29.3753,3.4786,,1.0984,6.9027,,0.9524,,,,,,,,0.8863,,1.9394,,3.7231,3.394,0.8508,,,,,,1.987,3.3124,,
003244,新柴又,5520,0,14,11.6612,21.1254,,,,,,1.9331,,11.355,,,3.1113,,1.5769,2.0003,,,,,,,3.615,,15.7317,,,,,3.3545,
003958,竹芝,5132,1,73,26.3352,51.3157,,1.0375,0.3104,2.8159,,0.7771,,,1.3689,4.7322,0.6333,3.1697,0.3093,0.8473,5.2919,0.5274,,,2.769,2.0824,3.6329,4.4971,,0.9688,2.2543,1.1924,,,1.2633
004030,芝浦ふ頭,5032,1,9,3.1323,6.2248,,,,,,,,,,,11.6727,,,,,2.4305,,,12.7602,,,5.921,,,,1.0989,,,11.643
003610,亀戸水神,4434,0,9,5.3822,12.1385,,8.7172,,,,,,,,,,,,,,1.6861,,,,2.219,,,,,,0.8568,3.8832,3.8511,
004393,新整備場,4366,0,3,2.5527,5.8468,,,,,,,,,,,,,,4.4941,42.1042,,,,,,,,,,,1.4214,,,
003297,堀切,4217,0,3,2.0328,4.8205,,,,,,10.5636,,,,,,,,,,7.1701,,,,,,,,,,,,,
003989,宮の坂,4002,0,15,6.9654,17.4048,,,,,,,,,,,,,1.7511,,,,,,,2.1078,4.4126,,,5.9827,,1.9966,,5.8305,
003750,南新宿,3926,0,177,77.1109,196.4109,1.4631,0.5178,0.3136,0.4839,0.494,1.8026,1.2381,1.2249,0.7057,4.8789,0.9387,1.2255,0.6814,0.7756,,0.8157,,1.5659,2.1412,2.5048,1.1237,0.9523,2.3732,1.7175,2.3243,1.1544,0.9912,0.2457,0.6074
003436,東池袋四丁目,3743,0,60,28.0452,74.9271,1.7795,0.6631,,1.177,1.1289,0.4872,,,,5.9342,1.3691,0.9937,0.3893,1.1175,,0.6614,,3.8091,1.7362,1.7409,2.7334,1.389,,1.31,,0.9834,0.7186,1.4254,3.523
003235,足立小台,3685,0,2,1.8403,4.994,8.4979,,,,,,,,,,,,,,,,,,,,,,,30.0766,,,,,
004128,東京国際クルーズターミナル,3503,1,7,3.1687,9.0457,,,,,,3.3104,,,,,,,,3.9881,,,,,,,,,,,20.8365,3.3599,,,
003252,荒川車庫前,3350,0,23,15.0997,45.0737,,1.9287,,,2.3034,,,,,,,1.9073,0.7943,,,1.2695,,7.5786,,0.8964,,1.8497,11.4068,4.1132,,2.4699,,,
003370,三ノ輪橋,3266,0,81,51.0556,156.3246,1.9829,4.182,,0.7246,0.5609,0.6429,,,,,1.9807,,0.4724,0.4842,2.9899,1.7747,1.4266,,1.2221,0.3063,,,6.3008,2.2311,,1.8914,0.5964,0.5914,
003255,小台,3186,0,38,26.271,82.4576,1.8286,2.0256,,3.6286,1.7715,,,,,,2.7287,,,,6.5472,1.5292,,2.9357,,0.6708,,,,3.078,,1.2534,1.3059,1.2952,6.4023
003514,早稲田,3179,0,60,28.2272,88.7927,2.1922,0.5283,0.3561,1.0875,1.5935,0.9003,,,,,1.1246,,0.6058,0.7993,,1.2222,1.8725,7.0388,1.6041,,,,,1.0595,2.6119,1.362,2.5731,0.6314,3.1211
003915,松原,3113,0,15,5.7248,18.39,,,,,,,,,,,,,,,,2.7973,,,,1.8407,3.8535,6.5357,,,11.9563,2.1796,2.5671,,6.2925
003259,宮ノ前,3101,0,20,14.6969,47.3941,,3.5075,,,3.0675,1.3004,,,,,,,,,,0.8827,,,,1.1616,,,11.9455,5.3298,7.5453,1.0852,2.2613,2.2426,
003310,新庚申塚,2649,0,37,15.9196,60.0966,3.0647,1.142,1.1202,,,0.8391,,,,,3.5368,1.7114,,,,2.8477,,3.2801,,0.7495,,,,2.256,,1.4113,1.2376,2.4548,3.0337
003246,梶原,2628,0,16,12.2572,46.6408,1.2107,6.153,,,2.4494,,,,,,,,0.8446,,,0.675,,3.8873,,,,2.4338,,,,0.8002,,1.7141,8.4732
003468,鬼子母神前,2564,0,53,22.6716,88.4228,0.6523,0.7293,1.4306,2.5889,,,,,,,0.7528,1.0929,0.4281,0.9218,2.8786,0.7274,,,,,5.0102,1.5275,,,,2.3433,1.5806,1.5676,5.8118
003289,西ヶ原四丁目,2515,0,9,3.8868,15.4545,,,,9.5951,,3.9717,,,,,4.7739,,,,,,,,,3.5478,,,,,,3.884,,,
004119,青海,2455,1,20,10.3854,42.3031,,,1.4195,,,,,,,,,5.3047,,0.6159,,,,5.0835,,,2.4319,3.1614,,13.7551,,2.2425,,2.016,
003319,庚申塚,2450,0,34,15.1129,61.6853,1.2167,1.3602,1.3341,,,0.9994,,,,,1.4041,2.0383,,,,3.3916,,3.9066,,0.8927,,1.4245,,,,1.0086,2.948,2.9237,3.6131
003979,日の出,2441,1,28,10.2689,42.0684,1.6146,1.7707,,3.2039,,,,,,,,,,0.482,4.5158,2.7005,,,,3.5539,,,,6.6137,,2.035,,,
003254,荒川遊園地前,2207,0,20,14.6216,66.251,,3.5372,,,3.0935,,,,4.6204,,,,,,,0.8901,,5.1264,,1.1714,,,,5.375,,1.6415,,2.2616,5.59
004348,整備場,1749,0,1,0.698,3.9909,,,,,,,,,,,,,,,,,,,,,,,,,,,,,
003490,学習院下,1716,0,16,7.0915,41.3258,,,4.2654,,,,,,,,,,,1.1413,,,,7.9483,7.0925,5.4104,7.444,,,,,0.6695,,,
003350,荒川区役所前,1689,0,21,14.337,84.8845,1.2372,,2.3439,2.455,,1.0162,,,,,,,1.6531,,,1.3795,,3.9723,3.6212,1.8155,,,,,,0.424,3.5342,,4.3315
003276,滝野川一丁目,1610,0,8,5.1756,32.1466,4.1673,,,,8.4311,,,,,,,6.9815,,,,,,,,,,,,,,2.7545,,,
003284,東尾久三丁目,1563,0,14,9.1813,58.7415,,,3.899,,,3.3808,,,,,,,,,,4.5894,,,,,6.3223,,,,,,,,14.4107
003407,向原,1460,0,50,23.8578,163.4096,0.6626,2.2221,0.7265,,,0.5442,,,,,3.0586,,1.3044,0.6242,,0.3694,4.5276,2.1274,5.818,1.4584,,1.5515,,,,0.9154,0.8027,1.5921,1.9676
003351,巣鴨新田,1180,0,143,73.3471,621.5856,0.7193,1.6083,0.5258,1.4274,,1.7725,,,2.0817,,0.8301,1.2051,1.8883,1.2423,2.1161,1.0694,,1.5398,3.5091,0.1759,0.3683,0.8422,,0.5295,,0.6625,,,0.7121
003443,都電雑司ヶ谷,1067,0,62,29.0314,272.0843,1.0881,0.6082,0.5965,3.2387,1.0354,0.4469,,,,,,0.9114,0.357,1.5375,,1.5166,,5.2405,1.5924,1.5967,1.6713,1.9109,,3.6044,,0.9019,,,1.6156
003256,飛鳥山,993,0,23,13.2671,133.6062,,3.3982,,3.9805,,,10.1847,,5.805,,,,,1.1474,,1.1184,,,,1.4718,,,,,,3.9776,,,
003322,荒川二丁目,845,0,8,5.2949,62.6615,,6.8671,,,,,,,,,,,,,,,,,,,,,,,,4.2491,,4.3907,10.8522
003509,面影橋,822,0,12,5.7376,69.8005,,,1.9661,,,,,,,,,,1.6724,,,1.6871,,19.4326,,2.2203,,,,,,0.8356,3.5886,,
003253,栄町,789,0,12,7.657,97.0469,,7.5059,,8.792,,,22.4957,,12.8219,,,,,,,,,,,,,,,,,1.4643,,,
003291,町屋二丁目,775,0,26,18.9478,244.4877,2.5652,2.8415,,,2.4851,,,,,,1.9139,,0.8569,0.9803,,1.4301,,,,0.941,,,,,,1.7582,,1.8168,
004006,西太子堂,734,0,114,55.0909,750.5572,0.356,0.833,0.5104,0.7064,0.6293,0.8772,,,1.0302,3.5613,1.3712,1.7891,1.0849,1.0186,,0.5954,1.2163,,1.0419,1.5671,1.0936,0.9274,,1.4827,,0.9897,1.457,2.5287,0.8929
003357,荒川一中前,699,0,44,28.5287,408.1359,0.7121,3.1552,1.3491,,,1.7547,,5.129,,,2.1252,1.1929,,,5.0991,1.191,,,4.1685,0.5225,,,10.7456,,,1.7083,2.0342,1.0087,2.4931
003306,荒川七丁目,473,0,65,50.4517,1066.6321,0.7858,2.6114,1.861,,,1.2909,,2.83,,3.9306,0.5863,,2.1,0.9009,,0.4381,,1.2615,,1.1531,0.6035,,2.9645,,,0.8079,0.5612,,1.3756
003524,とうきょうスカイツリー,,0,242,143.3566,,1.2115,1.0982,0.4195,0.8013,,1.2163,,2.6082,1.1687,,0.4065,1.1276,0.4329,0.7557,1.4161,0.6754,1.3798,0.8644,0.394,0.8889,0.6203,0.8248,1.3703,1.6254,1.9246,1.5566,0.4968,4.7623,2.8412
003488,上野動物園東園,,0,27,11.7864,,,3.082,1.5582,4.6342,,,,,,,,,,1.0559,,,,,,1.7135,,4.7661,,5.2793,,3.344,,,
003497,上野動物園西園,,0,26,11.5499,,,3.4767,3.5155,5.2276,,,,,,,,,,1.1911,,,,8.4588,,1.9329,,2.6882,,,,2.5148,,,
