station,name,radius,従業者,飲食サービス従業者,卸売小売従業者,事業所
003922,渋谷,300,49075,4721,7191,2068
003922,渋谷,500,123512,12815,17498,5434
003922,渋谷,1000,269366,25835,40491,13078
003700,新宿,300,47771,6162,10085,1720
003700,新宿,500,129602,15593,22498,4516
003700,新宿,1000,386624,37599,49993,13809
003390,池袋,300,27573,6396,6400,1676
003390,池袋,500,73796,14333,15607,4214
003390,池袋,1000,161298,21880,28390,9233
003260,北千住,300,7943,1479,1966,677
003260,北千住,500,18942,3360,4638,1647
003260,北千住,1000,35050,4434,7205,2974
003766,東京,300,64239,4320,12532,1474
003766,東京,500,184486,9709,38620,3878
003766,東京,1000,569198,28152,124619,15452
004095,品川,300,33011,1823,8498,635
004095,品川,500,73913,4926,18744,1466
004095,品川,1000,158371,9578,42112,3764
003508,高田馬場,300,12522,1529,1774,961
003508,高田馬場,500,29433,3086,3849,2209
003508,高田馬場,1000,64630,4475,8073,4181
003872,新橋,300,59151,5442,8719,1782
003872,新橋,500,148291,12873,22256,5006
003872,新橋,1000,433312,34666,70092,16160
003624,秋葉原,300,40996,2668,8345,1519
003624,秋葉原,500,113561,5873,24622,4747
003624,秋葉原,1000,375188,21932,92910,18394
004072,目黒,300,14098,1286,1611,538
004072,目黒,500,31255,2806,4065,1377
004072,目黒,1000,79775,5550,15072,4238
003505,上野,300,15758,2056,3897,1106
003505,上野,500,37066,5213,9295,2657
003505,上野,1000,114702,11823,31750,9067
003526,押上,300,6261,796,1821,479
003526,押上,500,15023,1876,4336,1236
003526,押上,1000,44850,3987,11829,4167
004330,蒲田,300,16894,2018,2772,921
004330,蒲田,500,34061,4319,5523,2090
004330,蒲田,1000,63792,6764,10743,4484
003568,中野,300,11785,2042,2045,770
003568,中野,500,23525,2988,3817,1568
003568,中野,1000,52206,4755,8633,3921
003719,大手町,300,89291,3486,12977,1125
003719,大手町,500,175290,7234,30110,2813
003719,大手町,1000,508336,23598,111988,12817
003795,有楽町,300,51227,3684,10993,1662
003795,有楽町,500,140976,11390,29868,4773
003795,有楽町,1000,494158,36323,91182,16409
003214,綾瀬,300,2322,323,473,260
003214,綾瀬,500,6456,879,1310,720
003214,綾瀬,1000,15603,1590,2899,1790
004014,中目黒,300,8275,1142,2219,559
004014,中目黒,500,19899,2414,4975,1432
004014,中目黒,1000,66762,7165,15377,5122
004110,五反田,300,25421,1475,4901,1079
004110,五反田,500,65026,3330,12526,2579
004110,五反田,1000,162760,8260,39450,5750
004197,大井町,300,11416,2086,2761,789
004197,大井町,500,19767,3059,4567,1398
004197,大井町,1000,51212,4318,10890,3246
003991,恵比寿,300,22823,3342,4339,1821
003991,恵比寿,500,44773,5460,9003,3338
003991,恵比寿,1000,116178,10075,23556,7549
003368,西日暮里,300,4979,501,707,448
003368,西日暮里,500,12470,1122,2107,1192
003368,西日暮里,1000,37262,3439,7113,4045
003417,日暮里,300,5529,783,1035,517
003417,日暮里,500,13282,1517,2694,1353
003417,日暮里,1000,37026,4167,8110,4261
003294,小竹向原,300,1850,92,273,145
003294,小竹向原,500,4924,229,697,372
003294,小竹向原,1000,16862,1024,3320,1590
003595,飯田橋,300,25693,1615,2694,1101
003595,飯田橋,500,58011,3486,6636,2527
003595,飯田橋,1000,177411,9683,25988,7769
003639,錦糸町,300,11593,2362,2520,886
003639,錦糸町,500,30083,4316,6222,2017
003639,錦糸町,1000,77066,6881,18043,5500
003997,新木場,300,3877,143,344,65
003997,新木場,500,9314,334,934,183
003997,新木場,1000,19020,542,2665,557
003728,四ツ谷,300,18322,904,3628,753
003728,四ツ谷,500,49578,2238,9627,1780
003728,四ツ谷,1000,171178,8387,27286,6872
004135,大崎,300,38379,1204,15071,642
004135,大崎,500,76551,2030,25471,1396
004135,大崎,1000,172111,6761,45565,5075
003671,市ヶ谷,300,14240,598,1924,602
003671,市ヶ谷,500,37850,1508,5212,1616
003671,市ヶ谷,1000,156948,5160,25130,6175
003847,代々木上原,300,3570,418,656,348
003847,代々木上原,500,7332,768,1456,786
003847,代々木上原,1000,29435,2495,6630,2755
003949,浜松町,300,32834,1166,5774,837
003949,浜松町,500,85956,3114,15645,2428
003949,浜松町,1000,240445,10456,45158,7670
004000,田町,300,37586,1272,8025,886
004000,田町,500,87838,2833,18078,2160
004000,田町,1000,213704,6770,42278,5735
003575,荻窪,300,6177,888,1476,644
003575,荻窪,500,15586,2221,3501,1647
003575,荻窪,1000,25583,3069,4972,2909
003951,豊洲,300,33422,796,4778,281
003951,豊洲,500,58304,1526,8763,564
003951,豊洲,1000,89142,2493,15793,1211
003677,神田,300,38279,2516,9232,2307
003677,神田,500,115041,6972,28047,5860
003677,神田,1000,503627,23491,121118,18359
003615,御茶ノ水,300,35593,3836,6018,1020
003615,御茶ノ水,500,94391,8843,16072,2950
003615,御茶ノ水,1000,370487,21211,75598,15114
003823,銀座,300,49582,6165,11842,2591
003823,銀座,500,141645,15497,29563,6180
003823,銀座,1000,505124,38944,92249,18580
003908,下北沢,300,4258,1093,1118,555
003908,下北沢,500,8874,2054,2298,1208
003908,下北沢,1000,17901,2991,4630,2473
003756,日本橋,300,61436,2805,14641,1787
003756,日本橋,500,152679,6438,38520,4691
003756,日本橋,1000,540794,25372,131242,17852
003651,神保町,300,32050,1225,6023,1268
003651,神保町,500,86803,3232,17170,3441
003651,神保町,1000,309914,13861,60656,10870
003657,九段下,300,23134,681,4982,919
003657,九段下,500,62994,1906,13094,2522
003657,九段下,1000,221827,8931,36029,8354
003689,新宿三丁目,300,32473,5793,8214,1751
003689,新宿三丁目,500,82992,14510,18054,4514
003689,新宿三丁目,1000,312942,36199,44332,13082
003522,浅草,300,8126,1912,2593,865
003522,浅草,500,17959,3387,5904,1823
003522,浅草,1000,58822,8405,19390,6274
003155,赤羽,300,10193,1786,3853,641
003155,赤羽,500,17181,3049,5434,1297
003155,赤羽,1000,28713,4264,7180,2661
003354,巣鴨,300,4973,655,1086,457
003354,巣鴨,500,13536,1523,2850,1225
003354,巣鴨,1000,45407,3891,9595,4032
003892,六本木,300,15298,2135,2341,741
003892,六本木,500,42588,5887,6353,2038
003892,六本木,1000,144449,14797,21536,6699
003580,水道橋,300,21093,1696,1794,785
003580,水道橋,500,55258,3820,6334,2236
003580,水道橋,1000,229592,12780,36567,9548
003236,王子,300,3739,375,570,273
003236,王子,500,10561,1046,1615,775
003236,王子,1000,28247,1770,3955,2112
003883,表参道,300,15665,1240,4583,1076
003883,表参道,500,40130,3197,11128,2814
003883,表参道,1000,154224,11906,35907,9808
003328,練馬,300,5766,751,1049,493
003328,練馬,500,14271,1828,2507,1278
003328,練馬,1000,25378,2674,4700,2531
003797,八丁堀,300,30162,1196,7525,1758
003797,八丁堀,500,85717,2928,20444,4465
003797,八丁堀,1000,367781,14790,83040,14698
004264,大森,300,17862,1631,3035,892
004264,大森,500,31380,2793,5839,1747
004264,大森,1000,59922,4572,13856,3767
003636,浅草橋,300,12748,999,5107,1186
003636,浅草橋,500,37465,2445,14246,2945
003636,浅草橋,1000,179275,9372,57899,11878
003648,西武新宿,300,33175,4540,2518,1259
003648,西武新宿,500,96275,13011,7302,3619
003648,西武新宿,1000,324858,35593,42949,11754
003486,新小岩,300,3601,773,766,408
003486,新小岩,500,8258,1691,1747,939
003486,新小岩,1000,15975,2155,3295,1972
003818,門前仲町,300,7024,1015,1131,549
003818,門前仲町,500,14965,1615,2632,1128
003818,門前仲町,1000,63639,3432,11737,3122
004177,二子玉川,300,11315,862,1647,390
004177,二子玉川,500,21062,1935,3598,901
004177,二子玉川,1000,29428,2849,5382,1810
003838,東銀座,300,44768,4100,9209,2291
003838,東銀座,500,113909,10256,22890,5684
003838,東銀座,1000,425486,36060,82415,16802
003743,代々木,300,24671,1839,3487,1015
003743,代々木,500,63759,4541,9703,2675
003743,代々木,1000,224931,20364,40488,9732
004196,自由が丘,300,4750,853,1238,562
004196,自由が丘,500,11717,2056,3073,1438
004196,自由が丘,1000,23393,3281,6341,3044
004016,三軒茶屋,300,11287,1500,1611,722
004016,三軒茶屋,500,17789,2201,2604,1295
004016,三軒茶屋,1000,33283,3234,5388,2925
003635,亀戸,300,8104,978,1795,564
003635,亀戸,500,16486,1554,3818,1215
003635,亀戸,1000,49304,4436,11693,3712
003828,原宿,300,5113,684,1961,504
003828,原宿,500,15191,1769,5548,1383
003828,原宿,1000,95159,7242,26284,6532
003805,霞ヶ関,300,33571,420,2313,339
003805,霞ヶ関,500,101161,2778,7973,1819
003805,霞ヶ関,1000,380979,23957,40673,11007
003802,日比谷,300,40175,4766,4460,1638
003802,日比谷,500,122689,11919,18581,4486
003802,日比谷,1000,463099,34992,79954,15380
003555,御徒町,300,22233,2265,6634,1799
003555,御徒町,500,64227,6167,18052,4560
003555,御徒町,1000,229748,17442,57334,13072
003343,駒込,300,4345,581,859,486
003343,駒込,500,10705,1165,2272,1122
003343,駒込,1000,36517,2933,7296,3338
003812,青山一丁目,300,16649,818,6053,646
003812,青山一丁目,500,33301,1738,11372,1382
003812,青山一丁目,1000,109895,6597,22970,4885
003360,小岩,300,3167,482,912,369
003360,小岩,500,8679,1299,2467,1015
003360,小岩,1000,19134,2041,4840,2389
003716,三越前,300,44049,2212,13920,1309
003716,三越前,500,130827,7004,37652,4327
003716,三越前,1000,561647,26111,134922,18767
003839,東陽町,300,10323,548,1533,317
003839,東陽町,500,24268,1205,3864,733
003839,東陽町,1000,56070,2303,11136,2070
003773,茅場町,300,37930,1343,8327,1470
003773,茅場町,500,104843,3982,23379,4151
003773,茅場町,1000,380221,16520,95414,15458
004368,羽田空港第1・第2ターミナル,300,14292,520,752,116
004368,羽田空港第1・第2ターミナル,500,30677,1153,1572,251
004368,羽田空港第1・第2ターミナル,1000,38501,1398,1783,351
003375,大塚,300,13387,1681,2920,1082
003375,大塚,500,30298,2636,5498,1980
003375,大塚,1000,84101,6441,14731,5327
003900,神谷町,300,25113,590,2779,796
003900,神谷町,500,65937,1640,7539,2043
003900,神谷町,1000,298229,17638,44508,10563
003986,三田,300,31299,1436,5436,1024
003986,三田,500,83356,3356,15228,2427
003986,三田,1000,227616,8469,44839,6343
003844,明治神宮前,300,9886,1330,3614,901
003844,明治神宮前,500,29135,3187,9643,2372
003844,明治神宮前,1000,150051,12660,35234,8968
003542,後楽園,300,11637,782,2438,472
003542,後楽園,500,33251,1974,6760,1353
003542,後楽園,1000,146552,7309,22467,6429
003646,両国,300,6219,452,1969,473
003646,両国,500,17811,1697,5810,1311
003646,両国,1000,66770,5756,23222,5510
003248,京成高砂,300,1293,174,320,208
003248,京成高砂,500,3195,345,633,464
003248,京成高砂,1000,10929,779,2072,1374
003939,大門,300,38221,1842,9681,1323
003939,大門,500,92528,4010,20095,3199
003939,大門,1000,274622,12806,50515,9161
003889,月島,300,3440,622,842,385
003889,月島,500,10957,1340,2209,727
003889,月島,1000,82728,4783,18456,3143
003191,金町,300,3616,740,930,426
003191,金町,500,7072,1199,1600,811
003191,金町,1000,14694,1642,2564,1548
003721,人形町,300,27644,1761,8288,1773
003721,人形町,500,80861,4099,25276,4555
003721,人形町,1000,314496,16046,91749,14562
003894,葛西,300,5074,981,920,460
003894,葛西,500,9328,1587,1858,871
003894,葛西,1000,22814,2899,4531,2057
003601,新大久保,300,8330,1502,1137,655
003601,新大久保,500,25995,4303,3140,1777
003601,新大久保,1000,178905,19281,19522,7248
003643,中野坂上,300,9641,407,2607,389
003643,中野坂上,500,19150,832,4719,934
003643,中野坂上,1000,109391,5162,18439,4039
003890,西葛西,300,7655,1454,1351,623
003890,西葛西,500,11610,1874,2462,913
003890,西葛西,1000,24473,3041,5191,1882
003835,虎ノ門,300,49849,2056,6393,1399
003835,虎ノ門,500,135673,5143,16422,3602
003835,虎ノ門,1000,443004,25735,50695,12502
003573,高円寺,300,4617,779,896,593
003573,高円寺,500,10817,1669,2070,1406
003573,高円寺,1000,32339,3238,5137,3405
003946,モノレール浜松町,300,35426,1370,6958,980
003946,モノレール浜松町,500,87892,3329,16884,2631
003946,モノレール浜松町,1000,248171,11031,46434,8022
003141,赤羽岩淵,300,3794,920,735,464
003141,赤羽岩淵,500,8363,1870,1646,1017
003141,赤羽岩淵,1000,24227,3934,6714,2262
003549,東中野,300,4362,510,1074,545
003549,東中野,500,8754,760,1975,963
003549,東中野,1000,31599,1744,7250,2663
003927,勝どき,300,5669,466,1354,345
003927,勝どき,500,15028,1111,3359,740
003927,勝どき,1000,74276,5419,16017,2798
003846,明大前,300,2445,324,329,221
003846,明大前,500,5446,626,704,488
003846,明大前,1000,16114,1411,2389,1581
003788,赤坂見附,300,22250,1489,2381,889
003788,赤坂見附,500,70862,4424,8218,2545
003788,赤坂見附,1000,255321,13216,33799,7886
003645,新御茶ノ水,300,44728,1915,10086,1490
003645,新御茶ノ水,500,110155,6417,24062,4220
003645,新御茶ノ水,1000,418657,22605,85897,15751
003662,西新宿,300,58959,3187,5200,1230
003662,西新宿,500,147806,7665,12928,3210
003662,西新宿,1000,343092,25978,41156,9998
003579,西荻窪,300,2404,499,600,403
003579,西荻窪,500,6579,1320,1574,1105
003579,西荻窪,1000,14972,2094,3373,2344
003556,新御徒町,300,12651,840,4455,1235
003556,新御徒町,500,40860,2935,13349,3553
003556,新御徒町,1000,172156,12155,50614,12699
003574,阿佐ヶ谷,300,3415,815,891,456
003574,阿佐ヶ谷,500,8451,1738,2092,1109
003574,阿佐ヶ谷,1000,23939,3290,4390,3032
003810,溜池山王,300,43003,2314,5517,1107
003810,溜池山王,500,107914,5641,11538,2544
003810,溜池山王,1000,339290,16502,36764,9161
003970,経堂,300,2981,681,881,350
003970,経堂,500,6717,1381,1865,759
003970,経堂,1000,14642,2366,3496,1681
003335,田端,300,3633,185,524,233
003335,田端,500,10202,531,1516,683
003335,田端,1000,31451,2125,5516,3165
003754,清澄白河,300,2748,136,567,331
003754,清澄白河,500,7820,367,1635,912
003754,清澄白河,1000,45508,3948,10737,3537
004036,成城学園前,300,3356,508,852,318
004036,成城学園前,500,6561,872,1522,603
004036,成城学園前,1000,14884,1609,3031,1375
003263,大泉学園,300,2770,450,655,287
003263,大泉学園,500,6925,1110,1538,751
003263,大泉学園,1000,14316,1863,2790,1603
003302,町屋,300,2291,397,376,306
003302,町屋,500,6270,947,991,812
003302,町屋,1000,22573,1744,3890,2658
003570,早稲田,300,13370,515,812,433
003570,早稲田,500,20283,985,1410,939
003570,早稲田,1000,51572,3760,4764,3087
003199,亀有,300,5140,824,1050,494
003199,亀有,500,11252,1830,2515,1101
003199,亀有,1000,21062,2568,4483,1965
003861,千歳烏山,300,3152,477,781,378
003861,千歳烏山,500,6782,967,1606,820
003861,千歳烏山,1000,14407,1582,3003,1625
003363,南千住,300,2288,207,369,188
003363,南千住,500,6484,556,1074,509
003363,南千住,1000,20946,1880,4901,2203
003484,茗荷谷,300,3698,225,748,269
003484,茗荷谷,500,10221,558,1953,745
003484,茗荷谷,1000,40075,2185,5429,2747
003822,赤坂,300,29876,1578,3391,901
003822,赤坂,500,78413,4765,9320,2548
003822,赤坂,1000,280438,16942,35390,8528
003292,石神井公園,300,3098,485,781,359
003292,石神井公園,500,6014,888,1436,688
003292,石神井公園,1000,14262,1531,2900,1470
003782,永田町,300,17197,670,2303,810
003782,永田町,500,53082,2872,7152,2186
003782,永田町,1000,262336,12333,30920,7747
003704,住吉,300,2882,227,617,320
003704,住吉,500,11453,1034,2977,897
003704,住吉,1000,49189,4417,12441,3741
003834,外苑前,300,12018,653,2477,677
003834,外苑前,500,33269,1825,7378,1877
003834,外苑前,1000,106466,7025,29696,6586
003753,水天宮前,300,21221,1932,5291,1370
003753,水天宮前,500,58754,4832,14797,3349
003753,水天宮前,1000,253555,11858,66603,11517
003884,六本木一丁目,300,31087,1426,3687,785
003884,六本木一丁目,500,70895,4611,8255,2091
003884,六本木一丁目,1000,263518,17559,32348,8687
004069,駒沢大学,300,2268,200,538,239
004069,駒沢大学,500,5475,450,1230,581
004069,駒沢大学,1000,18314,1102,3023,1708
003711,森下,300,3184,261,803,400
003711,森下,500,10232,676,2629,1143
003711,森下,1000,53710,4748,14697,4442
003729,半蔵門,300,22609,805,3945,1228
003729,半蔵門,500,48679,1767,8535,2404
003729,半蔵門,1000,168071,6613,27386,6239
003806,笹塚,300,5064,762,1271,443
003806,笹塚,500,10898,1318,2736,941
003806,笹塚,1000,29116,2600,6569,2766
004094,学芸大学,300,2920,546,743,434
004094,学芸大学,500,7467,1187,2025,1035
004094,学芸大学,1000,18838,2004,5572,2436
003840,木場,300,8343,395,1769,442
003840,木場,500,19123,813,3964,936
003840,木場,1000,61004,3282,10892,2790
003941,麻布十番,300,6647,1226,1351,736
003941,麻布十番,500,16564,2506,3135,1553
003941,麻布十番,1000,94362,9694,14500,4985
004065,国際展示場,300,3323,153,528,61
004065,国際展示場,500,10512,516,1700,219
004065,国際展示場,1000,23907,1329,3939,627
003546,本郷三丁目,300,14342,648,2927,981
003546,本郷三丁目,500,38842,1733,6731,2152
003546,本郷三丁目,1000,170218,13622,28508,7707
003612,東新宿,300,12961,1339,1841,511
003612,東新宿,500,32354,4296,4834,1536
003612,東新宿,1000,130285,19477,17761,6698
004078,桜新町,300,2400,383,701,252
004078,桜新町,500,5850,708,1863,563
004078,桜新町,1000,20236,1701,6076,1727
003101,竹ノ塚,300,3013,844,582,371
003101,竹ノ塚,500,5550,1153,1178,651
003101,竹ノ塚,1000,14686,1850,3006,1627
003218,十条,300,2248,516,697,366
003218,十条,500,6922,760,1176,682
003218,十条,1000,25654,1739,3118,1971
003470,目白,300,3020,154,438,210
003470,目白,500,9701,602,1418,710
003470,目白,1000,75414,9385,12730,4839
003529,春日,300,12759,700,4079,578
003529,春日,500,28804,1583,6823,1330
003529,春日,1000,119848,5918,18714,5524
003286,板橋,300,2945,290,934,364
003286,板橋,500,8586,806,2669,1045
003286,板橋,1000,28371,1877,6476,2982
004109,用賀,300,9773,788,1575,556
004109,用賀,500,14309,1066,3162,835
004109,用賀,1000,27385,1835,7186,1787
003972,池尻大橋,300,5978,393,776,284
003972,池尻大橋,500,13084,830,2154,719
003972,池尻大橋,1000,42632,2648,7482,2588
003159,西新井,300,4237,409,1114,325
003159,西新井,500,7012,610,1639,649
003159,西新井,1000,19653,2030,4747,2108
003561,平井,300,2421,384,557,290
003561,平井,500,5203,650,1222,627
003561,平井,1000,13142,943,2966,1574
004331,京急蒲田,300,4096,547,713,427
004331,京急蒲田,500,10534,1280,1998,1076
004331,京急蒲田,1000,55316,5720,10092,4236
003854,南砂町,300,3386,145,460,107
003854,南砂町,500,8835,494,1631,307
003854,南砂町,1000,31542,1706,6395,1244
003860,築地,300,25421,1689,4232,1266
003860,築地,500,67989,4707,12861,3492
003860,築地,1000,274993,19883,58198,13031
003764,初台,300,15240,756,3073,476
003764,初台,500,36631,2013,7275,1282
003764,初台,1000,127905,6272,20481,4730
003969,広尾,300,5245,611,1117,437
003969,広尾,500,11754,1078,2402,917
003969,広尾,1000,64487,5522,11679,4265
003745,船堀,300,2593,309,568,213
003745,船堀,500,6492,738,1412,542
003745,船堀,1000,15890,1239,2914,1465
003661,淡路町,300,40823,1687,10591,1957
003661,淡路町,500,121366,5527,28709,5200
003661,淡路町,1000,467768,25427,99586,17110
003225,光が丘,300,2901,365,917,163
003225,光が丘,500,6679,829,1977,413
003225,光が丘,1000,16347,1733,3729,1294
003866,虎ノ門ヒルズ,300,50170,2705,6541,1340
003866,虎ノ門ヒルズ,500,126732,5989,16416,3688
003866,虎ノ門ヒルズ,1000,429136,20752,54209,12545
003737,麹町,300,29994,971,6043,1066
003737,麹町,500,76971,2934,14129,2755
003737,麹町,1000,192046,8935,30448,7549
003194,東武練馬,300,2941,427,894,315
003194,東武練馬,500,7026,812,1820,678
003194,東武練馬,1000,17443,1184,3417,1682
003792,京橋,300,56902,1754,15225,1746
003792,京橋,500,159366,7047,39986,5203
003792,京橋,1000,540434,30488,120897,19120
003988,千歳船橋,300,2210,325,539,267
003988,千歳船橋,500,4421,591,1046,537
003988,千歳船橋,1000,14047,1833,3388,1501
003874,下高井戸,300,1994,294,411,226
003874,下高井戸,500,4916,617,941,531
003874,下高井戸,1000,14190,1419,2409,1439
003667,瑞江,300,4179,692,1120,357
003667,瑞江,500,7059,968,1766,667
003667,瑞江,1000,14989,1401,3443,1628
004123,天王洲アイル,300,10572,354,2159,178
004123,天王洲アイル,500,25262,789,5731,442
004123,天王洲アイル,1000,73984,2254,20938,1764
004133,武蔵小山,300,2618,559,732,389
004133,武蔵小山,500,6515,1226,1838,960
004133,武蔵小山,1000,24156,2391,6160,2995
003156,成増,300,4280,721,855,370
003156,成増,500,7825,1186,1534,717
003156,成増,1000,15592,1742,2904,1521
003604,大久保,300,11519,939,1314,767
003604,大久保,500,30469,2992,3616,1867
003604,大久保,1000,204468,19212,21438,7319
003212,上板橋,300,2722,305,626,346
003212,上板橋,500,6416,652,1466,804
003212,上板橋,1000,16295,1228,2927,1917
003163,地下鉄成増,300,3809,597,747,331
003163,地下鉄成増,500,7927,1173,1544,724
003163,地下鉄成増,1000,16023,1801,2966,1490
003668,馬喰町,300,22872,819,8626,1507
003668,馬喰町,500,69652,2733,24418,4388
003668,馬喰町,1000,260548,14879,80744,15501
003534,江戸川橋,300,4271,534,690,470
003534,江戸川橋,500,13439,1394,2054,1214
003534,江戸川橋,1000,64276,5345,9301,4640
003690,都庁前,300,55294,3027,5035,1087
003690,都庁前,500,156509,9259,14983,3405
003690,都庁前,1000,375719,26255,47592,10830
004215,中延,300,1804,181,473,297
004215,中延,500,5404,521,1367,856
004215,中延,1000,22714,2162,4898,3196
003460,鶯谷,300,2554,753,520,270
003460,鶯谷,500,7442,1307,1793,817
003460,鶯谷,1000,43392,4291,11559,4345
003707,新宿御苑前,300,20304,1838,2631,1561
003707,新宿御苑前,500,42825,3944,6176,3104
003707,新宿御苑前,1000,167363,20582,30148,9547
003280,青砥,300,1617,160,391,230
003280,青砥,500,4552,449,1080,643
003280,青砥,1000,16973,1314,3204,1885
003269,大山,300,4484,903,835,521
003269,大山,500,10369,1250,2017,983
003269,大山,1000,32138,2312,6388,2997
003521,京成上野,300,10446,2417,2826,845
003521,京成上野,500,34214,5632,9113,2592
003521,京成上野,1000,144600,12590,37053,9781
003461,白山,300,4088,411,709,364
003461,白山,500,9342,758,1581,825
003461,白山,1000,30023,1736,4897,2674
004024,祖師ヶ谷大蔵,300,2127,507,598,283
004024,祖師ヶ谷大蔵,500,4160,650,1047,514
004024,祖師ヶ谷大蔵,1000,12384,1138,2519,1327
004200,大岡山,300,4065,315,569,226
004200,大岡山,500,6674,523,1099,516
004200,大岡山,1000,14878,1155,2801,1617
004382,羽田空港第3ターミナル,300,1310,198,115,38
004382,羽田空港第3ターミナル,500,2816,436,225,80
004382,羽田空港第3ターミナル,1000,5784,629,610,162
003399,三ノ輪,300,3217,308,854,398
003399,三ノ輪,500,8411,767,2188,1038
003399,三ノ輪,1000,29664,2285,7207,3708
004143,都立大学,300,2950,556,577,338
004143,都立大学,500,6047,996,1201,723
004143,都立大学,1000,16196,1890,4204,2085
003675,馬喰横山,300,23688,749,8754,1442
003675,馬喰横山,500,72984,2598,26161,4306
003675,馬喰横山,1000,256912,14951,80748,15406
003210,東十条,300,3459,334,490,313
003210,東十条,500,6811,706,1242,767
003210,東十条,1000,24121,1858,3829,2198
003887,汐留,300,51453,3346,8970,1306
003887,汐留,500,112567,8630,18013,3299
003887,汐留,1000,379904,29989,64761,14533
004108,東京テレポート,300,11002,890,2497,255
004108,東京テレポート,500,14690,1691,3130,403
004108,東京テレポート,1000,26112,3129,4854,818
003432,東池袋,300,12919,960,1790,673
003432,東池袋,500,36084,2910,5161,1851
003432,東池袋,1000,146016,16571,24762,7671
003495,中井,300,1367,126,334,210
003495,中井,500,4158,303,904,552
003495,中井,1000,20203,1242,4261,2220
004294,平和島,300,2002,245,513,277
004294,平和島,500,5521,505,1314,627
004294,平和島,1000,31194,2384,8799,2418
003774,信濃町,300,4294,178,373,123
003774,信濃町,500,9922,393,836,319
003774,信濃町,1000,77236,4062,16629,3735
004270,西馬込,300,1162,65,257,151
004270,西馬込,500,3215,181,701,419
004270,西馬込,1000,12532,645,2870,1455
003107,浮間舟渡,300,1658,124,414,107
003107,浮間舟渡,500,4918,290,1062,315
003107,浮間舟渡,1000,18405,576,4223,1019
003162,北綾瀬,300,1634,144,500,166
003162,北綾瀬,500,4138,292,1076,394
003162,北綾瀬,1000,14354,994,3408,1337
003223,ときわ台,300,1893,319,310,257
003223,ときわ台,500,4950,715,818,680
003223,ときわ台,1000,19011,1631,4622,2349
003911,御成門,300,31171,1478,5967,1435
003911,御成門,500,82574,3902,16325,3621
003911,御成門,1000,352765,18189,61605,12632
003724,一之江,300,2249,242,566,201
003724,一之江,500,4317,432,1048,425
003724,一之江,1000,11562,922,2324,1336
003228,平和台,300,1562,174,527,141
003228,平和台,500,3671,355,1236,347
003228,平和台,1000,11133,672,2485,1179
003713,四谷三丁目,300,8810,677,1614,805
003713,四谷三丁目,500,24086,1788,4367,2167
003713,四谷三丁目,1000,99903,6382,14565,6598
003691,竹橋,300,19256,545,4431,432
003691,竹橋,500,59168,1731,12988,1433
003691,竹橋,1000,312205,10041,63148,8557
003427,上石神井,300,1868,269,434,238
003427,上石神井,500,4053,470,879,471
003427,上石神井,1000,11001,1016,2005,1182
003560,仲御徒町,300,21395,1914,6559,1835
003560,仲御徒町,500,66932,5686,19215,4825
003560,仲御徒町,1000,234161,16797,60081,13699
003799,国会議事堂前,300,34760,730,2354,588
003799,国会議事堂前,500,86360,2393,6907,1655
003799,国会議事堂前,1000,326527,14677,34050,8211
003361,要町,300,3076,193,562,290
003361,要町,500,8994,561,1515,810
003361,要町,1000,43427,5705,8697,3772
003474,護国寺,300,5778,153,485,215
003474,護国寺,500,11171,372,1113,559
003474,護国寺,1000,41090,2410,5870,2685
003751,方南町,300,1926,212,695,214
003751,方南町,500,4885,464,1559,521
003751,方南町,1000,16551,956,3677,1685
003186,地下鉄赤塚,300,1268,153,329,166
003186,地下鉄赤塚,500,3430,399,884,456
003186,地下鉄赤塚,1000,11075,921,2446,1462
003578,神楽坂,300,5543,501,923,588
003578,神楽坂,500,18428,1681,2859,1655
003578,神楽坂,1000,79576,6472,10612,5269
003565,篠崎,300,2815,297,917,300
003565,篠崎,500,4919,435,1382,528
003565,篠崎,1000,11362,788,2584,1239
004219,旗の台,300,2167,331,399,297
004219,旗の台,500,6338,662,1092,731
004219,旗の台,1000,25430,1956,5962,2585
004235,西大井,300,1759,235,256,282
004235,西大井,500,4294,342,766,667
004235,西大井,1000,20188,1364,4651,2626
003868,乃木坂,300,9516,992,1649,502
003868,乃木坂,500,24544,2599,4208,1342
003868,乃木坂,1000,137788,13019,29314,6994
003655,岩本町,300,35470,1907,8312,2011
003655,岩本町,500,95519,5284,22433,5284
003655,岩本町,1000,400258,20207,106203,19002
003324,千川,300,1547,149,568,176
003324,千川,500,3844,324,1270,458
003324,千川,1000,15650,1066,3591,1724
003469,入谷,300,4852,294,1678,586
003469,入谷,500,11329,893,3682,1412
003469,入谷,1000,47980,5145,14404,5362
003345,中村橋,300,1575,149,323,201
003345,中村橋,500,4210,401,896,542
003345,中村橋,1000,12685,1084,2788,1625
003710,久我山,300,877,81,186,127
003710,久我山,500,2370,205,472,338
003710,久我山,1000,9190,577,1798,1035
003842,内幸町,300,52594,4110,7531,2150
003842,内幸町,500,132728,11016,18365,4995
003842,内幸町,1000,486488,33902,65688,15850
003261,氷川台,300,1445,140,389,156
003261,氷川台,500,3237,279,855,378
003261,氷川台,1000,10109,591,2310,1163
003558,湯島,300,20399,1762,5892,1501
003558,湯島,500,61144,5086,15260,3564
003558,湯島,1000,244537,20148,54238,12249
003752,高井戸,300,1215,134,283,141
003752,高井戸,500,3396,329,688,352
003752,高井戸,1000,14265,923,2327,1121
003836,八幡山,300,2782,246,570,186
003836,八幡山,500,6196,480,1304,460
003836,八幡山,1000,16384,1246,3205,1423
003216,板橋本町,300,2089,106,274,178
003216,板橋本町,500,5158,347,773,501
003216,板橋本町,1000,23076,1568,4191,2020
003954,赤羽橋,300,9710,1127,1772,409
003954,赤羽橋,500,29892,2895,5248,1202
003954,赤羽橋,1000,184041,11380,34278,7831
003544,西早稲田,300,5568,421,563,333
003544,西早稲田,500,15813,1072,1789,977
003544,西早稲田,1000,73036,5156,9703,4459
004182,品川シーサイド,300,12340,321,2352,208
004182,品川シーサイド,500,24878,612,4895,475
004182,品川シーサイド,1000,52712,1392,9905,1495
003659,小川町,300,42336,1696,10945,1885
003659,小川町,500,119695,5257,28176,4986
003659,小川町,1000,457095,25367,95334,16618
003130,北赤羽,300,1214,102,209,105
003130,北赤羽,500,3261,261,587,280
003130,北赤羽,1000,12388,635,2766,868
004025,白金高輪,300,7612,258,1749,413
004025,白金高輪,500,16991,596,3750,871
004025,白金高輪,1000,69086,2354,14627,3051
003669,新宿西口,300,65174,6359,5051,1874
003669,新宿西口,500,143273,16078,15265,4593
003669,新宿西口,1000,393983,38906,50286,13312
003200,五反野,300,1583,263,355,211
003200,五反野,500,3766,591,796,477
003200,五反野,1000,12547,1809,2047,1395
003530,田原町,300,7954,981,2051,818
003530,田原町,500,22053,2806,6770,2235
003530,田原町,1000,85049,9408,28071,8370
003833,新富町,300,28317,1215,4883,1532
003833,新富町,500,75660,3398,14063,4155
003833,新富町,1000,321339,19991,73304,14918
003703,新日本橋,300,43307,3355,13327,1951
003703,新日本橋,500,111828,7136,34936,5042
003703,新日本橋,1000,510853,23596,128677,19257
003673,曙橋,300,8195,643,1215,732
003673,曙橋,500,26783,1524,3629,1786
003673,曙橋,1000,97861,4918,14142,5842
003207,王子神谷,300,2177,133,571,151
003207,王子神谷,500,5875,359,1235,451
003207,王子神谷,1000,24666,1550,4057,1975
003862,桜上水,300,1624,143,322,159
003862,桜上水,500,3631,299,689,364
003862,桜上水,1000,11821,963,2006,1215
003692,小伝馬町,300,39182,1465,14931,1884
003692,小伝馬町,500,96662,4189,33297,5098
003692,小伝馬町,1000,351562,18679,103281,18004
004184,青物横丁,300,9306,410,1831,318
004184,青物横丁,500,24158,1023,4830,839
004184,青物横丁,1000,67306,3821,13154,2756
003176,梅島,300,2035,256,498,232
003176,梅島,500,5578,713,1114,562
003176,梅島,1000,23451,2469,4224,2048
003772,二重橋前,300,29174,1686,6170,763
003772,二重橋前,500,107836,5549,21654,2512
003772,二重橋前,1000,471483,26316,91654,11468
003632,新高円寺,300,2692,298,638,348
003632,新高円寺,500,6645,635,1436,858
003632,新高円寺,1000,22399,2279,4450,2913
003929,駒場東大前,300,1879,116,150,107
003929,駒場東大前,500,5428,295,823,341
003929,駒場東大前,1000,45320,3719,7835,2733
004309,池上,300,4503,587,797,465
004309,池上,500,7822,812,1601,825
004309,池上,1000,21727,1406,5571,2284
003323,京成立石,300,2504,396,908,369
003323,京成立石,500,6339,801,1809,846
003323,京成立石,1000,23426,1798,4920,2407
003767,千駄ヶ谷,300,6704,161,1033,309
003767,千駄ヶ谷,500,16045,434,3331,834
003767,千駄ヶ谷,1000,108219,6726,19916,6195
003245,板橋区役所前,300,5964,371,900,433
003245,板橋区役所前,500,11888,736,2045,949
003245,板橋区役所前,1000,33095,2552,6156,3115
003543,上野御徒町,300,19248,2457,5622,1498
003543,上野御徒町,500,55757,6367,15684,4101
003543,上野御徒町,1000,219156,17620,53077,12238
003133,六町,300,1111,64,329,115
003133,六町,500,3356,159,993,311
003133,六町,1000,12913,808,3442,1267
003801,銀座一丁目,300,56544,4326,15454,2158
003801,銀座一丁目,500,152301,10500,39033,5767
003801,銀座一丁目,1000,520250,38142,104271,19604
004042,泉岳寺,300,6499,164,2157,240
004042,泉岳寺,500,17401,376,5031,605
004042,泉岳寺,1000,131188,4395,31930,3098
003638,新中野,300,3753,245,750,385
003638,新中野,500,9149,591,1755,955
003638,新中野,1000,32336,2660,5718,3268
003628,東高円寺,300,1975,235,396,285
003628,東高円寺,500,5241,428,987,661
003628,東高円寺,1000,32938,2159,5232,2913
004157,西小山,300,1905,287,519,369
004157,西小山,500,5936,773,1421,941
004157,西小山,1000,24536,2312,4627,2835
003696,西新宿五丁目,300,8097,291,2771,408
003696,西新宿五丁目,500,35617,1466,5311,1176
003696,西新宿五丁目,1000,202395,10759,28017,5913
003274,お花茶屋,300,2079,217,494,272
003274,お花茶屋,500,5417,412,1132,605
003274,お花茶屋,1000,21646,1302,4151,2068
003945,梅ヶ丘,300,2827,343,590,284
003945,梅ヶ丘,500,4608,487,1000,519
003945,梅ヶ丘,1000,14415,1350,2784,1614
003337,江古田,300,2575,412,642,336
003337,江古田,500,6607,904,1519,788
003337,江古田,1000,20230,1585,3722,1882
003698,大島,300,2940,361,629,333
003698,大島,500,6558,676,1289,723
003698,大島,1000,24786,2166,5557,2482
004310,下丸子,300,3900,142,2548,207
004310,下丸子,500,9700,379,6181,569
004310,下丸子,1000,21498,992,9304,1772
003415,千石,300,3441,165,641,289
003415,千石,500,10978,521,2093,855
003415,千石,1000,38982,2805,7167,3294
003796,宝町,300,46967,1193,11466,1978
003796,宝町,500,129161,4854,31531,5339
003796,宝町,1000,504475,27281,115714,18827
004205,尾山台,300,2037,210,448,268
004205,尾山台,500,3817,349,878,511
004205,尾山台,1000,14130,1370,2998,1655
004367,雑色,300,2028,267,650,275
004367,雑色,500,5095,593,1515,713
004367,雑色,1000,23765,1225,4711,2167
004053,喜多見,300,1167,124,238,134
004053,喜多見,500,2982,312,575,328
004053,喜多見,1000,12453,1499,2563,1323
003928,潮見,300,2391,51,266,80
003928,潮見,500,6186,120,828,205
003928,潮見,1000,22027,594,3599,753
004356,大鳥居,300,2395,473,565,269
004356,大鳥居,500,6848,723,1756,609
004356,大鳥居,1000,23243,1378,5565,2004
004373,天空橋,300,763,36,43,46
004373,天空橋,500,3144,89,168,120
004373,天空橋,1000,15550,521,2632,628
003695,東大島,300,1160,80,200,96
003695,東大島,500,2728,161,790,235
003695,東大島,1000,9115,629,2524,986
003451,鷺ノ宮,300,1321,207,286,246
003451,鷺ノ宮,500,2809,342,696,469
003451,鷺ノ宮,1000,8882,775,2217,1396
004245,田園調布,300,1203,132,396,149
004245,田園調布,500,2658,249,809,362
004245,田園調布,1000,11968,1304,2944,1584
003165,志村坂上,300,8799,278,806,225
003165,志村坂上,500,17206,609,1876,534
003165,志村坂上,1000,35742,1465,6426,1693
003158,志村三丁目,300,2384,197,553,167
003158,志村三丁目,500,6295,377,1320,415
003158,志村三丁目,1000,25927,1296,4829,1586
003794,永福町,300,1686,171,329,185
003794,永福町,500,4027,412,708,429
003794,永福町,1000,13854,1223,2490,1450
003791,幡ヶ谷,300,5007,627,1024,480
003791,幡ヶ谷,500,10494,966,2065,917
003791,幡ヶ谷,1000,49761,3822,11215,3306
004050,祐天寺,300,1957,265,470,308
004050,祐天寺,500,4957,555,1004,712
004050,祐天寺,1000,24845,2641,4992,2591
003479,曳舟,300,3414,523,969,372
003479,曳舟,500,6642,919,1688,818
003479,曳舟,1000,24955,2685,6241,2978
003293,西巣鴨,300,2930,198,513,223
003293,西巣鴨,500,5860,415,1229,617
003293,西巣鴨,1000,23378,1736,5746,2651
003305,豊島園,300,1202,138,271,144
003305,豊島園,500,3564,390,872,427
003305,豊島園,1000,20288,2381,4039,2116
003419,武蔵関,300,2054,286,448,269
003419,武蔵関,500,4425,604,904,532
003419,武蔵関,1000,11667,1441,2461,1236
004012,葛西臨海公園,300,671,105,82,22
004012,葛西臨海公園,500,2508,174,369,86
004012,葛西臨海公園,1000,8514,293,1562,334
004114,不動前,300,4396,236,1286,294
004114,不動前,500,12293,626,3457,813
004114,不動前,1000,81491,4540,17352,4576
003367,新江古田,300,1657,264,396,203
003367,新江古田,500,5318,705,1164,554
003367,新江古田,1000,21500,1541,3650,1924
003845,代々木公園,300,3930,399,1178,420
003845,代々木公園,500,9525,812,2268,919
003845,代々木公園,1000,43399,3755,8071,2996
003623,若松河田,300,3991,132,340,177
003623,若松河田,500,11902,382,1023,539
003623,若松河田,1000,78143,3800,8960,3763
003985,代官山,300,9273,867,2157,874
003985,代官山,500,27856,3041,5987,2393
003985,代官山,1000,138167,13040,25114,8702
003571,蔵前,300,7539,270,2765,681
003571,蔵前,500,19889,839,7230,1762
003571,蔵前,1000,81663,6370,28829,7422
003434,千駄木,300,2125,276,435,393
003434,千駄木,500,6778,782,1108,1021
003434,千駄木,1000,34199,3732,5656,3899
004061,高輪ゲートウェイ,300,5281,173,1859,158
004061,高輪ゲートウェイ,500,25978,998,7325,605
004061,高輪ゲートウェイ,1000,140084,6196,36419,3145
004349,糀谷,300,2031,231,444,301
004349,糀谷,500,5415,556,1191,766
004349,糀谷,1000,25131,1872,5764,2820
003962,芝公園,300,25452,1650,5233,895
003962,芝公園,500,72000,4677,15371,2571
003962,芝公園,1000,249947,12000,46181,8696
003483,根津,300,2362,367,574,414
003483,根津,500,6048,746,1202,831
003483,根津,1000,40314,3875,5594,3073
003586,末広町,300,53768,1682,11546,1777
003586,末広町,500,110465,6624,24286,4376
003586,末広町,1000,322099,22748,73607,15617
003117,高島平,300,1967,336,617,169
003117,高島平,500,5060,618,1269,382
003117,高島平,1000,15940,1377,3452,1206
003233,中板橋,300,1987,207,621,317
003233,中板橋,500,5241,528,1542,762
003233,中板橋,1000,21676,1604,4919,2344
003999,辰巳,300,854,15,107,34
003999,辰巳,500,2724,66,386,112
003999,辰巳,1000,12585,558,2971,553
003349,富士見台,300,1832,221,511,256
003349,富士見台,500,3700,371,867,517
003349,富士見台,1000,10906,790,2285,1486
003702,西大島,300,3848,274,1060,285
003702,西大島,500,9762,562,2847,679
003702,西大島,1000,39312,3159,10052,3001
003619,南阿佐ヶ谷,300,4144,291,541,363
003619,南阿佐ヶ谷,500,9047,691,1365,892
003619,南阿佐ヶ谷,1000,21882,2718,4061,2712
003763,浜田山,300,1555,299,470,267
003763,浜田山,500,3279,484,912,479
003763,浜田山,1000,9943,943,2547,1244
003960,豪徳寺,300,1353,151,273,205
003960,豪徳寺,500,3957,431,800,523
003960,豪徳寺,1000,15589,1448,2789,1602
003481,東大前,300,2623,138,458,218
003481,東大前,500,8179,473,1352,697
003481,東大前,1000,45108,2565,7898,3435
003448,落合南長崎,300,2341,201,664,232
003448,落合南長崎,500,4434,368,1232,527
003448,落合南長崎,1000,15710,1067,3717,1941
004191,等々力,300,1436,167,282,162
004191,等々力,500,4002,441,775,466
004191,等々力,1000,11274,1005,2252,1330
003523,落合,300,3389,193,641,288
003523,落合,500,7523,551,1642,786
003523,落合,1000,22444,1424,4697,2458
003314,練馬高野台,300,1460,154,432,117
003314,練馬高野台,500,3774,303,946,302
003314,練馬高野台,1000,13511,938,3199,1283
004248,馬込,300,1190,104,271,163
004248,馬込,500,3444,282,810,476
004248,馬込,1000,16017,1056,4785,2030
003431,新大塚,300,7581,176,1477,463
003431,新大塚,500,18084,815,3527,1219
003431,新大塚,1000,74310,4592,11991,4511
004317,武蔵新田,300,2307,142,587,256
004317,武蔵新田,500,6940,333,2013,669
004317,武蔵新田,1000,27982,1286,10824,2245
003545,上野広小路,300,20466,2375,6002,1582
003545,上野広小路,500,59077,6110,16407,4169
003545,上野広小路,1000,225605,18168,54494,12469
003128,西台,300,2236,287,595,215
003128,西台,500,5730,666,1352,536
003128,西台,1000,18832,1644,3525,1567
003393,東長崎,300,1970,207,351,270
003393,東長崎,500,5289,436,878,617
003393,東長崎,1000,17847,1244,3851,1998
004329,矢口渡,300,2019,86,405,224
004329,矢口渡,500,5763,246,1162,638
004329,矢口渡,1000,22918,1203,4913,2263
003676,東日本橋,300,21613,654,7990,1332
003676,東日本橋,500,57791,2504,20538,3484
003676,東日本橋,1000,223487,12830,72863,13779
003193,本蓮沼,300,2400,207,613,206
003193,本蓮沼,500,6091,369,1277,476
003193,本蓮沼,1000,25185,1363,4343,1652
003268,新板橋,300,3884,343,1168,405
003268,新板橋,500,9579,816,2687,1013
003268,新板橋,1000,29121,1935,6254,2755
003709,菊川,300,3390,217,764,356
003709,菊川,500,9271,527,2183,949
003709,菊川,1000,43949,2998,11373,4157
003502,浅草,300,5569,1621,1837,720
003502,浅草,500,15675,3848,4833,2006
003502,浅草,1000,64423,8525,20852,7215
004361,羽田空港第2ターミナル,300,6788,318,297,59
004361,羽田空港第2ターミナル,500,19813,859,945,171
004361,羽田空港第2ターミナル,1000,38235,1395,1779,334
003359,三河島,300,2669,169,655,322
003359,三河島,500,8608,478,1986,944
003359,三河島,1000,37365,2504,8336,3784
003780,北参道,300,9091,327,2436,614
003780,北参道,500,27662,1041,6931,1833
003780,北参道,1000,98269,5650,21148,5548
004273,御嶽山,300,1185,116,458,166
004273,御嶽山,500,3181,248,1051,440
004273,御嶽山,1000,12070,844,2887,1545
003195,京成金町,300,3704,772,974,436
003195,京成金町,500,6927,1190,1597,796
003195,京成金町,1000,15051,1638,2647,1546
003473,野方,300,1904,384,426,322
003473,野方,500,3693,575,809,628
003473,野方,1000,11690,1180,2524,1723
003290,京成関屋,300,3163,66,168,110
003290,京成関屋,500,7397,208,493,338
003290,京成関屋,1000,23846,2213,3793,1645
003886,築地市場,300,27458,1975,4126,773
003886,築地市場,500,74574,5941,13623,2734
003886,築地市場,1000,308277,27102,54372,12268
003243,練馬春日町,300,1172,87,385,153
003243,練馬春日町,500,2476,156,677,342
003243,練馬春日町,1000,8746,752,2085,1177
003444,下井草,300,1180,108,237,157
003444,下井草,500,2850,234,566,386
003444,下井草,1000,9578,556,2025,1249
004259,雪が谷大塚,300,1993,114,317,181
004259,雪が谷大塚,500,5316,317,877,502
004259,雪が谷大塚,1000,13382,940,2710,1541
004175,上野毛,300,976,84,207,127
004175,上野毛,500,2594,204,527,323
004175,上野毛,1000,19820,1784,3635,1511
003273,堀切菖蒲園,300,1526,256,469,314
003273,堀切菖蒲園,500,3116,359,811,562
003273,堀切菖蒲園,1000,10977,647,2036,1486
004307,大森町,300,2152,243,627,239
004307,大森町,500,5901,626,1745,706
004307,大森町,1000,20729,1797,4788,2310
004261,多摩川,300,442,51,151,73
004261,多摩川,500,1165,141,328,198
004261,多摩川,1000,8512,732,1746,1109
003538,本所吾妻橋,300,4959,390,1838,403
003538,本所吾妻橋,500,13922,1444,5003,1196
003538,本所吾妻橋,1000,51089,6100,16306,5037
003706,浜町,300,12520,426,3734,762
003706,浜町,500,39107,2064,11513,2452
003706,浜町,1000,175607,12172,56331,10526
004161,戸越,300,3070,462,860,437
004161,戸越,500,8449,763,2245,1012
004161,戸越,1000,42789,2456,11585,3666
004372,羽田空港第1ターミナル,300,17427,629,1043,152
004372,羽田空港第1ターミナル,500,30112,1086,1590,245
004372,羽田空港第1ターミナル,1000,38579,1409,1787,364
003441,本駒込,300,3523,389,487,290
003441,本駒込,500,8642,758,1179,736
003441,本駒込,1000,32020,1903,5265,2860
003278,尾久,300,2474,161,672,211
003278,尾久,500,5443,333,1316,522
003278,尾久,1000,22232,1100,4354,2143
003288,牛田,300,3255,80,188,129
003288,牛田,500,7789,240,548,382
003288,牛田,1000,24707,2420,4028,1734
004364,穴守稲荷,300,4180,212,1439,207
004364,穴守稲荷,500,9265,533,2657,510
004364,穴守稲荷,1000,23454,1166,4464,1358
003426,椎名町,300,1655,174,380,244
003426,椎名町,500,4517,390,1096,648
003426,椎名町,1000,22719,1613,4340,2605
003679,中野新橋,300,2057,153,471,274
003679,中野新橋,500,5865,425,1327,770
003679,中野新橋,1000,29834,1752,6682,3060
003618,牛込柳町,300,3266,99,380,185
003618,牛込柳町,500,9672,281,997,521
003618,牛込柳町,1000,70968,2815,6222,3583
004112,台場,300,2625,941,291,103
004112,台場,500,6737,1648,1124,230
004112,台場,1000,22182,2728,4371,698
003477,京成曳舟,300,2641,347,635,298
003477,京成曳舟,500,6192,750,1522,787
003477,京成曳舟,1000,22873,2214,5161,2917
003489,新井薬師前,300,1430,186,283,253
003489,新井薬師前,500,3779,339,864,578
003489,新井薬師前,1000,22145,1849,4841,2517
004299,鵜の木,300,1260,74,267,177
004299,鵜の木,500,3418,196,718,476
004299,鵜の木,1000,16240,686,7791,1445
003471,雑司が谷,300,2572,107,479,242
003471,雑司が谷,500,7077,282,1218,584
003471,雑司が谷,1000,78380,7482,12101,4409
004155,戸越銀座,300,3820,364,1122,387
004155,戸越銀座,500,9666,768,2691,983
004155,戸越銀座,1000,44468,2878,11441,3938
003140,蓮根,300,1738,240,416,230
003140,蓮根,500,4843,512,1108,542
003140,蓮根,1000,20323,1552,4334,1672
003688,中野富士見町,300,2035,97,415,231
003688,中野富士見町,500,5633,277,1136,655
003688,中野富士見町,1000,23110,1316,4794,2636
004087,東京ビッグサイト,300,7860,276,1360,141
004087,東京ビッグサイト,500,11674,475,1937,221
004087,東京ビッグサイト,1000,20675,1276,2722,488
003442,東向島,300,1649,146,412,243
003442,東向島,500,4842,464,1219,694
003442,東向島,1000,19764,1801,4525,2580
003519,稲荷町,300,14431,1427,4066,1108
003519,稲荷町,500,37183,3537,10585,2938
003519,稲荷町,1000,118687,11879,35576,10201
003437,上井草,300,1430,82,214,148
003437,上井草,500,3308,189,429,337
003437,上井草,1000,10528,702,1693,1118
003440,井荻,300,1475,81,445,170
003440,井荻,500,3827,217,957,430
003440,井荻,1000,11471,681,2326,1312
003837,代々木八幡,300,3771,392,1090,413
003837,代々木八幡,500,9045,829,2336,932
003837,代々木八幡,1000,37150,2732,6742,2696
003376,四ツ木,300,475,39,128,103
003376,四ツ木,500,1882,78,470,323
003376,四ツ木,1000,11114,389,2315,1451
003303,京成小岩,300,1594,132,319,229
003303,京成小岩,500,3594,257,772,517
003303,京成小岩,1000,14075,1272,3175,1823
003475,沼袋,300,1152,108,246,194
003475,沼袋,500,3179,227,761,508
003475,沼袋,1000,19408,1522,3712,2262
003453,都立家政,300,1171,109,418,226
003453,都立家政,500,2795,281,868,520
003453,都立家政,1000,11456,1323,2727,1726
004244,立会川,300,1504,146,269,190
004244,立会川,500,5015,355,866,495
004244,立会川,1000,39830,2871,6856,2312
003777,西永福,300,1384,120,445,176
003777,西永福,500,3769,368,1097,461
003777,西永福,1000,10449,1200,2542,1399
003830,代田橋,300,2187,87,364,207
003830,代田橋,500,6560,533,1202,616
003830,代田橋,1000,22812,2400,4637,2325
004239,洗足池,300,755,59,189,133
004239,洗足池,500,2310,193,546,372
004239,洗足池,1000,14209,982,3096,1579
004044,白金台,300,2774,268,475,183
004044,白金台,500,7252,663,1408,511
004044,白金台,1000,47793,4107,8026,2993
003301,千住大橋,300,2044,194,747,186
003301,千住大橋,500,5172,393,1670,443
003301,千住大橋,1000,28206,3175,6657,2342
004001,市場前,300,1581,19,956,47
004001,市場前,500,4011,61,2608,167
004001,市場前,1000,16379,769,8389,861
004319,梅屋敷,300,1867,130,585,271
004319,梅屋敷,500,5997,445,1518,720
004319,梅屋敷,1000,28942,3099,5744,3039
004399,六郷土手,300,702,32,174,75
004399,六郷土手,500,3261,143,729,238
004399,六郷土手,1000,23473,1516,4642,1275
003285,下板橋,300,2355,148,612,320
003285,下板橋,500,7637,533,2025,937
003285,下板橋,1000,33688,2214,7266,3388
004285,流通センター,300,2785,16,1304,94
004285,流通センター,500,7168,32,2733,247
004285,流通センター,1000,22919,219,7438,805
004292,久が原,300,930,47,248,154
004292,久が原,500,2492,145,641,405
004292,久が原,1000,12494,804,3673,1596
003899,東松原,300,846,77,202,121
003899,東松原,500,2470,236,599,344
003899,東松原,1000,17537,2528,3943,2141
004305,千鳥町,300,1280,124,289,176
004305,千鳥町,500,3956,308,1116,480
004305,千鳥町,1000,25050,1274,10674,2071
003153,志茂,300,1426,74,208,123
003153,志茂,500,4020,181,592,375
003153,志茂,1000,21177,2262,4620,1746
004225,荏原町,300,1925,248,463,291
004225,荏原町,500,5380,680,1279,796
004225,荏原町,1000,25464,2085,6243,2860
004153,新馬場,300,3009,145,904,245
004153,新馬場,500,10647,385,3265,657
004153,新馬場,1000,92007,2768,22198,2681
003321,桜台,300,1876,208,374,261
003321,桜台,500,5216,473,1006,661
003321,桜台,1000,23980,2592,4867,2573
004232,長原,300,1876,205,554,288
004232,長原,500,4296,395,1209,587
004232,長原,1000,18973,1400,5105,1954
004247,石川台,300,1255,83,297,183
004247,石川台,500,3274,237,681,448
004247,石川台,1000,13245,852,2127,1408
003184,下赤塚,300,1382,190,400,194
003184,下赤塚,500,3635,457,994,500
003184,下赤塚,1000,10700,832,2320,1444
004034,東雲,300,2897,101,667,79
004034,東雲,500,6269,172,1198,170
004034,東雲,1000,18065,553,2653,497
003849,上北沢,300,1535,112,307,167
003849,上北沢,500,3375,205,624,339
003849,上北沢,1000,13396,857,2429,1177
003422,八広,300,1154,66,202,168
003422,八広,500,2780,186,531,431
003422,八広,1000,11489,717,2176,1752
003277,上中里,300,1193,37,170,116
003277,上中里,500,4782,169,772,401
003277,上中里,1000,21240,1182,4088,2052
004180,洗足,300,1985,87,408,150
004180,洗足,500,4598,265,938,452
004180,洗足,1000,21836,1625,3727,2243
003832,芦花公園,300,1476,114,407,163
003832,芦花公園,500,4886,522,1273,523
003832,芦花公園,1000,18198,1808,3796,1785
004079,高輪台,300,5025,699,556,268
004079,高輪台,500,16672,2285,1942,830
004079,高輪台,1000,118648,9097,23969,4091
003060,見沼代親水公園,300,566,39,124,81
003060,見沼代親水公園,500,2037,136,421,261
003060,見沼代親水公園,1000,8744,421,1689,1049
003775,国立競技場,300,4568,144,279,98
003775,国立競技場,500,13194,396,2125,536
003775,国立競技場,1000,78862,3450,16520,4443
003602,牛込神楽坂,300,8039,930,967,626
003602,牛込神楽坂,500,22062,2393,2598,1624
003602,牛込神楽坂,1000,104161,6370,13867,5787
004268,大森海岸,300,11445,587,3374,402
004268,大森海岸,500,27099,1532,7405,1032
004268,大森海岸,1000,63766,4640,14389,3430
004186,戸越公園,300,2053,143,496,300
004186,戸越公園,500,5255,396,1298,797
004186,戸越公園,1000,26939,1981,6459,3306
004091,お台場海浜公園,300,5827,401,1157,140
004091,お台場海浜公園,500,13182,1136,2569,318
004091,お台場海浜公園,1000,26240,3166,4439,750
003177,青井,300,1362,87,121,99
003177,青井,500,3212,244,412,289
003177,青井,1000,13746,1243,2522,1416
003778,参宮橋,300,3677,114,673,209
003778,参宮橋,500,10706,323,1927,591
003778,参宮橋,1000,103850,4994,17930,4496
003787,桜田門,300,19258,102,147,85
003787,桜田門,500,49277,555,1966,544
003787,桜田門,1000,252752,12024,25669,6550
003736,富士見ヶ丘,300,822,90,116,114
003736,富士見ヶ丘,500,2262,208,238,260
003736,富士見ヶ丘,1000,11671,809,1903,1086
003104,西高島平,300,1043,8,78,60
003104,西高島平,500,2920,51,299,178
003104,西高島平,1000,9043,343,1579,711
003171,江北,300,1692,181,431,111
003171,江北,500,4024,427,973,321
003171,江北,1000,13320,1180,2824,1355
003355,鐘ヶ淵,300,905,51,118,147
003355,鐘ヶ淵,500,2596,135,348,398
003355,鐘ヶ淵,1000,9936,520,1652,1273
004181,荏原中延,300,2409,219,592,376
004181,荏原中延,500,6593,631,1586,992
004181,荏原中延,1000,28010,2436,5874,3436
004216,九品仏,300,1677,223,377,223
004216,九品仏,500,5091,678,1181,642
004216,九品仏,1000,20335,2493,5274,2507
003150,大師前,300,1620,138,288,201
003150,大師前,500,4291,397,796,532
003150,大師前,1000,18706,2071,4469,1948
003144,西新井大師西,300,1774,189,406,138
003144,西新井大師西,500,4062,419,991,369
003144,西新井大師西,1000,15215,1340,3491,1571
004223,奥沢,300,2960,487,901,387
004223,奥沢,500,7306,1170,2159,943
004223,奥沢,1000,22509,3258,5685,2901
003491,下落合,300,1915,69,168,181
003491,下落合,500,5923,312,698,544
003491,下落合,1000,38802,3278,6081,3427
003525,小村井,300,2333,116,542,230
003525,小村井,500,6694,312,1192,598
003525,小村井,1000,23405,1274,4572,2325
003120,谷在家,300,1015,32,263,142
003120,谷在家,500,2784,98,697,369
003120,谷在家,1000,12063,699,2655,1332
003938,神泉,300,24553,2805,2444,1154
003938,神泉,500,64152,8120,7742,3134
003938,神泉,1000,190106,20197,26829,8968
003859,越中島,300,1395,103,290,127
003859,越中島,500,6168,448,1020,468
003859,越中島,1000,56231,3161,11082,2677
003209,扇大橋,300,1106,56,273,106
003209,扇大橋,500,2332,115,497,262
003209,扇大橋,1000,7748,404,1561,945
003981,新豊洲,300,412,17,39,29
003981,新豊洲,500,3107,63,969,102
003981,新豊洲,1000,53619,1774,12476,954
003315,北池袋,300,1393,60,199,181
003315,北池袋,500,6982,269,1014,665
003315,北池袋,1000,60221,5233,11082,4664
004279,沼部,300,531,44,137,72
004279,沼部,500,1652,145,398,231
004279,沼部,1000,10898,906,2542,1384
004210,緑が丘,300,1214,102,220,136
004210,緑が丘,500,4700,463,932,469
004210,緑が丘,1000,20166,2468,4593,2459
003311,新桜台,300,1446,140,331,203
003311,新桜台,500,4005,388,914,539
003311,新桜台,1000,18363,1740,4020,2034
004220,鮫洲,300,3522,229,548,215
004220,鮫洲,500,13744,720,2112,632
004220,鮫洲,1000,68518,4499,12256,2916
003931,世田谷代田,300,1681,353,526,222
003931,世田谷代田,500,5364,1151,1612,700
003931,世田谷代田,1000,18923,3040,5028,2505
003078,舎人,300,848,43,196,98
003078,舎人,500,2391,115,488,256
003078,舎人,1000,10342,680,2375,966
003112,新高島平,300,1433,163,413,142
003112,新高島平,500,3805,397,1123,330
003112,新高島平,1000,12513,912,2541,914
004017,松陰神社前,300,2697,260,506,299
004017,松陰神社前,500,6611,478,1036,610
004017,松陰神社前,1000,17688,1096,2627,1805
003266,熊野前,300,1765,87,284,184
003266,熊野前,500,4747,205,833,480
003266,熊野前,1000,16714,1127,3382,1972
004188,下神明,300,3174,120,684,231
004188,下神明,500,9076,370,2117,658
004188,下神明,1000,49738,3864,12774,3379
004144,テレコムセンター,300,4310,31,859,158
004144,テレコムセンター,500,7761,105,1428,286
004144,テレコムセンター,1000,15627,836,2857,573
003239,王子駅前,300,3123,365,444,222
003239,王子駅前,500,9408,921,1322,673
003239,王子駅前,1000,27824,1749,3951,2139
003914,池ノ上,300,1778,246,348,232
003914,池ノ上,500,4345,588,881,550
003914,池ノ上,1000,20381,3015,4372,2426
004064,有明,300,2719,111,318,41
004064,有明,500,8878,437,1324,174
004064,有明,1000,24961,1284,4030,631
004125,北品川,300,9005,277,1527,306
004125,北品川,500,38391,1555,9126,1026
004125,北品川,1000,164677,8110,45510,3803
003279,西ヶ原,300,2159,44,185,141
003279,西ヶ原,500,5241,138,515,378
003279,西ヶ原,1000,21134,1314,3731,2110
004037,有明テニスの森,300,1487,347,865,127
004037,有明テニスの森,500,3833,555,2163,256
004037,有明テニスの森,1000,21196,1036,6790,806
004020,上町,300,1760,85,366,206
004020,上町,500,3771,244,673,466
004020,上町,1000,16004,1242,2417,1642
003901,新代田,300,1830,374,509,247
003901,新代田,500,5779,1231,1591,783
003901,新代田,1000,18759,3105,4703,2529
003232,柴又,300,1079,72,309,186
003232,柴又,500,2724,177,673,415
003232,柴又,1000,8882,565,1800,1146
003299,町屋駅前,300,2389,463,408,329
003299,町屋駅前,500,6217,971,1020,818
003299,町屋駅前,1000,21706,1713,3736,2578
004323,蓮沼,300,4320,299,860,387
004323,蓮沼,500,11252,1252,2141,1017
004323,蓮沼,1000,49691,5338,8592,3868
003880,東北沢,300,1248,166,243,212
003880,東北沢,500,4289,542,827,614
003880,東北沢,1000,25207,3431,5703,2735
003378,大塚駅前,300,11506,1386,2505,943
003378,大塚駅前,500,26072,2335,5142,1895
003378,大塚駅前,1000,75509,5420,13302,4983
003548,東あずま,300,2576,122,466,192
003548,東あずま,500,6510,300,1211,517
003548,東あずま,1000,23951,1560,4701,2227
003957,山下,300,1398,136,271,199
003957,山下,500,3976,427,808,523
003957,山下,1000,15011,1501,2848,1600
004127,大崎広小路,300,21915,1069,4575,1022
004127,大崎広小路,500,56897,2419,13242,2118
004127,大崎広小路,1000,167847,6977,44418,5932
003996,若林,300,1471,98,298,146
003996,若林,500,4713,325,815,480
003996,若林,1000,22571,1713,3567,2172
004021,世田谷,300,2443,238,486,311
004021,世田谷,500,5903,443,942,630
004021,世田谷,1000,16173,1012,2410,1635
004212,北千束,300,982,36,152,119
004212,北千束,500,3416,184,642,379
004212,北千束,1000,20181,1572,3644,2028
003196,高野,300,1117,74,212,124
003196,高野,500,3260,220,696,331
003196,高野,1000,9854,673,1915,1133
003224,小菅,300,690,6,86,46
003224,小菅,500,1884,36,252,140
003224,小菅,1000,10410,1203,2024,1223
003331,江戸川,300,382,46,79,59
003331,江戸川,500,1401,142,264,197
003331,江戸川,1000,7781,571,1498,986
003339,新三河島,300,2403,110,530,299
003339,新三河島,500,6519,311,1428,810
003339,新三河島,1000,32895,2410,6317,3535
004312,昭和島,300,866,3,101,51
004312,昭和島,500,2522,11,293,146
004312,昭和島,1000,15104,138,2524,830
003098,舎人公園,300,491,10,228,31
003098,舎人公園,500,1769,43,732,124
003098,舎人公園,1000,10613,624,2653,939
003298,赤土小学校前,300,1865,92,429,292
003298,赤土小学校前,500,5462,296,1126,761
003298,赤土小学校前,1000,25597,1703,4775,2780
003244,新柴又,300,841,69,274,110
003244,新柴又,500,2138,167,630,308
003244,新柴又,1000,8146,564,1908,1142
003958,竹芝,300,17045,455,1868,257
003958,竹芝,500,44642,1181,4889,687
003958,竹芝,1000,152569,5149,28335,4406
004030,芝浦ふ頭,300,5397,88,883,151
004030,芝浦ふ頭,500,16449,309,3082,441
004030,芝浦ふ頭,1000,95723,1787,19317,2159
003610,亀戸水神,300,2123,139,374,184
003610,亀戸水神,500,7449,640,1463,626
003610,亀戸水神,1000,31668,2578,6736,2667
004393,新整備場,300,1422,7,6,10
004393,新整備場,500,6953,139,251,61
004393,新整備場,1000,31117,962,1514,311
003297,堀切,300,1404,36,160,78
003297,堀切,500,3008,62,293,170
003297,堀切,1000,13438,466,1413,969
003989,宮の坂,300,614,45,78,78
003989,宮の坂,500,2765,223,479,333
003989,宮の坂,1000,18024,1838,3093,1841
003750,南新宿,300,21400,896,3013,840
003750,南新宿,500,61902,3275,8960,2470
003750,南新宿,1000,245747,19461,40554,9111
003436,東池袋四丁目,300,6569,473,1028,412
003436,東池袋四丁目,500,25037,1743,3610,1369
003436,東池袋四丁目,1000,132923,12845,21562,6967
003235,足立小台,300,806,16,261,32
003235,足立小台,500,2371,45,694,107
003235,足立小台,1000,9714,370,1850,948
004128,東京国際クルーズターミナル,300,792,109,176,39
004128,東京国際クルーズターミナル,500,4006,474,897,183
004128,東京国際クルーズターミナル,1000,23652,2614,4694,771
003252,荒川車庫前,300,2186,75,526,206
003252,荒川車庫前,500,6032,263,1405,582
003252,荒川車庫前,1000,17431,874,3360,1793
003370,三ノ輪橋,300,2667,344,716,346
003370,三ノ輪橋,500,7034,674,1699,833
003370,三ノ輪橋,1000,27353,1932,6178,2998
003255,小台,300,1654,121,246,205
003255,小台,500,4817,337,705,566
003255,小台,1000,17402,816,3602,1891
003514,早稲田,300,2081,264,309,227
003514,早稲田,500,6110,639,834,569
003514,早稲田,1000,51379,3837,4904,3131
003915,松原,300,676,41,254,104
003915,松原,500,2486,263,638,333
003915,松原,1000,13680,1492,2733,1550
003259,宮ノ前,300,2142,79,198,175
003259,宮ノ前,500,5313,246,695,492
003259,宮ノ前,1000,16354,819,3383,1872
003310,新庚申塚,300,1919,116,390,212
003310,新庚申塚,500,5337,332,1090,581
003310,新庚申塚,1000,25976,2149,6141,2891
003246,梶原,300,2460,50,510,223
003246,梶原,500,5679,217,1099,504
003246,梶原,1000,22880,1326,4020,1934
003468,鬼子母神前,300,2311,107,440,236
003468,鬼子母神前,500,7058,285,1189,598
003468,鬼子母神前,1000,81722,7991,12865,4528
003289,西ヶ原四丁目,300,1459,98,219,200
003289,西ヶ原四丁目,500,4528,253,795,537
003289,西ヶ原四丁目,1000,22781,1502,4482,2306
004119,青海,300,3189,382,765,96
004119,青海,500,9424,1098,2231,280
004119,青海,1000,28782,2744,5493,905
003319,庚申塚,300,1587,99,367,221
003319,庚申塚,500,5934,399,1366,684
003319,庚申塚,1000,37428,3339,8007,3515
003979,日の出,300,13042,305,2253,176
003979,日の出,500,38342,882,6106,755
003979,日の出,1000,160551,5072,26536,4390
003254,荒川遊園地前,300,1718,133,358,227
003254,荒川遊園地前,500,5128,369,1115,624
003254,荒川遊園地前,1000,17836,799,3404,1870
004348,整備場,300,4052,39,83,80
004348,整備場,500,8531,124,565,209
004348,整備場,1000,20466,558,3401,883
003490,学習院下,300,5558,181,710,324
003490,学習院下,500,13810,527,1787,836
003490,学習院下,1000,51485,4032,6701,3804
003350,荒川区役所前,300,3401,63,468,231
003350,荒川区役所前,500,7626,213,1179,622
003350,荒川区役所前,1000,26074,1694,5633,2810
003276,滝野川一丁目,300,1328,33,110,170
003276,滝野川一丁目,500,5039,228,491,482
003276,滝野川一丁目,1000,22827,1477,3515,1994
003284,東尾久三丁目,300,1387,157,280,236
003284,東尾久三丁目,500,4196,530,862,684
003284,東尾久三丁目,1000,20207,1662,4012,2534
003407,向原,300,13429,937,2181,717
003407,向原,500,38058,2699,6104,2011
003407,向原,1000,113180,9307,18403,6382
003351,巣鴨新田,300,4323,410,963,446
003351,巣鴨新田,500,15049,1515,3167,1316
003351,巣鴨新田,1000,72396,5443,12642,4768
003443,都電雑司ヶ谷,300,7333,539,1034,433
003443,都電雑司ヶ谷,500,23641,1707,3276,1324
003443,都電雑司ヶ谷,1000,128157,14401,21558,6635
003256,飛鳥山,300,2508,189,231,172
003256,飛鳥山,500,7071,522,657,486
003256,飛鳥山,1000,26557,1750,3872,2172
003322,荒川二丁目,300,3175,49,183,186
003322,荒川二丁目,500,7250,259,729,556
003322,荒川二丁目,1000,23923,1816,4557,2644
003509,面影橋,300,2351,146,394,241
003509,面影橋,500,10069,662,1307,845
003509,面影橋,1000,52049,3605,5915,3324
003253,栄町,300,2139,215,280,150
003253,栄町,500,7069,516,949,496
003253,栄町,1000,26642,1673,4121,2162
003291,町屋二丁目,300,2238,484,439,336
003291,町屋二丁目,500,5034,815,1032,781
003291,町屋二丁目,1000,21420,1819,4064,2728
004006,西太子堂,300,2311,292,400,300
004006,西太子堂,500,10474,1204,1595,931
004006,西太子堂,1000,31889,3100,5370,2858
003357,荒川一中前,300,2432,178,603,269
003357,荒川一中前,500,7083,477,1623,759
003357,荒川一中前,1000,27476,1728,6030,2887
003306,荒川七丁目,300,2483,270,259,262
003306,荒川七丁目,500,6185,677,763,677
003306,荒川七丁目,1000,21986,1688,3822,2433
003524,とうきょうスカイツリー,300,6767,1413,2449,566
003524,とうきょうスカイツリー,500,14516,2056,4785,1201
003524,とうきょうスカイツリー,1000,43763,4522,13047,4264
003488,上野動物園東園,300,1464,212,173,113
003488,上野動物園東園,500,6810,1125,1205,595
003488,上野動物園東園,1000,66617,8133,14287,5048
003497,上野動物園西園,300,2251,428,370,157
003497,上野動物園西園,500,8957,1666,1618,668
003497,上野動物園西園,1000,84309,9084,18950,6137
_area,対象地域全体,0,8445136,592716,1667738,507580
